id,name,gender,dob,dobp,dod,dodp,image,enwiki
Q100230925,Vít Vomáčka,male,1960-01-17,11,,,,
Q100268449,Jaroslav Chalupský,male,1974-04-27,11,,,Jaroslav Chalupský.jpg,Jaroslav Chalupský
Q100324280,Simona Luftová,female,1973-03-05,11,,,,
Q100324290,Tomáš Fiala,male,1957-03-25,11,,,Tomáš Fiala.jpg,
Q100820266,Patrik Hujdus,male,1977-04-03,11,,,,
Q100824625,Petr Letocha,male,1984-02-20,11,,,,
Q100825776,Jiří Navrátil,male,1977-06-13,11,,,,
Q100828934,Michael Rataj,male,1969-09-28,11,,,,
Q100830154,Jan Síla,male,1950-03-01,11,,,,
Q100832242,Michaela Šebelová,female,1982-06-16,11,,,,
Q101208498,Luděk Štíbr,male,1958-11-13,11,,,,
Q102415214,Zdeňka Dvořáková Kocourková,female,1982,9,,,Zdeňka Dvořáková Kocourková 20 November 2020.jpg,
Q103292802,Jiří Anděl,male,1958-02-13,11,,,,
Q10379783,Adam Rykala,male,1986-09-03,11,,,,
Q10380039,Hassan Mezian,male,1947-08-05,11,,,Hassan Mezian in 2012.JPG,
Q10380628,Zdeněk Brož,male,1957-05-03,11,,,Zdeněk Brož in 2012.jpg,
Q10389200,Vojtěch Adam,male,1950-09-12,11,,,Vojtěch Adam KSČM.jpg,Vojtěch Adam
Q10389271,Jan Babor,male,1948-11-04,11,,,Jan Babor.JPG,
Q104123076,Petr Fiala,male,1968-11-24,11,,,Pfiala22b.jpg,
Q104123083,Pavel Hečko,male,1966-11-05,11,2021-03-24,11,,
Q104123087,Tomáš Hocke,male,1975,9,,,,
Q104123360,Petr Kunc,male,,,,,Kunc MG 4672-4-1536x1536.jpg,
Q104123386,Tomáš Müller,male,1966-04-28,11,,,,
Q104123451,Róbert Teleky,male,1967-06-30,11,,,,
Q104123572,Petr Tulpa,male,1958,9,,,,
Q104124233,Jana Berkovcová,male,1969,9,,,,
Q104124241,Dana Kracíková,female,1961-02-27,11,,,,
Q104124252,Andrea Nádravská,male,1969-04-25,11,,,,
Q1046372,Džamila Stehlíková,female,1962-02-06,11,,,Dzamila Stehlikova.JPG,Džamila Stehlíková
Q104762434,Zdeněk Plecitý,male,,,,,,
Q104807111,Jaroslava Puntová,female,1957-12-20,11,,,,
Q104831252,Klára Kocmanová,female,1992-11-05,11,,,Klára Kocmanová 15 November 2021.jpg,
Q10498553,Štěpánka Fraňková,female,1965-06-30,11,,,Fraňková Štěpánka.jpg,
Q105080153,Miroslav Samaš,male,1966-06-12,11,,,Miroslav Samaš.jpg,
Q105324304,Jan Berki,male,1981-09-20,11,,,Jan Berki (cropped).jpg,
Q105403360,Antonín Jalovec,male,1972,9,,,,
Q10545470,Jiří Karas,male,1942-07-30,11,,,Jiří Karas.jpg,
Q10545658,Jaroslav Plachý,male,1952-03-04,11,,,,
Q10547432,Tomáš Hudeček,male,1979-05-10,11,,,Tomáš Hudeček prosinec 2013.JPG,Tomáš Hudeček
Q10547715,Vladimír Plaček,male,1965-05-29,11,2018-08-02,11,Vladimir Placek in 2012.JPG,Vladimír Plaček
Q105839506,Libor Hoppe,male,1962-11-15,11,,,,
Q106169830,Alena Šírová,female,1968-08-13,11,,,,
Q106193137,Jan Kuchař,male,1974-05-18,11,,,,
Q106465267,Štefan Drozd,male,1964-12-28,11,,,,
Q106492664,Jakub Kulhánek,male,1984-06-30,11,,,Jakub Kulhánek 2014.png,
Q106870250,Renáta Zajíčková,female,1967-08-17,11,,,,
Q106962364,Tom Philipp,male,1968,9,,,Tom Philipp.jpg,
Q107009639,Vratislav Rubeš,male,1966-05-19,11,,,,
Q10708875,Adolf Jílek,male,1949-03-19,11,2020-01-18,11,,
Q107105777,Eliška Olšáková,female,1968-06-29,11,,,Eliska Olsaková profilova fotka.jpg,
Q107391264,Igor Stříž,male,1964-09-15,11,,,,
Q107548754,Jiří Horák,male,1984-07-24,11,,,J. Horak.png,
Q107685368,Blanka Lednická,female,1980-11-07,11,,,,
Q10769147,Alena Dernerová,female,1958-09-13,11,,,Alenka portrét 045.jpg,Alena Dernerová
Q10769543,Alena Palečková,female,1947-04-28,11,,,AlenaPaleckova rozhovor NTD.jpg,Alena Palečková
Q10769611,Alena Páralová,female,1948-08-11,11,,,,
Q10769647,Alena Svobodová,female,1948-01-04,11,,,,
Q10769666,Alena Venhodová,female,1953-12-28,11,,,,
Q10771346,Alexander Černý,male,1953-05-21,11,,,,
Q10772081,Alexandr Novák,male,1956-02-11,11,,,,
Q10774355,Aleš Rozehnal,male,1952-11-27,11,,,,
Q10774373,Aleš Roztočil,male,1953-05-10,11,,,,
Q10774386,Aleš Rádl,male,1966-04-13,11,,,,
Q107751741,Libor Turek,male,1971-02-05,11,,,,
Q10775703,Alfréd Michalík,male,1944-08-25,11,,,Alfréd Michalík 2013.JPG,
Q108056939,Josef Soumar,male,1985-08-07,11,,,Josef Soumar 9 April 2021.jpg,
Q108057136,Eva Decroix,female,1982-05-26,11,,,,
Q108128858,Romana Bělohlávková,female,1965-01-26,11,,,"Romana Bělohlávková, Poslanecká sněmovna Parlamentu ČR.jpg",
Q108168316,Václav Král,male,1980-03-25,11,,,,
Q10817760,Rostislav Harazin,male,1953-09-10,11,,,,
Q10817784,Jaroslav Palas,male,1952-10-02,11,,,Jaroslav Palas 2.jpg,
Q10819807,Andrej Babiš,male,1954-09-02,11,,,Andrej Babiš v roce 2020.jpg,Andrej Babiš
Q10820075,Andrej Grega,male,1950-09-12,11,,,,
Q10839149,Walter Bartoš,male,1961-04-23,11,,,WalterBartos.jpg,
Q10853438,Anna Putnová,female,1960-07-24,11,,,Anna putnova.jpg,
Q10853483,Anna Čurdová,female,1962-04-19,11,,,,
Q10854001,Antonín Macháček,male,1951-06-05,11,,,,
Q10854016,Antonín Maštalíř,male,1953-04-19,11,,,,
Q10854062,Antonín Peltrám,male,1930-11-03,11,2020-04-23,11,,
Q10854063,Antonín Petráš,male,1941-01-02,11,,,,
Q10854102,Antonín Seďa,male,1960-12-12,11,,,,
Q10854130,Antonín Sýkora,male,1943-04-11,11,,,,
Q10854133,Antonín Tesařík,male,1960-07-15,11,,,Tesarik antonin.jpg,
Q10854186,Antonín Zralý,male,1944-02-18,11,,,,
Q10856980,Yvona Jungová,female,1956-01-03,11,,,,
Q10856981,Yvona Kubjátová,female,1969-09-10,11,,,,
Q10857402,Zbyněk Novotný,male,1967-01-09,11,,,,
Q10857406,Zbyněk Stanjura,male,1964-02-15,11,,,ZbynekStanjura.jpg,Zbyněk Stanjura
Q10857462,Zdenka Dopitová,female,1948-12-31,11,,,,
Q10857487,Zdeněk Berka,male,1951-01-03,11,,,Zdenek Berka in 2012.JPG,
Q10857488,Zdeněk Besta,male,1948-05-02,11,,,,
Q10857490,Zdeněk Bezecný,male,1971-12-01,11,,,Bezecný Zdeněk.jpg,
Q10857495,Zdeněk Boháč,male,1958-03-11,11,,,,
Q10857502,Zdeněk Bárta,male,1949-03-22,11,,,Zdeněk-Bárta2011b.jpg,
Q10857513,Zdeněk Dufek,male,1978-07-12,11,,,"JUDr. Ing.Zdenek Dufek, Ph.D. portret.jpg",
Q10857546,Zdeněk Janalík,male,1960-02-13,11,,,,
Q10857552,Zdeněk Jirásek,male,1957-09-27,11,,,,
Q10857555,Zdeněk Jičínský,male,1929-02-26,11,2020-04-09,11,Zdeněk Jičínský.jpg,Zdeněk Jičínský
Q10857569,Zdeněk Klanica,male,1938-11-28,11,2014-07-29,11,,
Q10857570,Zdeněk Klausner,male,1947-11-16,11,,,,
Q10857579,Zdeněk Kotouš,male,1966-08-28,11,,,,
Q10857582,Zdeněk Kořistka,male,1957-07-24,11,,,,
Q10857605,Zdeněk Lhota,male,1967-12-08,11,,,,
Q10857621,Zdeněk Maršíček,male,1956-06-30,11,,,,
Q10857649,Zdeněk Pavlík,male,1953-12-04,11,,,Zdenek Pavlik.jpg,
Q10857671,Zdeněk Prosek,male,1950-11-23,11,,,,
Q10857687,Zdeněk Schwarz,male,1963-05-15,11,,,,
Q10857736,Zdeněk Vojíř,male,1937-06-10,11,2007-02-20,11,,
Q10857794,Zdeněk Švrček,male,1956-03-18,11,,,,
Q10857826,Zdeňka Horníková,female,1952-12-06,11,,,,
Q10857836,Zdeňka Stránská,female,1949-09-01,11,,,,
Q10861533,Zuzana Domesová,female,1948-11-29,11,,,Domesova.jpg,
Q10861552,Zuzana Moravčíková,female,1957-06-09,11,,,,
Q10861579,Zuzka Bebarová-Rujbrová,female,1951-01-13,11,,,"Zuzka Bebarová-Rujbrová, EP election campaign, Brno.jpg",Zuzka Bebarová-Rujbrová
Q108749591,Martin Hájek,male,1970-04-22,11,,,,
Q108853191,Milada Voborská,female,1972-07-25,11,,,,
Q108854886,Petr Fifka,male,1967-01-27,11,,,"Petr Fifka, poslanec ODS.jpg",
Q108872635,Michal Zuna,male,1982-01-09,11,,,,
Q108872636,Lubomír Brož,male,1966-05-12,11,,,,
Q108872637,Oldřich Černý,male,1965-09-10,11,,,,Oldřich Černý
Q108872638,Jiří Havránek,male,1992-12-23,11,,,,
Q108872639,Jan Hofmann,male,1985-08-20,11,,,,
Q108872640,Jiří Slavík,male,1968-09-13,11,,,,
Q108872641,Martin Exner,male,1963-12-20,11,,,,
Q108872642,Barbora Urbanová,female,1991-09-26,11,,,,
Q108872643,Romana Fischerová,female,1969-03-18,11,,,,
Q108872644,Tomáš Helebrant,male,1974-01-02,11,,,HELEBRANT Tomas ANO.jpg,
Q108872645,Iveta Štefanová,female,1983-11-27,11,,,,Iveta Štefanová
Q108872646,Pavla Pivoňka Vaňková,female,1976-10-31,11,,,,
Q108872647,Marie Pošarová,female,1980-01-05,11,,,,Marie Pošarová
Q108872648,Hubert Lang,male,1969-09-29,11,,,,
Q108872649,Zdeněk Kettner,male,1974-02-04,11,,,,Zdeněk Kettner
Q108872650,Berenika Peštová,female,1971-09-19,11,,,,
Q108872651,Lucie Potůčková,female,1975-09-01,11,,,,
Q108872652,Martina Ochodnická,female,1983-12-19,11,,,,
Q108872653,Pavel Kašník,male,1964-08-06,11,,,,
Q108872654,Miroslav Zborovský,male,1980-04-13,11,,,,
Q108872655,Marie Jílková,female,1977-06-09,11,,,Marie Jílková.jpg,
Q108872656,Josef Flek,male,1988-03-12,11,,,,
Q108872657,Lubomír Wenzl,male,1968-09-23,11,,,,
Q108872658,Lenka Knechtová,female,1975-06-01,11,,,,
Q108872659,Karel Smetana,male,1988-09-25,11,,,,
Q108872660,Michael Kohajda,male,1981-01-23,11,,,,
Q108872661,Vladimír Zlínský,male,1964-05-29,11,,,,Vladimír Zlínský
Q108875738,Tomáš Dubský,male,1973-07-21,11,,,,
Q109066703,Lukáš Vágner,male,1980-11-26,11,,,,
Q109134916,Patrik Pizinger,male,,,,,,
Q109562595,Jan Váňa,male,1956-03-03,11,,,,
Q109615190,Zdeněk Nekula,male,1970-02-09,11,,,,Zdeněk Nekula
Q109802768,Jozef Síkela,male,1967-06-17,11,,,,Jozef Síkela
Q110234953,Jana Kotalíková,female,1984-11-15,11,,,,
Q110608620,Bohuslav Hudec,male,1987,9,,,,
Q110626499,Jarmila Levko,female,1969-05-14,11,,,,
Q110629674,Zdeněk Tůma,male,1958,9,2022-01-02,11,,
Q110656573,Markéta Červinková,female,1997-04-24,11,,,,
Q110826829,Jana Leitnerová,female,1987-06-13,11,,,,
Q110917994,Rudolf Špoták,male,1983-09-15,11,,,,
Q111359580,Pavla Štrobachová,female,1960-06-30,11,,,,
Q111599270,Lubomír Poul,male,,,,,,
Q111599275,Ivan Přikryl,male,,,,,,
Q111599276,Aleš Šulc,male,,,,,,
Q11218590,Bohumil Kulhánek,male,1941-08-26,11,2005-10-20,11,,
Q11219665,Bohumil Čada,male,1940-03-02,11,,,,
Q11221230,Bohuslav Záruba,male,1940-04-19,11,,,,
Q11231118,Boris Šťastný,male,1970-04-08,11,,,Boris Stastny.jpg,
Q11239958,Bořivoj Šarapatka,male,1959-07-01,11,,,,
Q11241053,Božena Sekaninová,female,1957,9,,,Božena Sekaninová.jpg,
Q112632350,Martin Herman,male,1969-12-02,11,,,,
Q112845022,Jarmila Smotlachová,female,1966-07-21,11,,,Jarmila Smotlachová.jpg,
Q113138138,Irena Matonohová,female,1973-03-28,11,,,,
Q113325752,Jakub Rejzek,male,1978-10-17,11,,,Jakub Rejzek.jpg,
Q113502747,Martin Kákona,male,1967-03-11,11,,,,
Q11685867,Ondřej Feber,male,1951-12-19,11,,,Ondřej Feber.jpg,
Q11693092,David Vodrážka,male,1971-03-23,11,,,David Vodrážka.jpg,
Q11706882,Břetislav Petr,male,1937-01-07,11,2019-02-21,11,Břetislav Petr 2013.JPG,
Q11711468,Igor Petrov,male,1959-05-07,11,,,,
Q11727281,Jiří Vyvadil,male,1954-08-02,11,,,,
Q11763138,Lubomír Franc,male,1953-08-28,11,,,Lubomir Franc in 2012.JPG,
Q11773858,Cyril Zapletal,male,1949-07-15,11,,,Cyril Zapletal.jpg,
Q11774059,Dagmar Lastovecká,female,1951-06-24,11,,,Lastovecka 2018.jpg,
Q11774061,Dagmar Mocová,female,1947-05-06,11,,,,
Q11774063,Dagmar Molendová,female,1957-03-14,11,,,,
Q11774064,Dagmar Navrátilová,female,1966-07-18,11,,,Dagmar Navrátilová.jpg,Dagmar Navrátilová
Q11774070,Dagmar Terelmešová,female,1969-10-31,11,,,,
Q11774071,Dagmar Zvěřinová,female,1953-10-22,11,,,,
Q11774116,Dalibor Matulka,male,1953-07-12,11,,,,
Q11774160,Dan Jiránek,male,1963-08-19,11,,,Victory ceremony W at TNT - Fortuna Meeting in Kladno 16June2010 198 (cropped).jpg,
Q11774172,Dana Drábová,female,1961-06-03,11,,,Dana drabova sujb.jpg,
Q11774173,Dana Filipi,female,1970-02-02,11,,,Dana Filipi 2010.JPG,
Q11774191,Dana Váhalová,female,1966-05-28,11,,,,
Q11774222,Daniel Korte,male,1953-02-26,11,,,Daniel-Korte.jpg,
Q11774224,Daniel Kroupa,male,1949-01-06,11,,,Daniel Kroupa Praha.JPG,
Q11774232,Daniel Petruška,male,1971-11-11,11,,,,
Q11774235,Daniel Reisiegel,male,1973-06-11,11,,,,
Q11774236,Daniel Rovan,male,1964-01-26,11,,,,
Q11774359,David Kafka,male,1948-06-11,11,,,,
Q11774367,David Kádner,male,1976-10-12,11,,,David Kádner.jpg,
Q11774430,David Šeich,male,1976-12-09,11,,,David Seich.JPG,
Q11774431,David Šimek,male,1977-03-21,11,,,David simek 122021.jpg,
Q11775134,Tomáš Czernin,male,1962-03-04,11,,,Tomáš Czernin in 2016.jpg,
Q11775183,Pavel Pavlík,male,1947,9,,,,
Q11775207,Jiří Rozbořil,male,1962-02-16,11,,,Jirirozboril.jpg,
Q11775893,Luděk Jeništa,male,1961-08-08,11,,,Ludek Jenista in 2012.JPG,
Q11797891,Olga Sehnalová,female,1968-10-25,11,,,"Sehnalová, Olga-2526.jpg",Olga Sehnalová
Q11815947,Petr Gawlas,male,1962-01-26,11,,,,
Q11815951,Petr Jalowiczor,male,1973-11-15,11,2012-02-07,11,,
Q11815961,Petr Vícha,male,1963-09-25,11,,,Petr Vicha in 2012.JPG,
Q11815963,Petr Zgarba,male,1959-09-18,11,,,,
Q11834951,Robert Dušek,male,1967-03-14,11,,,,Robert Dušek
Q11836293,Dušan Tešnar,male,1945-12-05,11,,,,
Q11862967,Miroslav Plevný,male,1965-10-12,11,,,,
Q11873764,Eduard Matykiewicz,male,1946-12-08,11,,,,
Q11874384,Eduard Vávra,male,1943-08-02,11,2017-03-20,11,,
Q11874424,Eduard Zeman,male,1948-04-11,11,2017-06-25,11,,Eduard Zeman
Q11874943,Edvard Outrata,male,1936-08-09,11,,,Edvard Outrata (2018).jpg,
Q11876915,Egon Lánský,male,1934-07-23,11,2013-11-25,11,Egon Lánský (2012).JPG,Egon Lánský
Q11878277,Eliška Wagnerová,female,1948-09-07,11,,,Eliska Wagnerova in 2012.JPG,
Q11878678,Emil Škrabiš,male,1939-09-01,11,2020-02-09,11,,
Q11879975,Veronika Nedvědová,female,1962-09-18,11,,,,
Q11880159,Veronika Vrecionová,female,1965-09-08,11,,,Veronika Vrecionová 2019.jpg,Veronika Vrecionová
Q11897986,Viktor Paggio,male,1981-08-12,11,,,Viktor Paggio.jpg,
Q11899120,Vilém Holáň,male,1938-09-23,11,2021-03-05,11,,Vilém Holáň
Q11903539,Vladimír Balaš,male,1959-04-20,11,,,,Vladimír Balaš
Q11903848,Vladimír Cisár,male,1955-11-10,11,,,,
Q11903948,Vladimír Dlouhý,male,1950-01-20,11,,,,
Q11903983,Vladimír Doležal,male,1965-04-30,11,,,,
Q11904072,Vladimír Dryml,male,1952-03-15,11,,,,
Q11905205,Vladimír Hink,male,1957-03-28,11,,,,
Q11905401,Vladimír Hradil,male,1947-08-10,11,,,,
Q11906361,Vladimír Koníček,male,1964-02-23,11,,,,
Q11906781,Vladimír Kulhánek,male,1939-09-17,11,2021-02-22,11,Vladimír Kulhánek.jpg,
Q11906955,Vladimír Laštůvka,male,1943-06-08,11,2018-09-27,11,,
Q11907967,Vladimír Oplt,male,1937-07-05,11,2021-01-05,11,,Vladimír Oplt
Q11908320,Vladimír Paulík,male,1967-01-15,11,,,,
Q11908967,Vladimír Reiber,male,1948-05-05,11,,,,
Q11909325,Vladimír Schovánek,male,1955-02-01,11,,,,
Q11910214,Vladimír Vetchý,male,1949-05-08,11,,,"Vladimír Vetchý, 980918-D-9880W-159.jpg",Vladimír Vetchý
Q11910564,Vladimír Zeman,male,1942-01-09,11,2013-04-08,11,,
Q11910687,Vladimír Čada,male,1961-11-01,11,,,,
Q11910973,Vladimír Říha,male,1949-03-17,11,,,,
Q11911290,Vladimír Šoltys,male,1951-06-16,11,,,,
Q11911471,Vladimíra Lesenská,female,1964-05-28,11,,,Vladimíra Lesenská.jpg,Vladimíra Lesenská
Q11911979,Vladislav Malát,male,1934-05-29,11,,,,
Q11912039,Vladislav Vilímec,male,1963-07-05,11,,,Vladislav Vilímec in 2019.jpg,
Q11914510,Vlasta Štěpová,female,1938-06-07,11,,,Stepova Vlasta ing.jpg,Vlasta Štěpová
Q11914883,Vlastimil Dlab,male,1951-12-05,11,,,,
Q11915491,Vlastimil Sehnal,male,1959-02-27,11,,,,
Q11915832,Vlastimil Šubrt,male,1934-02-14,11,2013-02-20,11,,
Q11915982,Vlastislav Antolák,male,1942-04-27,11,,,,
Q11926764,Vojtěch Vymětal,male,1949-03-27,11,,,,
Q11938544,Vratislav Mynář,male,1967-06-23,11,,,V Mynář.JPG,
Q11985135,Eva Dundáčková,female,1964-06-11,11,,,,
Q11985142,Eva Fischerová,female,1935-02-08,11,,,,
Q11985172,Eva Nováková,female,1955-07-29,11,2007-01-04,11,,
Q11985184,Eva Richtrová,female,1948-06-11,11,,,,
Q11985196,Eva Syková,female,1944-07-24,11,,,Eva Sykova in 2012.JPG,Eva Syková
Q11985390,Václav Baštýř,male,1962-03-28,11,,,Václav Baštýř 2013 01.jpg,
Q11985411,Václav Božek,male,1949-04-21,11,,,Vaclav bozek.jpg,
Q11985413,Václav Brousek,male,1952-05-12,11,,,,
Q11985422,Václav Cempírek,male,1954-05-06,11,,,,
Q11985424,Václav Chaloupek,male,1949-05-21,11,,,Václav Chaloupek in 2016.jpg,
Q11985459,Václav Exner,male,1942-09-20,11,,,Václav Exner 1.jpg,
Q11985466,Václav Fischer,male,1954-06-22,11,,,,Václav Fischer
Q11985473,Václav Frank,male,1944-04-01,11,,,,
Q11985485,Václav Grulich,male,1932-05-08,11,,,,
Q11985487,Václav Grüner,male,1944-09-22,11,,,,
Q11985496,Václav Hanuš,male,1955-05-07,11,,,,
Q11985505,Evžen Snítilý,male,1954-05-02,11,,,,
Q11985525,Václav Homolka,male,1955-01-06,11,,,,
Q11985528,Václav Horák,male,1961-05-07,11,,,,
Q11985533,Václav Horáček,male,1956-08-17,11,,,Václav Horáček.jpg,
Q11985624,Václav Klučka,male,1953-07-20,11,,,,
Q11985656,Václav Koukal,male,1946-01-04,11,,,,
Q11985674,Václav Kubata,male,1962-03-19,11,,,,
Q11985694,Václav Láska,male,1974-08-04,11,,,Václav-Láska2014b.jpg,Václav Láska (politician)
Q11985719,Václav Mencl,male,1943-04-05,11,,,Vaclav Mencl 2010 (cropped).jpg,
Q11985743,Václav Neubauer,male,1948-07-29,11,,,,
Q11985750,Václav Nájemník,male,1944-07-03,11,,,,
Q11985812,Václav Reitinger,male,1941-12-15,11,,,,
Q11985850,Václav Snopek,male,1951-08-20,11,,,Václav Snopek.jpg,
Q11985933,Václav Vlček,male,1947-03,10,,,,
Q11985946,Václav Votava,male,1956-06-18,11,,,Václav Votava (2014).jpg,
Q11985965,Václav Zemek,male,1974-04-13,11,,,,
Q11986002,Václav Šlajs,male,1952-08-07,11,,,,
Q11986031,Václava Domšová,female,1957-09-23,11,2014-07-06,11,,
Q11990867,Vít Blaha,male,1961-10-27,11,,,,
Q11991127,Vít Němeček,male,1962-01-22,11,,,,
Q11992398,Vítězslav Jonáš,male,1955-05-27,11,,,"Cropped portrait of Vítězslav Jonáš in Třebíč, Třebíč District.jpg",
Q11992558,Vítězslav Matuška,male,1941-08-05,11,,,,
Q11992708,Vítězslav Vavroušek,male,1956-02-04,11,,,,
Q11992860,Vítězslava Baborová,female,1954-09-06,11,,,,
Q12001680,Věra Jakubková,female,1964-06-16,11,,,,
Q12001809,Věra Jourová,female,1964-08-18,11,,,Hearing of Věra Jourová (Czech Republic) - Vice president-designate - Values and Transparency (48859288246) (cropped).jpg,Věra Jourová
Q12002514,Věra Vašínková,female,1941-10-27,11,,,,
Q12016870,František Adamec,male,1951-09-06,11,,,,
Q12016900,František Bartoš,male,1953-05-31,11,,,,
Q12016910,František Beneš,male,1944-10-08,11,,,,
Q12016930,František Brožík,male,1955-03-04,11,,,,
Q12016984,František Dohnal,male,1960-04-28,11,2013-08-10,11,,
Q12016996,František Dědič,male,1963-03-07,11,,,,
Q12017126,František Jirava,male,1941-10-29,11,,,,
Q12017188,František Koníček,male,1953-05-17,11,,,František Koníček.JPG,
Q12017190,František Kopecký,male,1954-10-06,11,,,,
Q12017223,František Kroupa,male,1943-01-07,11,,,,
Q12017258,František Laudát,male,1960-03-13,11,,,František Laudát 2014.JPG,František Laudát
Q12017306,František Mezihorák,male,1937-10-06,11,,,,
Q12017353,František Novosad,male,1948-05-22,11,,,,
Q12017381,František Ondruš,male,1953-12-26,11,,,,
Q12017397,František Pejřil,male,1947-06-30,11,,,,
Q12017398,František Pelc,male,1962-10-04,11,,,FrantisekPelc.JPG,
Q12017445,František Příhoda,male,1947-09-16,11,,,,
Q12017484,František Sivera,male,1967-01-29,11,,,Frantisek Sivera 2010.JPG,
Q12017490,František Slavík,male,1951-07-15,11,,,,
Q12017512,František Strnad,male,1944-02-07,11,2012-01-18,11,,
Q12017586,František Vnouček,male,1945-11-16,11,2008-05-22,11,,
Q12017607,František Vízek,male,1940-11-22,11,,,,
Q12017675,František Čuba,male,1936-01-23,11,2019-06-28,11,FrantisekCuba.jpg,František Čuba
Q12017710,František Španbauer,male,1946-06-18,11,,,,
Q12017997,Gabriela Hubáčková,female,1975-01-28,11,,,,
Q12017999,Gabriela Kalábková,female,1976-04-24,11,,,Gabriela Kalábková.JPG,
Q12018003,Gabriela Pecková,female,1957-01-19,11,,,,
Q12018952,Hana Doupovcová,female,1959-07-02,11,,,,
Q12018971,Hana Marvanová,female,1962-11-26,11,,,Hana Marvanová 2016.jpg,Hana Marvanová
Q12018976,Hana Moudrá,female,1966-04-20,11,,,,
Q12018978,Hana Orgoníková,female,1946-12-08,11,2014-06-05,11,Hana Orgoníková 2013.JPG,Hana Orgoníková
Q12019002,Hana Šedivá,female,1956-08-25,11,,,,
Q12019419,Helena Langšádlová,female,1963-10-14,11,,,Helena Langšádlová.jpg,Helena Langšádlová
Q12019421,Helena Mallotová,female,1944-10-26,11,,,,
Q12019429,Helena Rögnerová,female,1955-01-13,11,,,,
Q12019433,Helena Třeštíková,female,1949-06-22,11,,,Helena Trestikova.jpg,Helena Třeštíková
Q12019440,Helena Válková,female,1951-01-07,11,,,,Helena Válková
Q12021129,Hynek Kmoníček,male,1962-10-22,11,,,HK3.JPG,Hynek Kmoníček
Q12021474,Igor Němec,male,1959-04-06,11,,,,
Q12021480,Igor Svoják,male,1966-07-01,11,,,,
Q12021823,Irena Ondrová,female,1949-06-19,11,2021-06-05,11,,Irena Ondrová
Q12021900,Iva Šedivá,female,1955-03-15,11,,,,
Q12021920,Ivan Gabal,male,1951-01-15,11,,,Gabal Ivan 2021.jpg,
Q12021923,Ivan Havlíček,male,1945-02-02,11,,,,
Q12021947,Ivan Kosatík,male,1957-10-13,11,,,,
Q12021978,Ivan Ohlídal,male,1945-04-25,11,,,Ivan Ohlídal 2013.JPG,
Q12022043,Ivana Hanačíková,female,1972-11-02,11,,,,
Q12022049,Ivana Levá,female,1950-06-16,11,,,,
Q12022060,Ivana Weberová,female,1976-10-01,11,,,,
Q12022061,Ivana Totter,female,1966-09-30,11,,,Ivana Řápková.jpg,
Q12022081,Ivo Bárek,male,1962-03-26,11,,,Barek2014.jpg,
Q12022094,Ivo Kantor,male,1959-08-20,11,,,,
Q12022114,Ivo Polák,male,1957-09-22,11,,,Polak ivo.jpg,
Q12022121,Ivo Rubík,male,1959-04-15,11,2013-11-25,11,,
Q12022126,Ivo Toman,male,1966-07-07,11,,,,
Q12022133,Ivo Vykydal,male,1964-10-01,11,2020-09-27,11,,Ivo Vykydal
Q12022400,Jan Bauer,male,1969-04-27,11,,,,
Q12022424,Jan Bláha,male,1955-03-17,11,,,,
Q12022439,Jan Bureš,male,1974-03-31,11,,,,
Q12022446,Jan Bürgermeister,male,1947-12-09,11,,,,
Q12022462,Jan Chvojka,male,1980-12-17,11,,,Jan chvojka.jpg,Jan Chvojka
Q12022507,Jan Farský,male,1979-07-11,11,,,FARSKY Jan.jpg,Jan Farský
Q12022508,Jan Fencl,male,1942-06-12,11,,,Fencl 2013.jpg,
Q12022521,Jan Florián,male,1975-01-07,11,,,,
Q12022539,Jan Hadrava,male,1955-01-30,11,,,,
Q12022540,Jan Grůza,male,1957-11-03,11,,,,
Q12022541,Jan Hajda,male,1949-10-22,11,2018-02-27,11,Jan Hajda.JPG,
Q12022546,Jan Hamáček,male,1978-11-04,11,,,Hamacek Danko (cropped).jpg,Jan Hamáček
Q12022572,Jan Horník,male,1954-03-19,11,,,Jan Horník 2018.jpg,
Q12022585,Jan Husák,male,1958-09-13,11,,,Husak 2006.jpg,
Q12022588,Jan Hálek,male,1943-04-24,11,,,,
Q12022663,Jan Kasal,male,1951-11-06,11,,,Jan Kasal 2010 - portrait.JPG,
Q12022673,Jan Klas,male,1958-04-03,11,,,,
Q12022678,Jan Klán,male,1982-11-29,11,,,,
Q12022700,Jan Korytář,male,1972-04-18,11,,,Jan Korytář RetaiLink (cropped).jpg,
Q12022702,Jan Kostrhun,male,1942-07-03,11,2022-05-02,11,,Jan Kostrhun
Q12022727,Jan Kryčer,male,1955-11-16,11,,,,
Q12022730,Jan Krámek,male,1945-12-18,11,,,,
Q12022735,Jan Kubata,male,1967-05-02,11,,,,
Q12022770,Jan Lacina,male,1970-01-25,11,,,Mgr. Jan Lacina.jpg,Jan Lacina (Czech politician)
Q12022780,Jan Letocha,male,1950-09-15,11,,,,
Q12022801,Jan Látka,male,1954-04-05,11,,,Jan Latka in 2012.jpg,
Q12022843,Jan Mládek,male,1960-06-01,11,,,Jan Mládek - July 2016 (cropped).jpg,Jan Mládek
Q12022844,Jan Morava,male,1979-02-27,11,,,,
Q12022868,Jan Navrátil,male,1955-12-01,11,,,,
Q12022907,Jan Novák,male,1975-03-25,11,,,,
Q12022911,Jan Nádvorník,male,1949-05-23,11,,,,
Q12022934,Jan Pajer,male,1980-06-26,11,,,,
Q12023023,Jan Rakušan,male,1947-04-20,11,,,,
Q12023072,Jan Schwippel,male,1966-12-08,11,,,,
Q12023101,Jan Smutný,male,1960-04-04,11,,,,
Q12023147,Jan Svoboda,male,1956-12-27,11,,,,
Q12023206,Jan Veleba,male,1947-08-25,11,,,Jan Veleba in 2012.JPG,Jan Veleba (politician)
Q12023211,Jan Vidím,male,1964-06-25,11,,,Mgr. Jan Vidím.jpg,
Q12023218,Jan Vitula,male,1968-11-03,11,,,Janvitula.jpg,
Q12023233,Jan Voráček,male,1949-09-01,11,,,,
Q12023265,Jan Winkler,male,1957-05-07,11,2009-02-16,11,,
Q12023269,Jan Zahradníček,male,1948-05-31,11,2019-12-16,11,Zahradnicek 2018.jpg,
Q12023313,Jan Čechlovský,male,1974-10-04,11,,,,
Q12023347,Jan Škopík,male,1945-07-22,11,,,,
Q12023356,Jan Špika,male,1950-05-14,11,,,,
Q12023378,Jan Žaloudík,male,1954-08-07,11,,,Jan zaloudik.jpg,
Q12023380,Jan Žižka,male,1944-08-04,11,,,,
Q12023402,Jana Drastichová,female,1976-12-13,11,,,Jana Drastichová.jpg,
Q12023404,Jana Drápalová,female,1962-11-25,11,,,Jana-Drápalová2014.jpg,
Q12023411,Jana Gavlasová,female,1951-09-29,11,,,,
Q12023412,Jana Zwyrtek Hamplová,female,1965-05-18,11,,,,
Q12023422,Jana Juřenčáková,female,1962-10-29,11,,,Ing. Jana Jurencakova.jpg,Jana Juřenčáková
Q12023426,Jana Kaslová,female,1981-08-26,11,,,,
Q12023456,Jana Rybínová,female,1960-03-24,11,,,,
Q12023457,Jana Suchá,female,1975-09-22,11,,,Suchá Jana.jpg,
Q12023467,Jana Volfová,female,1957-11-02,11,,,,
Q12023473,Jana Černochová,female,1973-10-26,11,,,Jana Černochová 2015 (2).JPG,Jana Černochová
Q12023564,Jarmila Boháčková,female,1947-07-18,11,2005-06-09,11,,
Q12023565,Jarmila Filipová,female,1950-06-06,11,,,,
Q12023611,Jaromír Chalupa,male,1955-05-12,11,,,,
Q12023612,Jaromír Císař,male,1929-09-05,11,2020-03-15,11,,
Q12023618,Jaromír Dušek,male,1952-08-04,11,,,,
Q12023675,Jaromír Schling,male,1946-06-21,11,,,,
Q12023681,Jaromír Strnad,male,1965-01-18,11,,,,
Q12023687,Jaromír Volný,male,1946-09-23,11,,,,
Q12023719,Jaroslav Adamík,male,1941-06-03,11,,,,
Q12023732,Jaroslav Bašta,male,1948-05-15,11,,,Jaroslav Bašta 9 November 2000.jpg,Jaroslav Bašta
Q12023757,Jaroslav Bureš,male,1954-05-08,11,,,,Jaroslav Bureš
Q12023766,Jaroslav Deml,male,1955-09-05,11,,,,
Q12023774,Jaroslav Doubrava,male,1948-04-04,11,,,,
Q12023783,Jaroslav Eček,male,1970-04-26,11,,,Ecek Jaroslav.jpg,
Q12023786,Jaroslav Fiala,male,1956-02-29,11,,,,
Q12023788,Jaroslav Foldyna,male,1960-06-26,11,,,"Praha, Nové Město, Václavské náměstí, Kosovo je Srbsko 2010, Jaroslav Foldyna (cropped).JPG",Jaroslav Foldyna
Q12023792,Jaroslav Gongol,male,1937-03-23,11,,,,
Q12023811,Jaroslav Horák,male,1932-02-11,11,2019-10-07,11,,
Q12023851,Jaroslav Klein,male,1954-03-25,11,,,,
Q12023892,Jaroslav Krupka,male,1957-09-08,11,,,,
Q12023893,Jaroslav Krákora,male,1955-10-25,11,,,,
Q12023896,Jaroslav Kubera,male,1947-02-16,11,2020-01-20,11,Jaroslav Kubera in 2019.jpg,Jaroslav Kubera
Q12023898,Jaroslav Kubín,male,1947-11-25,11,,,,
Q12023934,Jaroslav Martinů,male,1959-04-18,11,,,,
Q12023943,Jaroslav Maňásek,male,1943-04-06,11,2006-06-29,11,,
Q12023952,Jaroslav Melichar,male,1938-02-12,11,,,,
Q12023961,Jaroslav Mitlener,male,1958-01-22,11,,,,
Q12023969,Jaroslav Musial,male,1921-05-13,11,2017-06-19,11,Jaroslav Musial 2015.jpg,
Q12024003,Jaroslav Perger,male,1966-09-21,11,,,,
Q12024005,Jaroslav Petřík,male,1936-12-26,11,,,,
Q12024007,Jaroslav Pešán,male,1946-10-02,11,,,,
Q12024081,Jaroslav Sykáček,male,1958-10-24,11,,,,
Q12024094,Jaroslav Tvrdík,male,1968-09-11,11,,,Jaroslav Tvrdik 2009 1.JPG,
Q12024102,Jaroslav Vandas,male,1951-03-17,11,,,,
Q12024136,Jaroslav Zavadil,male,1944-04-12,11,,,Jaroslav Zavadil 2013.JPG,
Q12024139,Jaroslav Zeman,male,1959-03-23,11,,,Jaroslav Zeman in 2012.JPG,
Q12024170,Jaroslav Škárka,male,1970-11-24,11,,,J Škárka crop.jpg,
Q12024179,Jaroslav Štrait,male,1942-07-29,11,,,,
Q12024180,Jaroslav Šula,male,1948-07-07,11,,,,
Q12024206,Jaroslava Schejbalová,female,1964-02-24,11,,,,
Q12024219,Jaroslava Wenigerová,female,1946-06-13,11,,,,
Q12024536,Jeroným Tejc,male,1977-08-23,11,,,JeronýmTejc4.JPG,
Q12024848,Jindřich Valouch,male,1947-10-31,11,2010-03-01,11,,
Q12024945,Jitka Chalánková,female,1957-03-23,11,,,Jitka Chalánková in 2019.tif,Jitka Chalánková
Q12024948,Jitka Gruntová,female,1945-05-08,11,,,,
Q12024950,Jitka Kocianová,female,1954-12-05,11,,,,
Q12024954,Jitka Kupčová,female,1952-12-05,11,,,,
Q12024961,Jitka Seitlová,female,1954-04-17,11,,,Jitka Seitlová 2020.jpg,Jitka Seitlová
Q12024964,Jitka Vojtilová,female,1962-09-28,11,,,,
Q12024997,Jiřina Fialová,female,1950-03-29,11,,,,
Q12025014,Jiřina Rippelová,female,1958-12-04,11,,,,
Q12025032,Jiří Altman,male,1958-05-01,11,,,Altman 2012.jpg,
Q12025052,Jiří Bis,male,1941-04-26,11,2018-10-03,11,,Jiří Bis
Q12025059,Jiří Brtnický,male,1948-01-07,11,,,,
Q12025061,Jiří Brýdl,male,1945-03-18,11,,,,
Q12025070,Jiří Běhounek,male,1952-05-13,11,,,Jiří Běhounek 2013.jpg,
Q12025071,Jiří Bílý,male,1954-01-22,11,,,,
Q12025072,Jiří Bělehrádek,male,1951,9,,,,
Q12025075,Jiří Carbol,male,1959,9,,,Jiří Carbol in 2014.jpg,
Q12025103,Jiří Drahoš,male,1949-02-20,11,,,Jiří Drahoš in 2019 (cropped).tif,Jiří Drahoš
Q12025107,Jiří Drda,male,1947-05-26,11,,,Jiří Drda při příležitosti převzetí Medaile města Liberec (cropped).jpg,
Q12025144,Jiří Hanuš,male,1948-04-18,11,,,,
Q12025156,Jiří Havlíček,male,1956-12-17,11,,,,
Q12025177,Jiří Hofman,male,1950-12-19,11,,,,
Q12025211,Jiří Janeček,male,1973-12-29,11,,,Jiří Janeček 2010-09-22.jpg,Jiří Janeček
Q12025212,Jiří Janda,male,1964-09-18,11,,,Jiri janda.jpg,
Q12025290,Jiří Koskuba,male,1955-12-14,11,,,,
Q12025307,Jiří Krátký,male,1945-02-14,11,,,"Jiří Krátký, debata Respekt.jpg",
Q12025327,Jiří Lajtoch,male,1953-12-11,11,,,JiříLajtoch.jpg,
Q12025391,Jiří Nedoma,male,1951-02-06,11,,,,
Q12025412,Jiří Němec,male,1971-02-25,11,,,Jiří Němec.JPG,
Q12025413,Jiří Oberfalzer,male,1954-01-17,11,,,Oberfalzer Jiri 25017v.jpg,
Q12025414,Jiří Oliva,male,1952-04-15,11,,,,
Q12025425,Jiří Papež,male,1965-10-20,11,,,,
Q12025426,Jiří Patočka,male,1943-05-21,11,2004-05-12,11,,
Q12025428,Jiří Pavlov,male,1943-04-02,11,2008-07-19,11,,
Q12025429,Jiří Payne,male,1956-07-07,11,,,"Jiří Payne, 200901, Svobodní, 2.jpg",
Q12025439,Jiří Petrů,male,1956-08-17,11,,,Jiří Petrů - foto.JPG,
Q12025451,Jiří Polanský,male,1950-07-25,11,,,,
Q12025454,Jiří Pospíšil,male,1949-05-09,11,,,,
Q12025474,Jiří Rusnok,male,1983-07-21,11,,,Jiří Rusnok.jpg,
Q12025475,Jiří Rusnok,male,1960-10-16,11,,,Rusnok Jiří 2013.JPG,Jiří Rusnok
Q12025480,Jiří Rückl,male,1940-10-20,11,2017-09-11,11,,
Q12025495,Jiří Skalický,male,1954-08-03,11,,,,
Q12025496,Jiří Skalický,male,1956-04-26,11,,,,
Q12025521,Jiří Stodůlka,male,1950-02-07,11,,,Jiří Stodůlka.jpg,
Q12025532,Jiří Stříteský,male,1943-11-03,11,2019-03-10,11,,
Q12025563,Jiří Třešňák,male,1938-07-30,11,2011-01-12,11,,
Q12025586,Jiří Vlach,male,1952-12-29,11,,,,
Q12025601,Jiří Václavek,male,1942-03-23,11,2010-03-18,11,,
Q12025621,Jiří Zimola,male,1971-03-28,11,,,Jiří Zimola.jpg,Jiří Zimola
Q12025622,Jiří Zemánek,male,1965-01-03,11,,,,
Q12025624,Jiří Zlatuška,male,1957-09-15,11,,,J Zlatuška 2015.JPG,Jiří Zlatuška
Q12025638,Jiří Čepelka,male,1953-06-06,11,,,,
Q12025656,Jiří Šedivý,male,1963-08-20,11,,,Jiri Sedivy.jpg,Jiří Šedivý
Q12025657,Jiří Šesták,male,1956-11-03,11,,,Jiri Sestak in 2012.JPG,
Q12025658,Jiří Šenkýř,male,1952-02-17,11,,,,
Q12025665,Jiří Šneberger,male,1960-08-26,11,,,,
Q12025680,Jiří Štětina,male,1941-08-09,11,,,Jiří Štětina.jpg,
Q12025683,Jiří Šulc,male,1958,9,,,,
Q12025915,Josef Bíža,male,1950-02-17,11,,,,
Q12025941,Josef Cogan,male,1973-08-26,11,,,,
Q12026080,Josef Hojdar,male,1946-10-16,11,,,,
Q12026092,Josef Houzák,male,1943-11-08,11,2002-09-19,11,,
Q12026133,Josef Jalůvka,male,1955-10-21,11,2015-06-12,11,Josef Jalůvka.jpg,
Q12026139,Josef Janeček,male,1952-12-12,11,,,,
Q12026149,Josef Jařab,male,1937-07-26,11,,,Josef Jařab (2019).jpg,
Q12026162,Josef Ježek,male,1949-12-09,11,,,,
Q12026188,Josef Kalbáč,male,1940-02-17,11,,,Josef Kalbac.jpg,
Q12026207,Josef Kaňa,male,1943-02-09,11,2017-08-10,11,,
Q12026281,Josef Krejčí,male,1947-03-07,11,,,,
Q12026301,Josef Kubiš,male,1943-10-14,11,,,,
Q12026366,Josef Mandík,male,1945-12-04,11,2016-10-22,11,,
Q12026400,Josef Mikuta,male,1956-05-04,11,,,,
Q12026421,Josef Nekl,male,1953-05-28,11,2021-03-29,11,,Joseph Nekl
Q12026431,Josef Novotný,male,1952-12-14,11,,,Novotny josef 2015.jpg,
Q12026433,Josef Novotný,male,1952-02-25,11,,,Josef Novotný.jpg,
Q12026479,Josef Pavel,male,1952-10-01,11,,,JosefPavel.jpg,
Q12026483,Josef Pavlata,male,1949-05-18,11,,,,
Q12026515,Josef Poláček,male,1948-08-13,11,,,,
Q12026611,Josef Smýkal,male,1954-11-07,11,,,,
Q12026652,Josef Tancoš,male,1966-12-31,11,,,Josef Tancoš.jpg,
Q12026680,Josef Táborský,male,1951-09-23,11,,,Senice – Silver A – 12.JPG,
Q12026694,Josef Vacek,male,1959-06-29,11,,,,
Q12026698,Josef Vaculík,male,1957-04-14,11,,,,
Q12026713,Josef Vejvoda,male,1935-08-10,11,,,,
Q12026738,Josef Vondruška,male,1948-02-12,11,,,Josef Vondruška (2010).jpg,
Q12026759,Josef Vícha,male,1949-10-22,11,,,,
Q12026789,Josef Zoser,male,1949-02-09,11,,,,
Q12026821,Josef Čerňanský,male,1943-12-23,11,,,,
Q12026843,Josef Šenfeld,male,1961-11-13,11,,,,
Q12026892,Josef Švarcbek,male,1955-01-02,11,,,,
Q12027009,Jozef Kochan,male,1946-03-17,11,,,,
Q12027020,Jozef Kubinyi,male,1955-07-21,11,,,,
Q12027239,Juraj Raninec,male,1968-02-16,11,,,,
Q12027453,Ján Pobežal,male,1948-07-07,11,,,,
Q12028121,Karel Barták,male,1942-03-06,11,,,,
Q12028145,Karel Burda,male,1936-08-29,11,,,,
Q12028152,Karel Březina,male,1972-11-25,11,,,"Praha, Magistrát, Karel Březina (cropped).jpg",
Q12028308,Karel Kapoun,male,1953-10-07,11,,,ČL volby 4.JPG,
Q12028328,Karel Korytář,male,1949-10-09,11,,,,
Q12028336,Karel Kratochvíle,male,1958-04-27,11,,,Karel Kratochvile in 2014.jpg,
Q12028387,Karel Machovec,male,1959-07-15,11,,,,
Q12028490,Karel Rais,male,1949-10-14,11,,,52 rektor VUT v Brně.jpg,
Q12028510,Karel Sehoř,male,1951-07-19,11,,,,
Q12028555,Karel Tejnora,male,1955-01-11,11,,,,
Q12028597,Karel Vymětal,male,1944-11-18,11,,,,
Q12028627,Karel Čermák,male,1934-09-13,11,2017-06-20,11,Karel Čermák (2015).jpg,
Q12028633,Karel Černý,male,1965-01-12,11,,,,
Q12028640,Karel Šidlo,male,1957-11-01,11,,,,
Q12028641,Karel Šebek,male,1951-10-11,11,2015-01-29,11,,
Q12028649,Karel Šplíchal,male,1946-11-14,11,,,,
Q12028932,Kateřina Dostálová,female,1964-03-20,11,,,,
Q12028941,Kateřina Klasnová,female,1977-10-14,11,,,ThDr. Kateřina Klasnová.jpg,
Q12028942,Kateřina Konečná,female,1981-01-20,11,,,Portrét – Kateřina Konečná.jpg,Kateřina Konečná
Q12029497,Klára Slámová,female,1977-08-27,11,,,,
Q12030289,Kosta Dimitrov,male,1949-03-29,11,,,,
Q12031504,Kristýna Kočí,female,1985-01-20,11,,,Kristýna Kočí.jpg,
Q12032070,Květa Matušovská,female,1984-06-04,11,,,Květa Matušovská.jpg,
Q12032092,Květoslava Čelišová,female,1946-04-11,11,,,,
Q12032466,Ladislav Býček,male,1944-10-08,11,,,Ing. Ladislav Býček 02.JPG,
Q12032470,Ladislav Chlupáč,male,1952-06-24,11,,,Ladislav Chlupáč in 2019.jpg,
Q12032477,Ladislav Drlý,male,1953-11-28,11,,,,
Q12032515,Ladislav Jirků,male,1946-06-04,11,2020-08-16,11,,Ladislav Jirků
Q12032528,Ladislav Korbel,male,1954-05-03,11,,,,
Q12032549,Ladislav Libý,male,1953-10-17,11,,,,
Q12032554,Ladislav Macák,male,1945-04-29,11,,,,
Q12032562,Ladislav Mlčák,male,1947-01-05,11,,,,
Q12032604,Ladislav Skopal,male,1958-09-25,11,,,LadislavSkopal.jpg,
Q12032615,Ladislav Svoboda,male,1938-12-25,11,,,,
Q12032625,Ladislav Urban,male,1945-01-09,11,,,,
Q12032626,Ladislav Velebný,male,1957-04-11,11,,,Ladislav Velebný 2013.JPG,
Q12032633,Ladislav Vomáčko,male,1944-04-12,11,2019-07-06,11,,
Q12032645,Ladislav Šincl,male,1965-09-20,11,,,,
Q12032653,Ladislav Šustr,male,1944-05-13,11,,,,
Q12032657,Ladislava Zelenková,female,1949-04-07,11,,,Mgr. Ladislava Zelenková.jpg,
Q12032918,Lenka Andrýsová,female,1984-06-28,11,,,Lenka Andrýsová 2.jpg,
Q12032930,Lenka Kohoutová,female,1967-12-07,11,,,"2014 05 13 Expertka ODS pro sociální oblast, Lenka Kohoutová (14218048803).jpg",
Q12032933,Lenka Mazuchová,female,1958-07-07,11,,,,
Q12033001,Leopold Sulovský,male,1954-05-01,11,,,Leopold Sulovsky in 2012.JPG,
Q12033303,Liana Janáčková,female,1953-12-17,11,,,,Liana Janáčková
Q12033366,Libor Ježek,male,1961-08-13,11,,,,
Q12033371,Libor Krátký,male,1944-05-27,11,,,,
Q12033373,Libor Lukáš,male,1961,9,,,"6 Aj hejtmanova pravá ruka plní skleničku, vzdávajíc tak dík, půdě, potu a slováckému sluníčku.jpg",
Q12033379,Libor Nowak,male,1958,9,,,,
Q12034106,Lubomír Suk,male,1960-09-06,11,,,,
Q12034190,Ludmila Brynychová,female,1952-11-27,11,2009-08-08,11,,
Q12034191,Ludmila Bubeníková,female,1955-02-24,11,,,,
Q12034206,Ludmila Müllerová,female,1954-09-27,11,,,Ministryně Ludmila Müllerová 2013.jpg,Ludmila Müllerová
Q12034207,Ludmila Navrátilová,female,1965-09-25,11,,,,
Q12034235,Ludvík Hovorka,male,1963-06-13,11,,,Hovorka.jpg,
Q12034295,Luděk Polášek,male,1947-12-05,11,,,,
Q12034299,Luděk Sefzig,male,1957-02-15,11,,,,
Q12035244,Marcel Chládek,male,1968-04-09,11,,,Chladek 2014.jpg,Marcel Chládek
Q12035263,Marcela Mertinová,female,1961-05-20,11,,,,
Q12035290,Marek Juha,male,1965-07-15,11,,,Juha 2016.jpg,
Q12035301,Marek Pieter,male,1973-07-06,11,,,,
Q12035324,Marek Šnajdr,male,1975-01-06,11,,,,
Q12035327,Marek Ženíšek,male,1978-11-26,11,,,,Marek Ženíšek
Q12035355,Marian Lebiedzik,male,1975-05-13,11,,,,
Q12035364,Marie Benešová,female,1948-04-17,11,,,MarieBenesova.jpg,Marie Benešová
Q12035370,Marie Cacková,female,1965-07-13,11,,,Cackova.jpg,
Q12035430,Marie Machatá,female,1954-05-09,11,,,,
Q12035441,Marie Nedvědová,female,1956-05-31,11,,,,
Q12035455,Marie Rusová,female,1950-12-04,11,,,,
Q12035464,Marie Součková,female,1953-07-31,11,,,,
Q12035627,Markéta Záleská,female,1966-12-18,11,,,Markéta Záleská.jpg,
Q12035653,Marta Bayerová,female,1956-05-31,11,,,,
Q12035668,Marta Semelová,female,1960-03-01,11,,,Marta Semelová 2014-09-29 3752.jpg,Marta Semelová
Q12035681,Martin Bedrava,male,1961-10-18,11,,,,
Q12035702,Martin Dvořák,male,1948-04-19,11,,,,
Q12035718,Martin Gregora,male,1965-04-10,11,,,,
Q12035733,Martin Jahn,male,1970-01-21,11,,,,Martin Jahn
Q12035756,Martin Komárek,male,1961-02-13,11,,,Martin komarek politik novinar spisovatel foto.jpeg,
Q12035801,Martin Netolický,male,1982-09-22,11,,,Hejtman Martin Netolický.jpg,Martin Netolický
Q12035804,Martin Novotný,male,1972-01-21,11,,,"Martin Novotný, LIBRI 2009, 1.jpg",
Q12035829,Martin Půta,male,1971-09-13,11,,,Martin Půta at the 136th Plenary Session of the European Committee of the Regions (48874107653) (cropped).jpg,
Q12035842,Martin Starec,male,1962-04-10,11,,,,
Q12035846,Martin Stropnický,male,1956-12-19,11,,,MARTIN cropped.jpg,Martin Stropnický
Q12035853,Martin Tesařík,male,1954-07-03,11,,,Martin Tesařík 2011.jpg,
Q12035860,Martin Vacek,male,1971-12-02,11,,,Martin Vacek.jpg,
Q12035883,Martin Červíček,male,1972-04-03,11,,,Martin Červíček in 2019.jpg,
Q12035911,Martina Rosenbergová,female,1966-07-25,11,,,,
Q12036629,Michael Hrbata,male,1971-05-09,11,,,Hrbata senat.JPG,
Q12036634,Michael Kuneš,male,1955-07-01,11,,,,
Q12036669,Michaela Šojdrová,female,1963-10-28,11,,,Michaela Sojdrova 2010.JPG,Michaela Šojdrová
Q12036677,Michal Babák,male,1975-06-27,11,,,Michal Babák poslanec.jpg,
Q12036686,Michal Bortel,male,1981-05-09,11,,,,
Q12036696,Michal Doktor,male,1967-10-02,11,,,,
Q12036734,Michal Janek,male,1948-12-21,11,,,,
Q12036749,Michal Kraus,male,1957-10-01,11,,,Michal Kraus.jpg,
Q12036786,Michal Pohanka,male,1969-04-13,11,,,,
Q12036792,Michal Rabas,male,1964-06-09,11,2007-11-05,11,,
Q12037105,Mikuláš Bek,male,1964-04-22,11,,,Václav Klaus a Ivan Gašparovič ve vile Tugendhat 2013-03-06 4702 Mikuláš Bek.jpg,Mikuláš Bek
Q12037146,Milada Halíková,female,1950-01-06,11,,,Milada Halíková (2010).jpg,
Q12037161,Milan Balabán,male,1944-06-03,11,2020-01-09,11,,
Q12037166,Milan Bičík,male,1949-12-17,11,,,,
Q12037169,Milan Bureš,male,1954-02-18,11,,,,
Q12037174,Milan Chovanec,male,1970-01-31,11,,,1601MBeek7014 (24519080391) (cropped).jpg,Milan Chovanec
Q12037185,Milan Ekert,male,1965-03-02,11,,,Milan Ekert.jpg,
Q12037274,Milan Pešák,male,1963-04-22,11,,,MP-JJ 2010-09-22.jpg,
Q12037321,Milan Urban,male,1958-10-15,11,,,Milan Urban srpen 2013.JPG,
Q12037327,Milan Venclík,male,1957,9,,,Venclik 2016.jpg,
Q12037339,Milan Zuna,male,1941-05-30,11,,,,
Q12037347,Milan Šimonovský,male,1949-02-17,11,,,Simonovsky 1994.jpg,
Q12037355,Milan Špaček,male,1952-09-29,11,,,Milan spacek 1998.jpg,
Q12037364,Milan Šťovíček,male,1958-01-27,11,,,Milan Šťovíček.jpg,Milan Šťovíček
Q12037384,Milena Vicenová,female,1955-08-12,11,,,Vicenová Milena 500pix.jpg,Milena Vicenová
Q12037454,Miloslav Kala,male,1963,9,,,,
Q12037465,Miloslav Kučera,male,1956,9,,,,
Q12037467,Miloslav Kučera,male,1942-03-04,11,2018-07-31,11,Svět knihy 2010 - Miloslav Kučera.jpg,
Q12037474,Miloslav Müller,male,1937-07-15,11,,,,
Q12037478,Miloslav Pelc,male,1944-12-06,11,,,,
Q12037482,Miloslav Plass,male,1963-11-17,11,,,Mplass.jpg,
Q12037493,Miloslav Soušek,male,1961-06-21,11,,,,
Q12037503,Miloslav Výborný,male,1952-02-19,11,,,Miloslav Výborný 1997.jpg,Miloslav Výborný
Q12037516,Miloslava Vostrá,female,1965-05-26,11,,,,Miloslava Vostrá
Q12037554,Miloš Janeček,male,1950-11-30,11,,,Janecek milos.jpg,
Q12037565,Miloš Kužvart,male,1960-11-20,11,,,Zivohost-2013-10-12-Milos Kuzvart.JPG,
Q12037571,Miloš Malý,male,1954-07-19,11,,,,
Q12037576,Miloš Melčák,male,1939-04-19,11,,,,
Q12037577,Miloš Máša,male,1940-04-22,11,,,,
Q12037584,Miloš Patera,male,1962-01-26,11,,,,
Q12037586,Miloš Petera,male,1958-03-14,11,,,Podpis kotle.jpg,
Q12037604,Miloš Titz,male,1939-06-01,11,,,,
Q12037619,Miloš Vystrčil,male,1960-08-10,11,,,Miloš Vystrčil (2021) II.jpg,Miloš Vystrčil
Q12037647,Miluše Horská,female,1959-04-26,11,,,Miluše-Horská2018.jpg,Miluše Horská
Q12037792,Miroslav Adámek,male,1963-05-06,11,,,,
Q12037811,Miroslav Coufal,male,1952-01-10,11,,,,
Q12037824,Miroslav Grégr,male,1929-12-13,11,,,Gregr 2015.jpg,
Q12037846,Miroslav Jeník,male,1960-03-07,11,,,,
Q12037858,Miroslav Kapoun,male,1945-08-03,11,2017-11-26,11,,
Q12037871,Miroslav Kostelka,male,1951-01-31,11,,,Vladimir Putin with Miroslav Kostelka.jpg,Miroslav Kostelka
Q12037878,Miroslav Krajíček,male,1946-12-04,11,,,,
Q12037880,Miroslav Krejča,male,1956-02-21,11,,,Miroslav Krejča.jpg,
Q12037931,Miroslav Nenutil,male,1957-11-06,11,,,"Senator Miroslav Nenutil, Aš 2015-04-18.jpg",
Q12037938,Miroslav Novák,male,1972-06-25,11,,,MNovak.jpg,
Q12037944,Miroslav Opálka,male,1952-10-09,11,,,,
Q12037967,Miroslav Pátek,male,1944-10-22,11,2009-02-20,11,MiroslavPátek.JPG,
Q12038000,Miroslav Svoboda,male,1962-03-30,11,,,,
Q12038026,Miroslav Váňa,male,1961-03-08,11,,,Miroslav Váňa.JPG,
Q12038049,Miroslav Škaloud,male,1948-02-21,11,,,MiroslavSkaloud.jpg,
Q12038068,Miroslava Strnadlová,female,1954-11-20,11,,,,
Q12038070,Miroslava Vlčková,female,1950-11-25,11,,,,
Q12038498,Mojmír Vlašín,male,1954-11-17,11,,,Mojmir vlasin.jpg,
Q12038566,Monika Hašková,female,1968-11-15,11,,,,
Q12038570,Monika Mihaličková,female,1973-11-24,11,,,,
Q12042373,Oldřich Dočekal,male,1946-02-22,11,,,,
Q12042422,Oldřich Němec,male,1956-01-01,11,,,,
Q12042433,Oldřich Ryšavý,male,1958-12-20,11,,,Oldrich rysavy 2011.jpg,
Q12042458,Oldřich Vojíř,male,1961-08-13,11,,,,
Q12042541,Olga Sehnalová,female,1941-02-18,11,2020-02-01,11,,
Q12042545,Olga Sommerová,female,1949-08-02,11,,,Olga-Sommerová.jpg,
Q12042549,Olga Zubová,female,1959-07-25,11,,,"Olga Zubová, RR, 20090228, 1.jpg",
Q12042695,Ondřej Plašil,male,1966-11-21,11,,,,
Q12042710,Ondřej Veselý,male,1976-05-03,11,,,,
Q12043203,Otakar Veřovský,male,1944-03-27,11,,,,
Q12043292,Otto Chaloupka,male,1960-09-03,11,,,Otto Chaloupka.jpg,
Q12043936,Patricie Kotalíková,female,1972-07-27,11,,,,
Q12043991,Pavel Antonín,male,1962-06-05,11,,,,
Q12043996,Pavel Balík,male,1950-06-09,11,2017-09-05,11,Balikpavel.jpg,
Q12044011,Pavel Blažík,male,1982-01-28,11,,,,
Q12044013,Pavel Bohatec,male,1962-01-10,11,,,,
Q12044042,Pavel Eybert,male,1949-09-20,11,,,Pavel Eybert.jpg,
Q12044066,Pavel Heřman,male,1949-05-31,11,,,"Pavel Heřman at May 2010 in Třebíč, Třebíč District.jpg",
Q12044071,Pavel Hojda,male,1952-11-02,11,,,,
Q12044075,Pavel Holík,male,1957-05-23,11,,,,
Q12044080,Pavel Hrnčíř,male,1961-03-23,11,,,,
Q12044086,Pavel Hönig,male,1948-01-09,11,,,,
Q12044095,Pavel Janata,male,1960-07-18,11,,,Pavel-Janata2016.jpg,
Q12044139,Pavel Kováčik,male,1955-07-02,11,,,Pavel Kováčik.jpg,
Q12044156,Pavel Lang,male,1954-02-06,11,,,,
Q12044158,Pavel Lebeda,male,1940-06-30,11,,,,
Q12044174,Pavel Mertlík,male,1961-05-07,11,,,Pavel Mertlik trim.jpg,
Q12044193,Pavel Němec,male,1971-07-20,11,,,,
Q12044194,Pavel Němec,male,1976-06-23,11,,,,
Q12044206,Pavel Pešek,male,1964-03-31,11,,,,
Q12044210,Pavel Plánička,male,1956-03-03,11,,,,
Q12044222,Pavel Přibyl,male,1963-08-05,11,,,,
Q12044234,Pavel Rödl,male,1953-11-29,11,,,,
Q12044243,Pavel Seifter,female,1938-05-27,11,,,Pavel Seifter (2020).jpg,
Q12044244,Pavel Severa,male,1965-05-06,11,,,Pavel Severa (2010).jpg,
Q12044255,Pavel Smetana,male,1970-05-28,11,,,Bc. Pavel Smetana.jpg,
Q12044262,Pavel Staněk,male,1973-07-30,11,,,Staněk Pavel.jpg,
Q12044265,Pavel Suchánek,male,1952-03-31,11,,,"Pavel Suchánek, Městečko řešení, Brno.jpg",
Q12044267,Pavel Sušický,male,1951-01-11,11,,,,
Q12044268,Pavel Svoboda,male,1953-11-01,11,,,,
Q12044270,Pavel Svoboda,male,1969-03-09,11,,,,
Q12044275,Pavel Tollner,male,1949-03-10,11,,,,
Q12044280,Pavel Trpák,male,1958-04-07,11,,,Pavel Trpák.JPG,
Q12044290,Pavel Vanoušek,male,1947-05-22,11,,,,
Q12044291,Pavel Varvařovský,male,1945-10-16,11,,,Pavel varvarovsky.jpg,
Q12044316,Pavel Zeman,male,1972-11-18,11,,,Pavel Zeman 2013 (cropped).jpg,
Q12044325,Pavel Čáslava,male,1945-06-22,11,,,,
Q12044326,Pavel Čížek,male,1964-04-20,11,,,,
Q12044328,Pavel Šafařík,male,1953-09-05,11,,,,
Q12044424,Pavol Kubuš,male,1952-10-28,11,,,,
Q12044426,Pavol Lukša,male,1962-08-19,11,,,Pavol Lukša 2013.JPG,
Q12044742,Peter Morávek,male,1949-06-16,11,,,,
Q12044794,Petr Arenberger,male,1958-12-04,11,,,,Petr Arenberger
Q12044800,Petr Benda,male,1971-01-20,11,,,,
Q12044805,Petr Braný,male,1951-05-25,11,,,,
Q12044807,Petr Bratský,male,1955-04-08,11,,,PBratsky.JPG,
Q12044837,Petr Fejfar,male,1959-02-07,11,,,,
Q12044852,Petr Guziana,male,1952-08-30,11,,,,
Q12044869,Petr Holeček,male,1957-05-21,11,,,Petr Holeček in 2016.jpg,
Q12044873,Petr Hort,male,1946-10-15,11,,,,
Q12044880,Petr Hulinský,male,1967-08-25,11,,,Petr Hulinský.jpg,
Q12044883,Petr Hájek,male,1957-06-17,11,,,Starosta Petr Hájek.jpg,
Q12044887,Petr Ibl,male,1954-05-16,11,,,,
Q12044894,Petr Kalaš,male,1940-02-17,11,,,Petr Kalaš.jpg,
Q12044909,Petr Koháček,male,1951-08-03,11,,,,
Q12044923,Petr Kott,male,1962-09-11,11,,,,
Q12044928,Petr Krill,male,1941-05-27,11,,,,
Q12044944,Petr Lachnit,male,1949-12-30,11,,,,
Q12044963,Petr Mareš,male,1953-01-15,11,,,Petr Mareš (politician).jpg,
Q12044965,Petr Matějů,male,1950-07-22,11,2017-06-16,11,Petr Matějů.jpeg,
Q12044981,Petr Nezveda,male,1967-02-15,11,,,Portrait of Petr Nezveda.jpg,
Q12044989,Petr Náhlík,male,1961-08-10,11,,,,
Q12044994,Petr Pakosta,male,1957-08-08,11,,,,
Q12045003,Petr Pleva,male,1959,9,,,Petr Pleva – Správní rada Masarykovy univerzity má nového předsedu.jpg,
Q12045011,Petr Pávek,male,1963-05-13,11,,,,
Q12045017,Petr Rafaj,male,1961-06-23,11,,,,
Q12045039,Petr Skokan,male,1963-05-27,11,,,Petr Skokan.jpg,
Q12045040,Petr Skála,male,1957,9,,,,
Q12045044,Petr Smutný,male,1947-01-31,11,,,Petr Smutny.jpg,
Q12045054,Petr Sunkovský,male,1964-11-09,11,,,,
Q12045060,Petr Tluchoř,male,1968-01-06,11,,,"Praha, Malá Strana, Kampa, Petr Tluchoř.JPG",
Q12045090,Petr Wolf,male,1960-06-11,11,,,,
Q12045092,Petr Zahradníček,male,1964-03-07,11,,,,
Q12045096,Petr Zimmermann,male,1964-10-27,11,,,,
Q12045108,Petr Červenka,male,1950-02-24,11,,,,
Q12045114,Petr Šilar,male,1956-05-16,11,,,Petr Šilar (2015).jpg,Petr Šilar
Q12045129,Petr Šulák,male,1944-05-02,11,,,,
Q12045135,Petra Buzková,female,1965-12-07,11,,,Petra Buzkova.jpg,Petra Buzková
Q12048029,Přemysl Rabas,male,1963-08-13,11,,,Přemysl Rabas in 2019.tif,
Q12048513,Radek Sušil,male,1967-01-09,11,,,,
Q12048551,Radim Chytka,male,1959,9,,,,
Q12048555,Radim Fiala,male,1969-07-24,11,,,Radim fiala politik.jpg,Radim Fiala
Q12048557,Radim Jirout,male,1971-04-06,11,,,"Ing.Jirout,MBA.jpg",
Q12048567,Radim Turek,male,1970-11-27,11,,,,
Q12048569,Radim Vysloužil,male,1981-04-11,11,,,Radim Vysloužil.jpg,
Q12048603,Radko Martínek,male,1956-06-06,11,,,Radko Martinek in 2012.JPG,
Q12048691,Raduan Nwelati,male,1966-07-26,11,,,Raduan Nwelati in 2019.tif,
Q12049220,Renáta Witoszová,female,1967-06-08,11,,,,
Q12049357,Richard Dolejš,male,1970-08-13,11,,,,
Q12049407,Richard Sequens,male,1956-01-21,11,,,Sequensrichard001.JPG,
Q12049410,Richard Svoboda,male,1964-01-21,11,,,Svoboda richard.jpg,
Q12049421,Richard Zemánek,male,1968-06-03,11,,,Zemanek 2016.jpg,
Q12049503,Robert Kolář,male,1959-05-15,11,,,,
Q12049504,Robert Kopecký,male,1952-04-18,11,2010-03-25,11,,
Q12049531,Robert Vokáč,male,1958-06-23,11,,,,
Q12049541,Robin Böhnisch,male,1976-11-23,11,,,,
Q12049666,Rom Kostřica,male,1949-03-13,11,,,,
Q12049670,Roman Celý,male,1974-08-11,11,,,RomanCely2012.jpg,
Q12049699,Roman Línek,male,1963-10-06,11,,,Roman-Línek2018.jpg,
Q12049704,Roman Onderka,male,1965-11-11,11,,,Klaus-a-Gašparovič-vyznamenání-Tugendhat2013-63.jpg,Roman Onderka
Q12049707,Roman Pekárek,male,1966-11-23,11,,,,
Q12049720,Roman Sklenák,male,1970-07-23,11,,,Roman sklenak 2015.jpg,
Q12049729,Roman Váňa,male,1966-11-01,11,,,,
Q12049817,Rostislav Slavotínek,male,1944-05-09,11,,,,
Q12049824,Rostislav Vyzula,male,1952-12-03,11,,,Vyzula.jpg,
Q12049826,Rostislav Čevela,male,1953,9,,,,
Q12050125,Rudolf Chlad,male,1947-12-24,11,,,,
Q12050128,Rudolf Cogan,male,1971-08-26,11,,,,
Q12050194,Rudolf Kufa,male,1951-08-02,11,,,Rudolf Kufa.jpg,
Q12050277,Rudolf Tomíček,male,1948-03-17,11,,,,
Q12054260,Silva Černohorská,female,1938-01-31,11,,,,
Q12055523,Soňa Marková,female,1963-02-25,11,,,,
Q12055528,Soňa Paukrtová,female,1950-02-14,11,,,,
Q12055892,Stanislav Berkovec,male,1956-05-31,11,,,Stanislav berkovec.jpg,
Q12055899,Stanislav Bělehrádek,male,1943-12-10,11,,,Belehradek1995.jpg,
Q12055904,Stanislav Devátý,male,1952-06-08,11,,,,
Q12055915,Stanislav Fischer,male,1936-11-30,11,,,,Stanislav Fischer
Q12055920,Stanislav Grospič,male,1964-07-25,11,,,,
Q12055937,Stanislav Huml,male,1955-07-30,11,2021-12-28,11,Stanislav Huml.jpg,Stanislav Huml
Q12055941,Stanislav Juránek,male,1956-01-24,11,,,Poklepání-na-kámen-Diakonie-Nosislav2013i.jpg,
Q12055979,Stanislav Mišák,male,1952-11-09,11,,,Misak.jpg,
Q12055981,Stanislav Navrkal,male,1949-04-23,11,,,Navrkal stanislav.jpg,
Q12055991,Stanislav Němec,male,1964-05-03,11,,,,
Q12055995,Stanislav Polčák,male,1980-02-21,11,,,Stanislav Polčák.jpg,Stanislav Polčák
Q12056034,Stanislav Volák,male,1947-09-30,11,,,,
Q12057347,Svatomír Recman,male,1952-12-29,11,,,,
Q12057734,Světlana Navarová,female,1956-06-12,11,,,,
Q12058431,Taťána Jirousová,female,1954-02-11,11,,,,
Q12059145,Tom Zajíček,male,1948-08-25,11,2014-02-17,11,Tom Zajíček.jpg,
Q12059195,Tomáš Grulich,male,1951-01-14,11,2020-08-08,11,Tomáš Grulich.jpg,Tomáš Grulich
Q12059198,Tomáš Hasil,male,1961-10-01,11,,,,
Q12059227,Tomáš Jirsa,male,1957,9,,,Tomáš Jirsa (5457427878) (cropped).jpg,
Q12059236,Tomáš Kladívko,male,1957-11-25,11,,,Tomáš Kladívko 2013.JPG,
Q12059254,Tomáš Kádner,male,1955-11-22,11,,,,
Q12059255,Tomáš Kvapil,male,1955-12-18,11,,,,
Q12059327,Tomáš Teplík,male,1974-05-08,11,,,,
Q12059358,Tomáš Úlehla,male,1965-01-14,11,,,,
Q12060612,Vlastimil Ostrý,male,1966-11-06,11,,,,
Q12093528,Vítězslav Pivoňka,male,1969-08-27,11,,,Inaugurace turistického značení dle českých zvyklostí před Chánovým palácem v Bachčisaraji (cropped).JPG,
Q12199044,Tomáš Dub,male,1967-12-12,11,,,Tomáš Dub (2010).jpg,
Q12200188,Tomáš Vrbík,male,1973-01-15,11,,,,
Q12324346,Stanislav Křeček,male,1938-05-20,11,,,Stanislav Křeček (2021).jpg,
Q1249052,Richard Salzmann,male,1929-05-10,11,,,,
Q1279451,Martin Štěpánek,male,1947-01-11,11,2010-09-16,11,"Praha, Malá Strana, Kampa, Martin Štěpánek.JPG",Martin Štěpánek (actor)
Q12856918,Romana Žatecká,female,1965-09-12,11,,,Romana Žatecká.jpg,
Q1292951,Ivan Bartoš,male,1980-03-20,11,,,Ivan Bartoš 16 December 2021.jpg,Ivan Bartoš
Q1313476,Miloslav Ransdorf,male,1953-02-15,11,2016-01-22,11,"Miroslav Ransdorf (2), EP election campaign, Brno.jpg",Miloslav Ransdorf
Q13218198,Libuše Benešová,female,1948-07-05,11,,,,Libuše Benešová
Q133637,Václav Hampl,male,1962-07-01,11,,,"Prof. RNDr. Václav Hampl, DrSc.(2021).jpg",Václav Hampl
Q133947,Jiří Dienstbier Jr.,male,1969-05-27,11,,,JIRI Dienstbier mladsi.jpeg,Jiří Dienstbier Jr.
Q1340210,Oldřich Vlasák,male,1955-11-26,11,,,Oldřich Vlasák (Martin Rulsch) 1.jpg,Oldřich Vlasák
Q13427209,Klára Liptáková,female,1970-05-12,11,,,Liptakova mihola.jpg,
Q13434626,Marian Jurečka,male,1981-03-15,11,,,Marian Jurecka portrait2022.jpg,Marian Jurečka
Q13434898,Stanislav Štech,male,1954-08-23,11,,,StStech port DSC 0323.jpg,Stanislav Štech
Q13561379,Petra Quittová,female,1972-09-02,11,,,,
Q13561393,Hana Štěpánová,female,1959-01-25,11,,,,
Q13561396,Jan Bartošek,male,1971-11-10,11,,,Jan Bartošek 2015.JPG,Jan Bartošek
Q13569704,Radek Augustin,male,1977-04-25,11,,,,
Q13569706,Zdeněk Peša,male,1963-06-12,11,,,PaedDr. Zdeněk Peša.jpg,
Q1357078,Vladimír Železný,male,1945-03-03,11,,,VladimirZelezny PWF2010.jpg,Vladimír Železný
Q1357170,Pavel Telička,male,1965-08-24,11,,,Pavel Telička.jpg,Pavel Telička
Q13578296,Jakub Michálek,male,1989-02-06,11,,,Jakub Michálek 4 November 2020.jpg,
Q13578363,Jiří Balvín,male,1953-08-14,11,,,Jiří Balvín.JPG,
Q13580235,Miroslav Toman,male,1960-02-06,11,,,Miroslav Toman 2013.JPG,
Q1358861,Martin Bursík,male,1959-08-12,11,,,Martin Bursík (8673838021).jpg,Martin Bursík
Q13593750,Dalibor Štys,male,1962-09-01,11,,,Dalibor Štys 2013.JPG,
Q13720663,Martin Holcát,male,1954-04-23,11,,,Martin Holcát 2013.JPG,Martin Holcát
Q13720823,Jiří Cienciala,male,1950-03-10,11,,,Jiří Cieńciała 2013.JPG,
Q13721260,Tomáš Podivínský,male,1969-11-21,11,,,Tomáš Podivínský 2014.JPG,
Q13721350,František Lukl,male,1977-10-30,11,,,Frantiseklukl.jpg,
Q13721536,Zdeněk Žák,male,1968-07-02,11,,,Zdeněk Žák 2013.JPG,
Q1373840,Pavel Bělobrádek,male,1976-12-25,11,,,Belobradek (cropped).jpg,Pavel Bělobrádek
Q1374371,Jaroslav Lobkowicz,male,1942-08-16,11,,,,
Q1397396,Jan Kavan,male,1946-10-17,11,,,"Jan Kavan, IEIS conference «Russia and the EU the question of trust»-104.jpg",Jan Kavan
Q1399066,Jiří Maštálka,male,1956-01-03,11,,,"Flickr - DEEEP Project - MEP Jiří MAŠTÁLKA, Czech Republic.jpg",Jiří Maštálka
Q1399081,Jaromír Kohlíček,male,1953-02-23,11,2020-12-06,11,,Jaromír Kohlíček
Q1399947,Ondřej Liška,male,1977-07-14,11,,,Demonstrace-před-MŽP-Prague2011-Ondřej-Liška.jpg,Ondřej Liška
Q14565256,Miroslav Petráň,male,1951-07-13,11,,,,
Q14622483,Vlastimil Gabrhel,male,1978-04-26,11,,,Gabrhel 2014.jpg,
Q14704525,Igor Jakubčík,male,1967-05-12,11,,,,
Q14704551,Václav Koubík,male,1953-11-16,11,,,,
Q14704946,Martin Mečíř,male,1970-09-01,11,,,,
Q1473140,Jan Zahradník,male,1949-03-23,11,,,Jan Zahradnik.jpg,
Q14789431,Ladislav Effenberk,male,1955-10-21,11,,,,
Q14789522,Jaroslav Zedník,male,1962-03-27,11,,,,
Q14789942,Miroslav Bernášek,male,1962-01-31,11,,,,
Q14806270,Jiří Junek,male,1973-11-25,11,,,,
Q14806274,Jiří Mihola,male,1972-06-01,11,,,Liptakova mihola.jpg,Jiří Mihola
Q14806286,Josef Herbrych,male,1963-04-20,11,,,,
Q14806317,Karel Tureček,male,1971-02-01,11,,,,
Q14806386,Martin Baxa,male,1975-09-16,11,,,Martin Baxa (cropped).jpg,Martin Baxa
Q14806405,Michal Kučera,male,1968-10-04,11,,,,
Q14806410,Mikuláš Ferjenčík,male,1987-03-19,11,,,Mikuláš Ferjenčík 11 January 2020.jpg,
Q14806480,Ondřej Benešík,male,1976-06-27,11,,,,Ondřej Benešík
Q14806492,Oľga Haláková,female,1948-07-09,11,,,,
Q14806830,Stanislav Mackovík,male,1967-03-11,11,,,,
Q14806944,Zdeněk Fink,male,1955-01-16,11,,,Zdeněk Fink (2019).jpg,
Q14806949,Zdeňka Marková,female,1956-06-22,11,,,,
Q14915914,Jaroslav Vymazal,male,1955-03-13,11,,,,
Q14969813,Miroslav Hudec,male,1951-11-16,11,,,,
Q14972297,Simeon Karamazov,male,1963-12-19,11,,,,
Q15043016,Ivo Grüner,male,1969-12-20,11,,,,
Q15054146,Martin Kupka,male,1975-10-28,11,,,Martin Kupka 2021 crop.jpg,Martin Kupka
Q15054174,Zuzana Kailová,female,1974-07-21,11,,,Zuzana-Kailova-02-web.jpg,
Q15054216,Šimon Heller,male,1988-01-16,11,,,,
Q15057916,Michaela Marksová,female,1969-03-20,11,,,Michaela marksova.jpg,Michaela Marksová
Q15057976,Svatopluk Němeček,male,1972-02-23,11,,,Svatopluk Nemecek 2014.jpg,Svatopluk Němeček
Q15098122,František Vácha,male,1966-09-11,11,,,"Prof. RNDr. František Vácha, Ph.D..jpg",
Q15123926,Adolf Beznoska,male,1961-12-25,11,,,,
Q15123999,František Adámek,male,1955-02-28,11,,,,
Q15124015,Herbert Pavera,male,1958-01-04,11,,,Herbert Pavera in 2019.jpg,
Q15124028,Jan Birke,male,1969-06-01,11,,,Jan Birke.jpg,
Q15124034,Jaroslav Faltýnek,male,1962-04-28,11,,,Jaroslav Faltynek.jpg,
Q15124036,Jaroslav Klaška,male,1962-06-28,11,,,Ing. arch. Jaroslav Klaška.jpg,
Q15124045,Jiří Koubek,male,1976-05-28,11,,,,
Q15124052,Josef Hájek,male,1956,9,,,,
Q15124056,Josef Uhlík,male,1963-02-27,11,,,Uhlik 2015.jpg,
Q15124107,Lubomír Toufar,male,1954-03-26,11,,,Lubomír Toufar in Adamov.jpg,
Q15124116,Margita Balaštíková,female,1967-09-16,11,,,,
Q15124118,Markéta Pekarová Adamová,female,1984-10-02,11,,,Markéta Pekarová Adamová 2018.jpg,Markéta Pekarová Adamová
Q15124119,Markéta Wernerová,female,1983-08-02,11,,,,
Q15124134,Miloslav Janulík,male,1962-09-21,11,,,Miloslav Janulík na volebním mítinku v Břeclavi.jpg,
Q15124152,Nina Nováková,female,1954-03-14,11,,,,
Q15124170,Pavel Volčík,male,1950-09-07,11,,,,
Q15124172,Petr Kořenek,male,1966-08-23,11,,,,
Q15124173,Petr Kudela,male,1969-03-10,11,,,Kudela 2017.jpg,
Q15124175,Petr Kulhánek,male,1971-04-14,11,,,,
Q15124202,Radek Vondráček,male,1973-12-30,11,,,Radek Vondráček (cropped).jpg,Radek Vondráček
Q15124205,Radim Holeček,male,1976-06-21,11,,,Radim Holeček 2014.JPG,
Q15124322,Vít Kaňkovský,male,1970-02-05,11,,,,Vít Kaňkovský
Q15124323,Věra Kovářová,female,1964-01-20,11,,,Věra Kovářová 2017.jpg,
Q15124383,Štěpán Stupčuk,male,1976-03-09,11,,,,
Q15146511,Radka Maxová,female,1968-12-02,11,,,Radka Maxová (2) (cropped).jpg,Radka Maxová
Q15146515,Jaroslava Pokorná Jermanová,female,1970-08-17,11,,,J Jermanová 2015 Rozhlas.JPG,
Q15146525,Jana Lorencová,female,1940-04-02,11,,,,
Q15146537,Marie Pěnčíková,female,1979-12-31,11,,,Marie Pěnčíková.jpg,
Q15146543,Pavlína Nytrová,female,1968-03-06,11,,,,
Q15146570,Pavel Havíř,male,1955-02-21,11,,,Pavel havir.jpg,
Q15146605,Lukáš Pleticha,male,1974-10-18,11,,,,
Q15208244,Bohuslav Chalupa,male,1960-06-15,11,,,,
Q15208250,Pavel Čihák,male,1960-01-22,11,,,,
Q15208291,Milan Brázdil,male,1962-11-05,11,,,,
Q15208294,Miloš Babiš,male,1960-05-12,11,,,,
Q15208295,Igor Nykl,male,1963-09-11,11,,,,
Q15208297,Martin Sedlář,male,1972-12-21,11,,,Martin Sedlář.jpg,
Q15208300,Jan Sedláček,male,1979-06-08,11,,,Jan Sedláček.jpg,
Q15208317,Ivana Dobešová,female,1960-07-12,11,,,Ivana Dobešová (cropped).jpg,
Q15208342,Miloslav Bačiak,male,1952-10-28,11,,,,
Q15208353,Matěj Fichtner,male,1984-06-02,11,,,Matěj Fichtner.jpg,
Q15208356,Bronislav Schwarz,male,1966-10-07,11,,,,
Q15208361,Jan Volný,male,1959-06-15,11,,,,
Q15208382,Zdeněk Soukup,male,1952-12-06,11,2021-04-07,11,,
Q15208393,Ladislav Okleštěk,male,1961-03-10,11,,,Oklestek Ladislav.png,
Q15208414,Vlastimil Vozka,male,1954-03-20,11,,,,
Q15208430,David Kasal,male,1969-01-01,11,,,,
Q15208432,Martin Kolovratník,male,1975-04-11,11,,,Martin Kolovratník.jpg,
Q15208434,Ivan Pilný,male,1944-07-06,11,,,Informal meeting of economic and financial affairs ministers (ECOFIN). Handshake (37049509596) (cropped).jpg,Ivan Pilný
Q15208435,Josef Vozdecký,male,1945-01-22,11,,,,
Q15208447,Roman Procházka,male,1968-11-23,11,,,,
Q15214203,Dan Ramzer,male,1969-08-12,11,,,,
Q15220227,Ivo Pojezný,male,1961-05-21,11,,,Ivo Pojezný.jpg,
Q15220263,Kristýna Zelienková,female,1974-08-06,11,,,,
Q15220268,Pavel Šrámek,male,1965-03-25,11,,,Profile foto Pavel Sramek.png,
Q15220270,Stanislav Pfléger,male,1958-05-14,11,,,,
Q15220272,Jana Pastuchová,female,1965-07-21,11,,,,
Q15220288,Martina Berdychová,female,1971-04-29,11,,,,
Q15220296,Pavel Plzák,male,1960-08-18,11,,,,
Q15220317,Roman Kubíček,male,1963-05-06,11,,,Kubicek2014.jpg,
Q15220321,Jiří Holeček,male,1972-04-26,11,,,Jiří Holeček (2014).jpg,
Q15221044,René Číp,male,1974-12-10,11,,,,
Q15230084,Hana Aulická Jírovcová,female,1981-04-07,11,,,,
Q15230132,Zdeněk Ondráček,male,1969-07-28,11,,,,
Q15230178,Josef Vondrášek,male,1950-07-25,11,2020-12-29,11,Vondrasek2014.jpg,
Q15230195,Jaroslav Borka,male,1952-10-18,11,,,,
Q15230228,Alena Nohavová,female,1960-04-07,11,,,Nohavova.jpg,
Q15230246,Josef Zahradníček,male,1957-03-18,11,,,Josef zahradnicek.jpg,
Q15230283,Karel Pražák,male,1945-01-11,11,,,,
Q15249537,Marek Černoch,male,1969-08-11,11,,,Marek Černoch 2018.jpg,
Q15249640,Jana Hnyková,female,1963-12-06,11,,,,
Q15249661,Karel Fiedler,male,1961-12-31,11,,,Karel-fiedler.jpg,
Q15249792,Martin Lank,male,1976-08-10,11,,,,
Q15249893,Petr Adam,male,1982-08-12,11,,,,
Q15249906,Jaroslav Holík,male,1953-06-29,11,,,,Jaroslav Holík (politician)
Q15269135,Patrik Kunčar,male,1973-02-27,11,,,Patrik Kunčar.jpg,
Q15269214,Milena Kovaříková,female,1958-06-17,11,,,,
Q15269225,Olga Havlová,female,1953-07-25,11,,,,
Q15269228,Augustin Karel Andrle Sylor,male,1946-10-25,11,2021-04-15,11,Augustin Karel Andrle Sylor.jpg,
Q15273671,Milan Šarapatka,male,1955-12-05,11,,,,
Q15290778,Josef Kott,male,1970-11-15,11,,,,
Q15290801,Jan Sobotka,male,1978-04-09,11,,,,
Q15406848,Tomáš Pajonk,male,1981-08-11,11,,,TomasPajonk kampan krajske volby 2016.png,Tomáš Pajonk
Q15458247,Ivo Vašíček,male,1961-12-05,11,,,Ivo Vašíček 2012.jpg,
Q155880,Mirek Topolánek,male,1956-05-15,11,,,Mirek Topolanek.jpg,Mirek Topolánek
Q15613851,Antonín Prachař,male,1962-12-14,11,,,Antonin prachar.jpg,Antonín Prachař
Q15618264,Petr Krčál,male,1964-08-20,11,,,Krcal 2015.jpg,
Q15640313,Taťána Nersesjan,female,1967-01-22,11,,,,
Q15640318,Ivana Stráská,female,1952-06-21,11,,,,
Q15643466,Ctirad Mikeš,male,1956-09-29,11,,,,
Q15651863,Martina Pokorná,female,1974-08-21,11,,,,
Q15652258,Miroslav Kubásek,male,1974-06-06,11,,,Miroslav Kubásek 2015.jpg,
Q15728945,Zdeněk Seidl,male,1950-08-18,11,,,,
Q15735123,Jiří Valenta,male,1965-12-28,11,,,,
Q15905791,Martin Major,male,1979-09-26,11,,,,
Q15916648,Jaromír Plíšek,male,1955-05-20,11,,,Ejhle-Jimramov-2013j.jpg,
Q1592224,Tomáš Töpfer,male,1951-01-10,11,,,Tomáš Töpfer 2019.jpg,Tomáš Töpfer
Q159490,Jan Zahradil,male,1963-03-20,11,,,JanZahradil.jpg,Jan Zahradil
Q159668,Martin Říman,male,1961-05-11,11,,,Martin Riman.jpg,Martin Říman
Q15987373,Jan Skopeček,male,1980-10-21,11,,,Skopecek (cropped).jpg,Jan Skopeček (politician)
Q16029649,Tomáš Třetina,male,1972-03-31,11,,,"Praha, Staré město, Nová radnice, ZHMP, Tomáš Třetina.jpg",
Q16161682,Miloslav Ludvík,male,1963-09-05,11,,,Miloslav Ludvík 2014.jpg,Miloslav Ludvík
Q161671,Jiří Paroubek,male,1952-08-21,11,,,Jiri Paroubek 2009.JPG,Jiří Paroubek
Q16219180,Marian Keremidský,male,1968-09-08,11,,,Keremidsky-marian.jpg,
Q16219214,Radim Sršeň,male,1980-05-01,11,,,Radim Sršeň at the 146th Plenary Session of the European Committee of the Regions (cropped).jpg,
Q165114,Marek Benda,male,1968-11-10,11,,,Marek Benda 2016.jpg,Marek Benda
Q165124,Vlastimil Tlustý,male,1955-09-19,11,,,,
Q1675808,Ivo Vondrák,male,1959-04-15,11,,,Ivo Vondrák.jpg,
Q1683582,Jaromír Jermář,male,1956-10-02,11,,,WahlveranstaltungTurnov.jpg,Jaromír Jermář
Q16861830,Jan Mareš,male,1958-12-04,11,,,Jan Mareš (politik).jpg,
Q16866891,Michal Pobucký,male,1982-06-26,11,,,,
Q168783,Jan Kubice,male,1953-10-03,11,,,Jan Kubice(portret).jpg,Jan Kubice
Q169002,Zdeněk Koudelka,male,1969-05-09,11,,,,
Q1704492,Josef Dobeš,male,1964-02-28,11,,,Josef Dobeš.jpg,
Q17049347,Richard Brabec,male,1966-07-05,11,,,Richard Brabec 02.jpg,Richard Brabec
Q1710086,Jozef Regec,male,1965-03-29,11,,,Regec.jpg,Jozef Regec
Q17138286,Leo Luzar,male,1964-12-06,11,,,,
Q17138368,František Kinský,male,1947-12-27,11,,,Kinsky Frantisek 16778v.jpg,
Q17138478,Lukáš Wagenknecht,male,1978-09-24,11,,,Lukáš Wagenknecht 7 October 2019.jpg,Lukáš Wagenknecht
Q17151506,Martin Plíšek,male,1974-11-11,11,,,"Martin Plíšek, poslanec TOP 09 a Starostové.JPG",
Q17277123,Roman Prymula,male,1964-02-04,11,,,Roman Prymula.jpg,Roman Prymula
Q17278080,Josef Jadrný,male,1957-04-16,11,,,JosefJadrny.jpg,
Q17295512,Petr Drulák,male,1972-09-16,11,,,Petr Drulak.JPG,
Q17326826,Vojtěch Pikal,male,1987-02-19,11,,,Vojtěch Pikal 11 June 2021.jpg,
Q17375878,Zdeněk Syblík,male,1956-05-07,11,,,,
Q17375881,Jiří Burian,male,1948-12-14,11,,,Ing. Jiří Burian.jpg,
Q17375887,Jan Pijáček,male,1958-07-11,11,,,Jan Pijáček.jpg,
Q17395641,Adolf Klepš,male,1964-09-12,11,2017-10-10,11,,
Q17395749,Lumír Aschenbrenner,male,1960-06-23,11,,,"Lumír Aschenbrenner, čerstvě zvolený senátor za Plzeň-město.jpg",
Q17399682,Jiří Vosecký,male,1951-07-09,11,,,"Jiří Vosecký, Dožínky Libereckého kraje 02.jpg",
Q17399686,Jiří Žák,male,1959,9,,,,
Q17487525,Lukáš Černohorský,male,1984-11-19,11,,,Lukáš Černohorský 1 September 2020.jpg,Lukáš Černohorský
Q17487598,Jiří Hlavatý,male,1948-07-29,11,,,Jiří Hlavatý in 2014.jpg,Jiří Hlavatý
Q17516187,Aleš Dufek,male,1973-11-17,11,,,,
Q17541620,Ivana Cabrnochová,female,1974-08-25,11,,,Ivana Cabrnochová 02.jpg,
Q17541652,Petr Vokřál,male,1964-01-19,11,,,Petr vokral.jpg,
Q17541710,Zuzana Baudyšová,female,1948-04-22,11,,,Zuzana Baudyšová in 2014.jpg,
Q18006203,Zdeňka Hamousová,female,1961-06-08,11,,,Zdeňka Hamousová in 2014.jpg,
Q18042468,Pavel Štohl,male,1960,9,,,Pavel Štohl in 2014.jpg,
Q18042493,Zbyněk Linhart,male,1968-10-18,11,,,Zbyněk Linhart.jpg,
Q18042573,Robert Huneš,male,1968,9,,,PhDr. Robert Huneš.jpg,
Q18042608,Pavel Botek,male,1972-01-21,11,,,,
Q18042652,Ivan Mařák,male,1962-07-26,11,,,,
Q18061241,Alena Šromová,female,1959-04-27,11,,,Alena Šromová in 2014.jpg,
Q18104657,Adriana Krnáčová,female,1960-09-26,11,,,Adriana Krnáčová 2015 Praha.JPG,Adriana Krnáčová
Q18106580,Emilie Třísková,female,1962-08-14,11,,,Emilie Třísková in 2014.jpg,
Q18106596,František Bradáč,male,1956-08-28,11,,,František Bradáč in 2014.jpg,
Q18113349,Ivo Valenta,male,1956-08-03,11,,,IvoValenta1.jpg,Ivo Valenta
Q18113380,Jaroslav Fidrmuc,male,1958-04-26,11,,,Fidrrmuc 2018.jpg,
Q18172927,Karla Šlechtová,female,1977-05-22,11,,,Šlechtová Karla 2018.jpg,Karla Šlechtová
Q18324113,Zdeněk Papoušek,male,1956-12-10,11,,,Zdeněk Papoušek in 2014.jpg,
Q18327739,Jan Čižinský,male,1978-04-22,11,,,Jan Cizinsky 03.JPG,
Q18341589,Patrik Nacher,male,1974-10-17,11,,,"Praha, Nová Radnice, Patrik Nacher.jpg",
Q18362097,Peter Koliba,male,1953-07-05,11,,,Peter Koliba in 2014.jpg,
Q18396646,Jaroslav Malý,male,1946-12-08,11,,,Jaroslav Malý in 2014.jpg,
Q18511455,Zdeněk Mach,male,1952-06-22,11,,,,
Q18511457,Zuzana Šánová,female,1959-05-24,11,,,,
Q18518741,Jiří Ulvr,male,1972,9,,,,
Q18564390,Antonín Staněk,male,1966-03-02,11,,,Primátor Staněk.JPG,
Q18564417,Dan Ťok,male,1959-03-04,11,,,Dan Ťok 2015.JPG,Dan Ťok
Q18564538,Martin Zrzavecký,male,1973-08-03,11,,,,
Q18564601,Rudolf Chloupek,male,1951-09-15,11,,,,
Q18603869,Jiří Dušek,male,1971-08-06,11,,,"Wikiconference 2014 Brno, Jiří Dušek.jpg",
Q18746036,Jiří Svoboda,male,1959-11-24,11,,,,
Q18915317,Dominik Feri,male,1996-07-11,11,,,Dominik Feri – Show Jana Krause (10-11).png,Dominik Feri
Q18915550,Pavla Golasowská,female,1964-05-18,11,,,2017 Pavla Golasowska.jpg,
Q1904570,Martin Mejstřík,male,1962-05-30,11,,,,Martin Mejstřík
Q1934256,Milan Hnilička,male,1973-06-25,11,,,Milan Hnilička Liberec.jpg,Milan Hnilička
Q193675,Jan Fischer,male,1951-01-02,11,,,Jan Fischer KVIFF-2.jpg,Jan Fischer (politician)
Q19601951,Jan Paparega,male,1981-09-13,11,,,,
Q19602040,Daniel Pawlas,male,1975-10-01,11,,,,
Q19602342,Libor Secka,male,1961-10-08,11,,,"Libor Sečka, květen 2018, Londýn.jpg",
Q19602389,Martin Havel,male,1966-03-21,11,,,,
Q19602552,Petr Beitl,male,1966-12-05,11,,,"Übergabe Baupläne Rüdiger-Brunnen von OB Stefan Bosse (Kaufbeuren, GER) an Primator Petr Beitl (Jablonec, CZE) 29102015 (Foto Hilarmont) (4).jpg",
Q19602553,Petr Dolínek,male,1981-03-27,11,,,"Praha, Magistrát, Petr Dolínek II.jpg",
Q19602636,Robert Pelikán,male,1979-10-18,11,,,"Pelikan and Ard van der Steur, (cropped).jpg",Robert Pelikán
Q19602762,Tomáš Hanzel,male,1975-12-10,11,,,,
Q19810496,Marek Poledníček,male,1966-07-23,11,,,,
Q20049416,Kateřina Valachová,female,1976-09-15,11,,,Katerina valachova.jpg,Kateřina Valachová
Q20057956,Pavel Šindelář,male,1980-12-14,11,,,,
Q20427825,Jaromír Baxa,male,1982-02-25,11,,,,
Q20428095,Alena Losová,female,1963-03-07,11,,,,
Q20428152,Věra Nechybová,female,1971-11-27,11,,,Věra Nechybová.jpg,
Q20755208,Jiří Roubík,male,1974-10-07,11,,,,
Q20755320,Ivan Kunetka,male,1961-09-22,11,,,,
Q2079976,Petr Gazdík,male,1974-06-26,11,,,GLOBE Games 2022 in Zbiroh 32 (cropped).jpg,Petr Gazdík
Q20924871,Ilona Mauritzová,female,1959-12-29,11,,,,
Q21034087,Alena Rašková,female,1949-10-27,11,,,,
Q21538080,Jan Řehounek,male,1974-10-27,11,,,,
Q21874610,Pavel Talíř,male,1966-06-10,11,,,,
Q21877539,Pavel Dvořák,male,1967-05-29,11,,,,
Q21877554,Ivo Slavotínek,male,1976-01-31,11,,,,
Q21992961,Michal Kortyš,male,1962-06-28,11,,,Michal Kortyš in 2019.jpg,
Q22035584,Vít Rakušan,male,1978-06-16,11,,,Vít Rakušan (2020).jpg,Vít Rakušan
Q22049096,Jiří Crha,male,1960-04-21,11,,,Jiri Crha (politician).jpg,
Q22074671,Josef Bernard,male,1965-05-30,11,,,CoR Members portraits - Josef BERNARD (cropped).jpg,
Q22082891,Vladimír Derner,male,1956-07-13,11,,,,
Q22082895,Karel Jakobec,male,1964-03-05,11,,,,
Q22121502,Miloslava Rutová,female,1947-11-10,11,,,,
Q22162608,Dalibor Horák,male,1965-06-04,11,,,,
Q2223090,Tomio Okamura,male,1972-04-04,11,,,Tomio Okamura in 2012.JPG,Tomio Okamura
Q22262410,Drahomíra Karasová,female,1953-03-03,11,,,,Drahomíra Miklošová
Q22262439,Jiří Kulhánek,male,1962-03-19,11,,,,
Q22344604,Jiří Hájek,male,1961-09-16,11,,,,
Q22810795,Petr Tiso,male,1967-07-14,11,,,,
Q22893968,Jiří Růžička,male,1948-05-12,11,,,JR - Závist - k použití.jpg,Jiří Růžička (politician)
Q22893991,Bohumil Šimek,male,1959-03-02,11,,,Bohumil simek.jpg,
Q22927292,Michael Canov,male,1960-12-10,11,,,Michael Canov in 2016.jpg,
Q22958294,Jaromíra Vítková,female,1957-08-06,11,,,Jaromira Vitkova (in Adamov).jpg,
Q22998471,Jiří Švec,male,1975-11-28,11,,,Jiří Švec.jpg,
Q23001549,Petr Liška,male,1970-03-16,11,,,,
Q23009091,Lukáš Vlček,male,1982-02-27,11,,,,
Q23037081,Martin Maleček,male,1968-11-29,11,,,Martin malecek 2017.jpg,
Q23048742,Julius Špičák,male,1952-06-10,11,,,,
Q231231,Zuzana Roithová,female,1953-01-30,11,,,Zuzkaroithova cropped.jpg,Zuzana Roithová
Q23144494,Pavel Čekan,male,1961-07-20,11,,,,
Q2343411,David Rath,male,1965-12-25,11,,,David Rath egg attack (cropped).jpg,David Rath
Q23649185,Jana Mračková Vildumetzová,female,1973-05-08,11,,,Vildumetzova 2015.jpg,
Q23683419,Jaroslav Dvořák,male,1976-08-02,11,,,,
Q2368549,Marian Bielesz,male,1963-11-14,11,,,,
Q2370616,Svatopluk Karásek,male,1942-10-18,11,2020-12-20,11,"Svatopluk Karásek, 2015.jpg",Svatopluk Karásek
Q23722835,Jiří Peřina,male,1967-03-23,11,,,,
Q23722885,Vladimír Ninger,male,1964-01-29,11,,,,
Q23732273,Šárka Jelínková,female,1968-01-24,11,,,Šárka Jelínková in 2016.jpg,Šárka Jelínková
Q23803445,Martin Šmída,male,1985-06-11,11,,,Martin Šmída 20 November 2020.jpg,
Q23803448,Ladislav Kos,male,1958-05-31,11,,,Ladislav Kos in 2016.JPG,
Q23803452,Petr Orel,male,1959-09-03,11,,,Petr Orel in 2016.jpg,
Q2382175,Táňa Fischerová,female,1947-06-06,11,2019-12-25,11,Tana Fischerova.jpg,Táňa Fischerová
Q23891806,Pavel Klíma,male,1971-05-26,11,,,,
Q23908497,Petr Navrátil,male,1955-03-26,11,,,,
Q23908514,Lumír Kantor,male,1962-03-31,11,,,Lumír Kantor in 2016.jpg,
Q23908965,Anna Hubáčková,female,1957-09-06,11,,,Anna Hubáčková in 2016.jpg,Anna Hubáčková
Q24059261,Zdeněk Nytra,male,1961-10-06,11,,,Zdeněk Nytra in 2016.jpg,Zdeněk Nytra
Q24081377,Renata Chmelová,female,1971-02-17,11,,,Renata Chmelová in 2016.jpg,
Q24175106,Martin Hanousek,male,1983-01-03,11,,,Martin Hanousek.jpg,
Q24237131,Jiří Fišer,male,1953-04-30,11,,,Jiří Fišer meeting Miloš Zeman in Tábor.jpg,
Q24237138,Jiří Hlavenka,male,1964-10-26,11,,,Hlavenka jiri.jpg,
Q24350967,Petr Třešňák,male,1983-01-04,11,,,Petr Třešňák 9 April 2021.jpg,
Q24352537,Drago Sukalovský,male,1962-06-07,11,,,Sukalovsky.jpg,
Q24576329,Ivo Šanc,male,1955,9,,,,
Q24708176,Daniela Hebnarová,female,1957-02-13,11,,,,
Q24877317,Jindřich Bláha,male,1959-09-28,11,,,,
Q24877339,Jana Bačíková,female,1969-08-07,11,,,,
Q24877346,Jiří Ventruba,male,1950-02-02,11,2021-03-09,11,JiriVentruba.jpg,Jiří Ventruba
Q25106833,Jan Holásek,male,1972-11-16,11,,,,
Q25106842,Ivan Doležal,male,1960-09-02,11,,,,
Q25106972,Jiří Brdlík,male,1957-09-11,11,,,,
Q2529628,Vlastimil Picek,male,1956-10-25,11,,,V Picek 2014.JPG,Vlastimil Picek
Q2535834,Václav Roubíček,male,1944-03-01,11,2010-07-14,11,,
Q25391315,Irena Bartoňová Pálková,female,1968-02-08,11,,,,
Q254985,Vladimír Remek,male,1948-09-26,11,,,VladimirRemek.jpg,Vladimír Remek
Q255434,Radek John,male,1954-12-06,11,,,Radek John 2.jpg,Radek John
Q25916968,Oto Košta,male,1956-12-14,11,,,Kosta oto.jpg,
Q25917006,Jitka Volfová,female,1968-10-24,11,,,,
Q25952465,Eva Valjentová,female,1964-08-10,11,,,,
Q25962484,Josef Pavlík,male,1958-04-12,11,,,,
Q25963393,Klára Dostálová,female,1971-03-13,11,,,Dostalova 2018.jpg,
Q260804,Jana Fischerová,female,1955-08-20,11,,,Jana Fischerová (20. Podzimní knižní veletrh).JPG,Jana Fischerová
Q26202565,Zdeněk Štefek,male,1974-12-30,11,,,,
Q26209865,Jan Foldyna,male,1956-08-03,11,,,,
Q26391559,Marek Hilšer,male,1976-03-23,11,,,Marek Hilser foto David Konecny.jpg,Marek Hilšer
Q2640954,Alena Gajdůšková,female,1954-04-15,11,,,Alena Gajdůšková.jpg,
Q264133,Augustin Bubník,male,1928-11-21,11,2017-04-18,11,Gustav Bubnik (cropped).jpg,Augustin Bubník
Q26719458,Jaroslav Větrovský,male,1968-07-31,11,,,Jaroslav Větrovský in 2016.jpg,
Q26719566,Jiří Strýček,male,1959-04-05,11,,,,
Q26719578,Pavel Staněk,male,1967-01-20,11,,,Pavel Staněk.jpg,
Q26832880,Ladislav Václavec,male,1967-02-13,11,,,Ladislav Václavec in 2016.jpg,
Q27165355,Helena Lasztoviczová,female,1968-12-21,11,,,Helena Lasztoviczová (komunální volby 2014).jpg,
Q2755701,Josef Řihák,male,1959-04-25,11,,,Josef Řihák cropped.JPG,Josef Řihák
Q28008834,Marek Hrabáč,male,1973-03-01,11,,,Marek Hrabáč (politik).png,
Q280578,Michal Lobkowicz,male,1964-07-20,11,,,,Michal Lobkowicz
Q28116553,Josef Šedlbauer,male,1969-02-16,11,,,,
Q28132901,František Petrtýl,male,1959-03-09,11,,,,
Q2832656,Alena Hanáková,female,1958-09-01,11,,,Hanakova.jpg,Alena Hanáková
Q28753995,Karel Sládeček,male,1963-05-30,11,,,,Karel Sládeček
Q28767783,Ondřej Kolář,male,1984-03-13,11,,,Ondřej Kolář 2019.jpg,
Q287879,Přemysl Sobotka,male,1944-05-18,11,,,Premysl Sobotka.jpg,Přemysl Sobotka
Q28855142,Josef Bělica,male,1978-07-16,11,,,,
Q28867057,Monika Oborná,female,1989-04-02,11,,,,
Q28945181,Rudolf Jindrák,male,1964-01-25,11,,,Rudolf jindrak.jpg,
Q28974493,Jiří Havlíček,male,1976-05-16,11,,,Jiří Havlíček social democrat 2014.jpg,
Q29016709,Jana Hanzlíková,female,1966-10-07,11,,,,
Q29021057,Věslav Michalik,male,1963-03-01,11,2022-06-12,11,,Věslav Michalik
Q29032,Miloš Zeman,male,1944-09-28,11,,,Prezident Zeman MSV.jpg,Miloš Zeman
Q29270413,Stanislav Boloňský,male,1948-08-10,11,,,,
Q29346164,Hayato Okamura,male,1966-11-28,11,,,Hayato Okamura (2019).jpg,
Q29730069,Ivo Moravec,male,1964-05-16,11,,,Ivo Moravec.jpg,
Q29951473,Karel Krejza,male,1968-02-12,11,,,Karel Krejza 25. 8. 2018 Litoměřice.jpg,
Q29951497,Michal Zácha,male,1978-05-23,11,,,,
Q29951519,Jan Tecl,male,1963-09-27,11,,,Jan Tecl in 2019.tif,
Q29951532,Stanislav Blaha,male,1969-12-13,11,,,,
Q29951594,Alena Schillerová,female,1964-03-18,11,,,Alena Schillerová 2.jpg,Alena Schillerová
Q30012733,Pavel Fischer,male,1965-09-26,11,,,Pavel Fischer in 2019 (cropped).tif,Pavel Fischer
Q30067832,Jiří Bláha,male,1961-08-26,11,,,,
Q30067856,Taťána Malá,female,1981-10-01,11,,,Mala tatana.jpg,
Q30083663,Stanislav Mrvka,male,1953-05-25,11,,,,
Q30114672,Vlastimil Válek,male,1960-05-17,11,,,Vlastimil-Válek2019b.jpg,Vlastimil Válek
Q30114696,Aleš Jakubec,male,1976,9,,,,
Q30184731,Marek Výborný,male,1976-07-10,11,,,Marek Výborný.jpg,Marek Výborný
Q30279673,Michaela Opltová,female,1985-10-01,11,,,,
Q30301690,Mikuláš Peksa,male,1986-06-18,11,,,Mikuláš Peksa 23 July 2019.jpg,Mikuláš Peksa
Q30306414,Václav Valhoda,male,1959-06-25,11,,,,
Q30336902,Richard Kreml,male,1970-10-06,11,,,Richard Kreml 2017.jpg,
Q30934900,Lukáš Bartoň,male,1981-01-30,11,,,Lukáš Bartoň 17 October 2019.jpg,
Q3100430,Miloslav Vlček,male,1961-02-01,11,,,Miloslav Vlcek.jpg,Miloslav Vlček
Q31004824,Hana Vacková,female,1954-06-29,11,,,Hana Vackova 2017.jpg,
Q31176033,Martin Jiránek,male,1978-04-10,11,,,Martin Jiránek 19 December 2018.jpg,
Q31205647,Radek Holomčík,male,1985-07-31,11,,,Radek Holomčík 8 September 2020.jpg,
Q3156105,Ivan Fuksa,male,1963-07-07,11,,,,Ivan Fuksa
Q3156137,Ivan Langer,male,1967-01-01,11,,,Ivan Langer.jpg,Ivan Langer
Q3162765,Jaromír Drábek,male,1965-03-05,11,,,Jaromír Drábek - 1.JPG,Jaromír Drábek
Q3179310,Jiří Besser,male,1957-08-04,11,,,Jiří Besser.jpg,
Q31818187,Jan Pošvář,male,1985-05-16,11,,,Jan Pošvář 14 November 2017.jpg,
Q31818312,Lukáš Kolářík,male,1984-03-05,11,,,Lukáš Kolářík 9 April 2021.jpg,
Q3192432,Kamil Jankovský,male,1958-03-10,11,,,Kamil Jankovský.JPG,Kamil Jankovský
Q3193068,Karel Kühnl,male,1954-09-12,11,,,Karel kuhnl.jpg,
Q3237886,Libor Ambrozek,male,1966-08-02,11,,,Libor Štěrba - Ambrozek dostal sazenici lípy.jpg,
Q3265306,Lucie Talmanová,female,1967-08-27,11,,,Lucie Talmanova.jpg,Lucie Talmanová
Q326629,Vítězslav Jandák,male,1947-08-03,11,,,Vitezslav Jandak 2009.JPG,
Q32777,Vladimír Špidla,male,1951-04-22,11,,,"Vladimir Spidla, 2007 crop.jpg",Vladimír Špidla
Q3295489,Martin Kocourek,male,1966-12-23,11,,,Martin Kocourek cropped.jpg,
Q3295494,Martin Kuba,male,1973-04-09,11,,,MartinKuba.jpg,Martin Kuba
Q33133461,Jan Hrnčíř,male,1977-05-01,11,,,Jan Hrnčíř 2019.jpg,Jan Hrnčíř
Q33133462,Radovan Vích,male,1964-12-25,11,,,Vích -2016.jpg,Radovan Vích
Q33133465,Jana Levová,female,1977-06-17,11,,,Jana Levová.jpg,
Q3316142,Miroslav Grebeníček,male,1947-03-21,11,,,Miroslav Grebeníček (Portrait).jpg,Miroslav Grebeníček
Q33190470,Tereza Hyťhová,female,1995-02-23,11,,,,Tereza Hyťhová
Q33191485,Lubomír Volný,male,1973-07-03,11,,,Poslanec-lubomir-volny-brno (cropped).jpg,
Q33191643,Karla Maříková,female,1981-03-19,11,,,,Karla Maříková
Q3359648,Zdeněk Tůma,male,1960-10-19,11,,,Zdeněk Tůma - 12 června 2010.jpg,Zdeněk Tůma
Q3372924,Pavel Blažek,male,1969-04-08,11,,,Klaus-a-Gašparovič-vyznamenání-Tugendhat2013-66.jpg,Pavel Blažek
Q3372936,Pavel Dobeš,male,1982-01-19,11,,,Pavel dobes 2012.jpg,
Q3376226,Miroslav Singer,male,1968,9,,,Miroslav.Singer.04.06.2016.Den.Otev.Dveri.CNB.gif,Miroslav Singer
Q3377548,Petr Fiala,male,1964-09-01,11,,,Petr Fiala (51940875566).jpg,Petr Fiala
Q3377550,Petr Bendl,male,1966-01-24,11,,,Petr Bendl (cropped).jpg,Petr Bendl
Q33833057,Marie Chatardová,female,1963-03-06,11,,,CommanderChatardova.jpg,Marie Chatardová
Q3416411,Radek Šmerda,male,1977-05-14,11,,,,
Q348896,Stanislav Gross,male,1969-10-30,11,2015-04-16,11,Stanislav gross.jpg,Stanislav Gross
Q3490041,Tomáš Julínek,male,1956-11-07,11,,,"Cropped portrait of Tomáš Julínek in Třebíč, Třebíč District.jpg",Tomáš Julínek
Q3490143,Jaroslav Zvěřina,male,1942-12-18,11,,,Portrait of Jaroslav Zvěrina at 2017 sexuality conference.jpg,Jaroslav Zvěřina
Q3490182,Milan Cabrnoch,male,1962-08-06,11,,,Milan Cabrnoch 01.JPG,Milan Cabrnoch
Q3490643,Jaroslava Moserová,female,1930-01-17,11,2006-03-24,11,Jaroslava Moserova plaque.jpg,Jaroslava Moserová
Q3490950,Václav Jehlička,male,1948-03-24,11,,,Vaclav Jehlicka.jpg,Václav Jehlička
Q3490977,Jan Kůrka,male,1943-05-29,11,,,,Jan Kůrka
Q3491424,Bedřich Moldan,male,1935-08-15,11,,,Bedřich Moldan (cropped).jpg,Bedřich Moldan
Q3502257,Ladislav Miko,male,1961-04-09,11,,,Ladislav Míko.jpg,Ladislav Miko
Q3502596,Jakub Šebesta,male,1948-11-16,11,,,Jakub Šebesta.jpg,Jakub Šebesta
Q3503711,Václav Riedlbauch,male,1947-04-01,11,2017-11-03,11,Václav Riedlbauch nad Prahou 2009.jpg,Václav Riedlbauch
Q3505692,Zuzana Kocumová,female,1979-05-26,11,,,,Zuzana Kocumová
Q3507616,Josef Váňa,male,1952-10-20,11,,,Josef vana.jpg,Josef Váňa
Q3508029,Zuzana Brzobohatá,female,1962-07-11,11,,,"Brzobohatá, Zuzana (cz) webm.jpg",Zuzana Brzobohatá
Q3509669,Petr Gandalovič,male,1964-08-15,11,,,"Petr Gandalovič, 2012 (cropped).jpg",Petr Gandalovič
Q3510471,Evžen Tošenovský,male,1956-02-26,11,,,Evžen Tošenovský v Brně.jpg,Evžen Tošenovský
Q3511688,Jaromír Štětina,male,1943-04-06,11,,,Jaromír Štětina (2017).jpg,Jaromír Štětina
Q3511722,Vlastimil Balín,male,1950-10-23,11,,,Vlastimil Balin.jpg,Vlastimil Balín
Q3511760,Pavel Rychetský,male,1943-08-17,11,,,Pavel Rychetský (2020).jpg,Pavel Rychetský
Q3511775,Daniela Filipiová,female,1957-08-09,11,,,Daniela Filipiova (cropped).jpg,Daniela Filipiová
Q3531462,Tomáš Chalupa,male,1974-07-03,11,,,Tomáš Chalupa 2013.JPG,Tomáš Chalupa
Q35545152,Jana Krutáková,female,1962-06-21,11,,,,
Q35551682,Václav Nosek,male,1951-08-28,11,,,,
Q3561901,Vladimír Mlynář,male,1966-01-15,11,,,Vladimir Mlynar.jpg,
Q35786,Petr Nečas,male,1964-11-19,11,,,Petr Nečas - O2067168633.jpg,Petr Nečas
Q35856807,Lubomír Nečas,male,1954-12-09,11,,,,
Q362325,Karel Jarůšek,male,1952-12-02,11,,,Karel Jarusek.jpg,Karel Jarůšek
Q36233,Václav Havel,male,1936-10-05,11,2011-12-18,11,Václav Havel cut out.jpg,Václav Havel
Q36526810,Stanislav Kaláb,male,1951-05-09,11,,,,
Q367435,Vít Bárta,male,1973-12-05,11,,,V.Bárta2.jpg,Vít Bárta
Q370164,Štefan Füle,male,1962-05-24,11,,,Stefan File (cropped).jpg,Štefan Füle
Q375007,Dušan Salfický,male,1972-03-28,11,,,,Dušan Salfický
Q375208,Jiří Dienstbier,male,1937-04-20,11,2011-01-08,11,Jiri Dienstbier (cropped).jpg,Jiří Dienstbier
Q3860869,Monika Žídková,female,1977-06-11,11,,,,
Q39728392,Jan Jakob,male,1982-12-02,11,,,Jan Jakob.jpg,
Q4016689,Václav Krása,male,1951-11-24,11,,,Vaclav Krasa 2014.jpg,
Q40604951,Marta Nováková,female,1954-11-04,11,,,Marta Nováková.jpg,
Q41173445,Marek Šlapal,male,1975-10-06,11,,,Slapal 2017.jpg,
Q42271675,Robert Stržínek,male,1968-11-23,11,,,Bc. Robert Stržínek.jpg,
Q42311106,Olga Richterová,female,1985-01-21,11,,,Olga Richterová 3 November 2021.jpg,Olga Richterová
Q42311480,Věra Adámková,female,1954-10-19,11,,,,
Q42313752,František Kopřiva,male,1995-11-30,11,,,František Kopřiva 2 July 2020.jpg,
Q42313924,Tomáš Martínek,male,1986-01-23,11,,,Tomáš Martínek.jpg,
Q42374816,Miloslav Rozner,male,1977-03-29,11,,,Miloslav Rozner (cropped).jpg,Miloslav Rozner
Q42398942,Zdeněk Podal,male,1953-04-12,11,,,,
Q42400740,František Elfmark,male,1978-10-19,11,,,František Elfmark 20 November 2017.jpg,
Q42400763,Tomáš Vymazal,male,1990-05-11,11,,,Tomáš Vymazal 12 July 2019.jpg,
Q42401857,Ondřej Profant,male,1988-05-02,11,,,Ondřej Profant 21 June 2019.jpg,
Q42402077,Dana Balcarová,female,1960-09-22,11,,,Dana Balcarová 19 December 2018.jpg,Dana Balcarová
Q42402097,Lenka Kozlová,female,1960-10-27,11,,,Lenka Kozlová.jpg,
Q42402111,Jan Lipavský,male,1985-07-02,11,,,Jan Lipavský 3 July 2020.jpg,Jan Lipavský
Q42402953,Barbora Jelonková,female,1972-08-14,11,,,Barbora jelonkova.jpg,
Q42403351,Vojtěch Munzar,male,1976-12-19,11,,,Vojtech Munzar.jpg,
Q42556463,Andrea Babišová,female,1972-04-17,11,,,,
Q42574726,Zuzana Majerová Zahradníková,female,1972-06-28,11,,,,
Q42575029,Ondřej Polanský,male,1984-01-22,11,,,Ondřej Polanský 10 April 2018.jpg,
Q42575375,Adam Kalous,male,1979-10-06,11,,,Poslanec Adam Kalous.jpg,
Q42575425,Adam Vojtěch,male,1986-10-02,11,,,Adam Vojtěch.jpg,Adam Vojtěch
Q42585303,Milan Feranec,male,1964-01-18,11,,,,
Q42585314,Aleš Juchelka,male,1976-04-18,11,,,Aleš Juchelka 2018.jpg,
Q42585412,Kamal Farhan,male,1969-01-29,11,,,,
Q42586021,Radek Zlesák,male,1983-07-11,11,,,,
Q42586533,Petr Vrána,male,1975-01-04,11,,,,
Q42586556,David Štolpa,male,1983-03-03,11,,,Davidstolpa.jpg,
Q42709699,Lenka Dražilová,female,1963-09-13,11,,,,
Q42709773,Pavel Pustějovský,male,1972-01-17,11,,,,
Q42709931,Marek Novák,male,1976-08-02,11,,,Marek Novák Poslanec.jpg,
Q42710819,Zuzana Ožanová,female,1970-09-25,11,,,,
Q42864185,Stanislav Fridrich,male,1956-12-25,11,,,,
Q42864340,Michal Ratiborský,male,1981-12-06,11,,,,
Q42866137,Barbora Kořanová,female,1984-09-27,11,,,,
Q42866260,Jaroslav Bžoch,male,1983-11-30,11,,,Jaroslav Bžoch.jpg,
Q42878086,Eva Fialová,female,1982-02-13,11,,,,
Q42878199,Tomáš Kohoutek,male,1983-03-16,11,,,,
Q42885846,Jan Kubík,male,1978-10-29,11,,,,
Q42972927,Pavel Růžička,male,1970-04-03,11,,,,
Q43124179,Jan Richter,male,1967-11-28,11,,,,
Q43124262,Robert Králíček,male,1977-02-11,11,,,,
Q43126619,Jan Schiller,male,1972-04-06,11,,,,
Q43127312,Věra Procházková,female,1954-04-03,11,,,,
Q43127518,Jaroslav Kytýr,male,1963-03-24,11,,,,
Q43176271,Marcela Melková,female,1971-01-24,11,,,,
Q43305091,Přemysl Mališ,male,1980-01-28,11,,,,
Q43305158,Andrea Brzobohatá,female,1971-06-09,11,,,Andrea Brzobohatá.jpg,
Q43305165,Pavel Juříček,male,1956-10-29,11,,,,
Q43305486,Petr Sadovský,male,1969-06-26,11,,,,
Q43305500,Jiří Mašek,male,1958-07-16,11,,,Wizyta czeskich parlamentarzystów w MSZ.jpg,
Q43370782,David Pražák,male,1979-09-13,11,,,,
Q43370842,Ivan Jáč,male,1956-04-29,11,,,,
Q43371116,Marian Bojko,male,1962-12-25,11,,,,
Q434833,Jakub Janda,male,1978-04-27,11,,,Jakub Janda (2011).jpg,Jakub Janda
Q43522433,Jaroslav Dvořák,male,1957-11-04,11,,,,
Q440694,Karolína Peake,female,1975-10-10,11,,,Karolína Peake.jpg,Karolína Peake
Q44100328,Radek Rozvoral,male,1967-06-28,11,,,,Radek Rozvoral
Q44100516,Lubomír Španěl,male,1955-10-01,11,,,,
Q44162988,Lucie Šafránková,female,1987-05-21,11,,,,Lucie Šafránková
Q44163755,Pavel Jelínek,male,1962-10-31,11,,,,
Q44276389,Radek Koten,male,1965-03-18,11,,,,Radek Koten
Q44327169,Jan Sobotka,male,1961-07-25,11,,,Jan Sobotka in 2018.jpg,Jan Sobotka
Q44467466,Milan Pour,male,1965-06-06,11,,,Milan Pour.jpg,
Q44469639,Jiří Kohoutek,male,1964-11-26,11,,,,
Q44473433,Eva Matyášová,female,1959-07-15,11,,,,
Q44523134,Tomáš Hüner,male,1959-06-26,11,,,Tomas huner.jpg,
Q44636609,Ilja Šmíd,male,1952-02-14,11,,,Chech Minister for Culture Ilja Šmíd cropped.jpg,
Q446378,Gustáv Slamečka,male,1959-06-05,11,,,Slamecka 2010.jpg,Gustáv Slamečka
Q44738438,Robert Plaga,male,1978-07-21,11,,,Plaga 2016.jpg,Robert Plaga
Q447452,Josef Zieleniec,male,1946-05-28,11,,,,Josef Zieleniec
Q44849760,Jiří Kobza,male,1955-12-27,11,,,Jiří Kobza 2019.jpg,Jiří Kobza
Q44850475,Monika Jarošová,female,1970-12-30,11,,,,
Q44850754,Ivana Nevludová,female,1977-07-29,11,,,,
Q44853806,Jiří Milek,male,1963-07-03,11,,,Milek 2018.jpg,
Q44853914,Lubomír Metnar,male,1967-10-06,11,,,Metnar and Radev (cropped).jpg,
Q45055080,Jaroslava Němcová,female,1971-04-27,11,,,,
Q457066,Miroslava Němcová,female,1952-11-17,11,,,Miroslava Němcová oficiální 2020.jpg,Miroslava Němcová
Q462642,Vlasta Parkanová,female,1951-11-21,11,,,Vlasta Parkanova.jpg,Vlasta Parkanová
Q463824,Otakar Motejl,male,1932-09-10,11,2010-05-09,11,,Otakar Motejl
Q47146172,Jan Wolf,male,1968,9,,,180117 HOR karvina wolf-26.jpg,
Q4721599,Aleš Řebíček,male,1967-04-14,11,,,,Aleš Řebíček
Q47500009,Karolína Žákovská,female,1976-04-05,11,,,Karolína Žákovská.png,
Q4764498,Ivan Adamec,male,1960-03-21,11,,,Ivan Adamec.jpg,
Q4764548,Miroslav Antl,male,1955-02-21,11,,,Miroslav Antl.jpg,
Q4845845,Jan Ruml,male,1953-03-05,11,,,Jan Ruml.jpg,Jan Ruml
Q49662863,Martin Kalina,male,1984-09-15,11,,,,
Q4992646,Juraj Thoma,male,1969-02-19,11,,,Juraj Thoma.jpg,
Q50199256,Jana Fialová,female,1973-06-13,11,,,,
Q50318693,Aleš Opata,male,1964-09-09,11,,,Aleš Opata 2014.JPG,
Q511465,Leoš Heger,male,1948-02-11,11,,,"Doc. MUDr. Leoš Heger, CSc..jpg",Leoš Heger
Q521375,Eduard Janota,male,1952-03-13,11,2011-05-20,11,,Eduard Janota
Q5214758,Dana Jurásková,female,1961-09-21,11,,,,Dana Jurásková
Q5214769,Dana Kuchtová,female,1961-06-18,11,,,Dana Kuchtova.jpg,Dana Kuchtová
Q5217474,Daniel Herman,male,1963-04-28,11,,,Mgr.Daniel Herman.jpg,Daniel Herman
Q5219227,Daniela Kovářová,female,1964-11-17,11,,,Daniela Kovářová - debata 2009 - 4.jpg,Daniela Kovářová
Q52214523,Pavel Pacal,male,1974-03-02,11,,,"Pavel Pacal at Pro Třebíč concert in Třebíč, Třebíč District.jpg",
Q52276807,Markéta Vaňková,female,1977-07-15,11,,,Demonstrace-proti-vládě-s-podporou-komunistů-Brno-červen2018a (cropped).jpg,
Q53797215,Jan Grois,male,1980-05-21,11,,,,
Q54019532,Michaela Blahová,female,1969-06-19,11,,,,
Q54151914,Jaroslav Zámečník,male,1966-06-21,11,,,Primátor Jaroslav Zámečník (cropped).jpg,
Q54288054,Tomáš Goláň,male,1968-12-01,11,,,09.03 總統追贈捷克共和國故參議長柯佳洛「特種大綬卿雲勳章」暨與現任參議長韋德齊會談 (50300557847).jpg,Tomáš Goláň
Q54801007,Zdenka Němečková Crkvenjaš,female,1976-09-14,11,,,,
Q548786,Josef Tošovský,male,1950-09-28,11,,,"Josef Tošovský, Czech Prime Minister.jpeg",Josef Tošovský
Q5492495,František Bublan,male,1951-01-13,11,,,Portrait of František Bublan in 2012.jpg,František Bublan
Q54964938,Hana Žáková,female,1968-11-11,11,,,Hana Žáková in 2019.jpg,
Q55014701,Miroslav Balatka,male,1970-07-13,11,,,Miroslav Balatka in 2019.jpg,
Q55043213,Zdeněk Hraba,male,1975,9,,,Zdeněk Hraba in 2019.tif,
Q55118635,Michal Šalomoun,male,1974-10-21,11,,,Ministr pro legislativu Michal Šalomoun 2021 (cropped).jpg,Michal Šalomoun
Q55172881,Rostislav Koštial,male,1960-10-21,11,,,Rostislav Koštial in 2019.tif,
Q55174000,Monika Červíčková,female,1967-02-09,11,,,,
Q55190312,Josef Ťulpík,male,1958-01-18,11,,,,
Q55202076,Zbyněk Fojtíček,male,1963-07-27,11,,,,
Q55236771,Pavel Karpíšek,male,1969-08-26,11,,,Pavel Karpíšek in 2019.tif,
Q554186,Jaroslav Šedivý,male,1929-11-12,11,,,Sedivy Jaroslav 1341.jpg,Jaroslav Šedivý
Q55441729,Jan Kněžínek,male,1979-05-08,11,,,,
Q55552687,Zdeněk Hřib,male,1981-05-21,11,,,Zdeněk Hřib 03.jpg,Zdeněk Hřib
Q55554362,Zdeňka Blišťanová,female,1964-08-05,11,,,,
Q55594748,Jana Maláčová,female,1981-06-24,11,,,Malacova 2019.jpg,Jana Maláčová
Q55753847,Ladislav Faktor,male,1957-04-09,11,,,Ladislav Faktor in 2019.jpg,
Q55757954,Michal Doležel,male,1986-06-20,11,,,Michal-Doležel-Třebíč2016b.jpg,
Q56155272,Jaroslav Kostelníček,male,1963-04-13,11,,,Jaroslav Kostelníček.jpg,
Q564004,Anna Šabatová,female,1951-06-23,11,,,Demonstrace-na-podporu-svobodného-Běloruska-Brno-2020-08-16g.jpg,Anna Šabatová
Q56433626,Věra Palkovská,female,1963-06-02,11,,,,
Q56441166,Jan Picka,male,1966-03-31,11,,,,
Q56446820,Jaroslav Válka,male,1962-03-24,11,,,,
Q56651188,Tomáš Petříček,male,1981-09-27,11,,,Tomáš Petříček (49553937436) (cropped).jpg,Tomáš Petříček
Q567781,Zdeněk Škromach,male,1953-12-31,11,,,Zdenek Skromach 2009.JPG,Zdeněk Škromach
Q56855018,Petr Venhoda,male,1986-07-25,11,,,,
Q56974631,Jan Blatný,male,1970-03-24,11,,,,Jan Blatný
Q56987421,Aleš Michl,male,1977-10-18,11,,,,
Q57077273,Renata Oulehlová,female,1968-03-31,11,,,Renata Oulehlová.jpg,
Q57245304,Jan Zapletal,male,1948-05-21,11,,,,
Q57414502,Karel Haas,male,1973-09-14,11,,,Karel Haas.jpg,
Q57434,Václav Klaus,male,1941-06-19,11,,,Vaclav Klaus headshot.jpg,Václav Klaus
Q57580439,Miroslav Adámek,male,1973-04-26,11,,,Miroslav Adámek in 2019.tif,
Q57664417,Josef Horinka,male,1968-12-07,11,,,Josef Horinka 26. 8. 2018.jpg,
Q57956036,Jiří Korec,male,1986-06-19,11,,,,
Q57976057,František Jura,male,1969-01-25,11,,,,
Q58195,Karel Schwarzenberg,male,1937-12-10,11,,,Karl von Schwarzenberg.jpg,Karel Schwarzenberg
Q58241908,Karolína Koubová,female,1985-02-10,11,,,Karolína Koubová (cropped).jpg,
Q58241966,Hynek Hanza,male,1977-10-14,11,,,Hanza teplice.jpg,Hynek Hanza
Q58318788,Miroslav Žbánek,male,1973-01-03,11,,,,
Q58637013,Andrea Pfeffer Ferklová,female,1975-01-01,11,,,Primátorka města.jpg,
Q58741450,Darina Kováčová,female,1986-05-20,11,,,Kovacovaproslov.png,
Q59221192,Petr Nedvědický,male,1955-04-30,11,,,,
Q60430428,Ondřej Šimetka,male,1970,9,,,Ondřej Šimetka.jpg,
Q60646663,Michal Šmarda,male,1975-07-06,11,,,Michal-Šmarda2019a.jpg,
Q60663852,Roman Hanák,male,1984-07-30,11,,,,
Q6068815,Irena Kočí,female,1955-09-17,11,,,IrenaKoci.jpg,Irena Kočí
Q6096116,Ivan David,male,1952-09-24,11,,,Ivan David 2019.jpg,Ivan David
Q6097220,Ivan Pilip,male,1963-08-04,11,,,Ivan Pilip.JPG,Ivan Pilip
Q6148813,Jan Dusík,male,1975-04-25,11,,,"Jan Dusík, RR, 20090228.jpg",Jan Dusík
Q61995650,Martin Kukla,male,1982-10-31,11,,,,
Q62005632,David Smoljak,male,1959-02-08,11,,,David Smoljak.jpg,
Q6203632,Jiří Dolejš,male,1961-01-24,11,,,Jiří Dolejš.jpg,Jiří Dolejš
Q6203704,Jiří Kittner,male,1963-01-05,11,,,,Jiří Kittner
Q6203748,Jiří Liška,male,1949-05-12,11,,,Jiří Liška - 2009.jpg,Jiří Liška (politician)
Q62087201,Karel Havlíček,male,1969-08-16,11,,,Karel Havlíček 2019.jpg,Karel Havlíček (politician)
Q62593484,Rudolf Salvetr,male,1964-04-23,11,,,,
Q6264498,Petr Kajnar,male,1956-01-28,11,,,,
Q630367,Jan Kasl,male,1951-12-31,11,,,Jan Kasl 2.jpg,Jan Kasl
Q63088531,Vladimír Kremlík,male,1972-12-09,11,,,,
Q6314781,Juraj Chmiel,male,1960-08-16,11,,,Juraj Chmiel.jpg,Juraj Chmiel
Q63225049,Iva Kalátová,female,1962-11-17,11,,,,
Q6376025,Kateřina Jacques,female,1971-06-02,11,,,Kateřina Jacques.jpg,Kateřina Jacques
Q64096525,Ondřej Babka,male,1994-02-22,11,,,Ondřej Babka.jpg,
Q6434601,Václav Klaus Jr.,male,1969-09-10,11,,,Konference - Média a moc - 2.3.2017 - Václav Klaus ml.png,Václav Klaus Jr.
Q64392196,František Navrkal,male,1992-09-15,11,,,František Navrkal 19 September 2019.jpg,
Q65114119,Radomír Pavlíček,male,1961-06-28,11,,,,
Q6542380,Libor Michálek,male,1968-12-14,11,,,Libor Michalek in 2012.JPG,Libor Michálek
Q6587709,David Macek,male,1976-07-09,11,,,,
Q66368474,Helena Bambasová,female,1958-09-15,11,2022-05-30,11,Helena Bambasová 2009.jpg,
Q66370897,Tünde Bartha,female,1976-01-24,11,,,,
Q6695637,Luboš Dobrovský,male,1932-02-03,11,2020-01-30,11,Luboš Dobrovský (2017).jpg,Luboš Dobrovský
Q67141542,Drahoslav Ryba,male,1962-12-02,11,,,,
Q6774950,Martin Barták,male,1967-02-14,11,,,Martin Bartak.jpg,Martin Barták
Q6776343,Martin Palouš,male,1950-10-14,11,,,Martin-Palouš-2012.jpg,Martin Palouš
Q6776355,Martin Pecina,male,1968-07-09,11,,,Pecina Martin 1247.jpg,Martin Pecina
Q6835577,Michael Žantovský,male,1949-01-03,11,,,Michael Zantovsky.jpg,Michael Žantovský
Q6835752,Michal Hašek,male,1976-04-17,11,,,Michal hasek 2014.jpg,Michal Hašek
Q6850388,Milada Emmerová,female,1944-11-04,11,,,Milada Emmerova.JPG,Milada Emmerová
Q6850754,Milan Štěch,male,1953-11-13,11,,,Milan Stech in 2012.JPG,Milan Štěch
Q685676,Petr Pithart,male,1941-01-02,11,,,Petr Pithart (2016).jpg,Petr Pithart
Q6874159,Miroslava Kopicová,female,1951-10-03,11,,,ESO Miroslava Kopicova.jpg,Miroslava Kopicová
Q69378079,Tibor Bial,male,1977-08-22,11,,,,
Q696669,Cyril Svoboda,male,1956-11-24,11,,,Flickr - europeanpeoplesparty - EPP Congress Warsaw (708) (cropped).jpg,Cyril Svoboda
Q707590,Pavel Dostál,male,1943-02-25,11,2005-07-24,11,Dostal.jpg,Pavel Dostál
Q709714,Pavel Ploc,male,1964-06-15,11,,,Pavel Ploc.JPG,Pavel Ploc
Q710830,Jan Březina,male,1954-04-14,11,,,Jan Březina.jpg,Jan Březina
Q712430,Pavel Bém,male,1963-07-18,11,,,Pavel Bem.jpg,Pavel Bém
Q7155625,Pavel Horák,male,1964-07-25,11,,,,
Q7155774,Pavel Svoboda,male,1962-04-09,11,,,"Wikiconference 2015 Prague, 277.jpg",Pavel Svoboda
Q7155804,Pavel Zářecký,male,1940-04-21,11,,,,Pavel Zářecký
Q7155821,Pavel Žáček,male,1969-05-18,11,,,Pavel Žáček 2017 Praha.jpg,Pavel Žáček
Q717790,Bohuslav Ebermann,male,1948-09-19,11,,,Bohuslav Ebermann Panini 1979.jpg,Bohuslav Ebermann
Q7178537,Petr Kolář,male,1962-09-27,11,,,Petr Kolář (2019).jpg,Petr Kolář
Q7178605,Petr Šimerka,male,1948-11-22,11,,,,Petr Šimerka
Q722742,Jiří Čunek,male,1959-02-22,11,,,Jiří Čunek in 2019.jpg,Jiří Čunek
Q722971,Jiří Šlégr,male,1971-05-30,11,,,Jiří Šlégr.jpg,Jiří Šlégr
Q7312600,Renata Vesecká,female,1960-03-27,11,,,Svět knihy 2009 - Renata Vesecká.jpg,Renata Vesecká
Q73396392,Petr Kubis,male,1968-11-28,11,,,,
Q7370022,Rostislav Vondruška,male,1961-03-24,11,,,Svět knihy 2010 - Rostislav Vondruška.JPG,Rostislav Vondruška
Q7382743,Rut Bízková,female,1957-07-19,11,,,Rut bizkova.jpg,Rut Bízková
Q741884,Hynek Fajmon,male,1968-05-17,11,,,"Hynek Fajmon (2011, Vladislavský sál).jpg",Hynek Fajmon
Q75238548,Petr Hýbler,male,1978-04-08,11,,,,
Q77833405,Hana Naiclerová,female,1972-06-19,11,,,,
Q7938786,Vladimír Buřt,male,1964-03-16,11,,,Vladimir Burt.jpg,Vladimír Buřt
Q7938841,Vladimír Tošovský,male,1961-10-17,11,,,,Vladimír Tošovský
Q80333898,Michael Kašpar,male,1983-07-12,11,,,,
Q82103584,Karel Jurka,male,1973-08-29,11,,,,
Q8311874,Miroslav Beneš,male,1956-04-05,11,,,,
Q8311967,Jaromír Talíř,male,1950-08-09,11,,,,
Q8312023,Miroslav Tetter,male,1938-04-03,11,2021-08-11,11,Miroslav Tetter BJF 2010.jpg,Miroslav Tetter
Q8312605,Vlasta Bohdalová,female,1957-09-18,11,,,,
Q8312621,Václav Pícl,male,1959-12-03,11,,,,
Q8312629,Milan Šmíd,male,1952-01-08,11,,,,
Q8312838,Miroslav Máče,male,1956,9,,,,
Q83276376,Zdeněk Kutner,male,1959-12-09,11,,,,
Q83305193,Jan Grolich,male,1984-06-11,11,,,,
Q83312401,Robin Povšík,male,1979-01-02,11,,,,
Q83404797,Libor Lesák,male,1965-07-30,11,,,,
Q84314872,Josef Bazala,male,1960-02-14,11,,,Insignie města Staré Město.jpg,
Q84770280,Petra Pecková,female,1975-10-12,11,,,PetraPeckova.jpg,
Q8503623,Zdeněk Štengl,male,1965-09-05,11,,,,
Q85181434,Jiří Snížek,male,1989-07-13,11,,,Jiří Snížek 11 July 2018.jpg,
Q85290904,Karel Karika,male,1960-10-24,11,,,Karel Karika 17 July 2018.jpg,
Q85593835,Adéla Šípová,female,1980-09-22,11,,,Adéla Šípová.jpg,
Q85855896,Josef Suchánek,male,1963-01-15,11,,,Josef Suchánek 3 September 2020.jpg,
Q8694198,Vlastimil Aubrecht,male,1953-12-23,11,,,,
Q890924,Bohumil Fišer,male,1943-10-22,11,2011-03-21,11,"Bohumil Fišer, Brno, 2008.jpg",
Q890970,Bohuslav Svoboda,male,1944-02-08,11,,,Bohuslav Svoboda 2019.jpg,Bohuslav Svoboda
Q890971,Bohuslav Sobotka,male,1971-10-23,11,,,B Sobotka 2015 Praha.JPG,Bohuslav Sobotka
Q920340,Pavel Pavel,male,1957-03-11,11,,,"Ing. Pavel Pavel, 20. kvetna 2020, Praha.jpg",Pavel Pavel
Q9263360,František Chobot,male,1939-02-19,11,2013-08-20,11,,
Q939484,Alexandr Vondra,male,1961-08-17,11,,,Alexandr Vondra 2017 Praha (2).jpg,Alexandr Vondra
Q939539,Miroslav Kalousek,male,1960-12-12,11,,,Miroslav Kalousek Praha 2018.jpg,Miroslav Kalousek
Q93974257,Alois Mačák,male,1964-03-10,11,,,,
Q942579,Richard Falbr,male,1940-09-29,11,,,"Richard Falbr MEP, Strasbourg - Diliff.jpg",Richard Falbr
Q943014,Jan Kohout,male,1961-03-29,11,,,Jan Kohout2009.jpg,Jan Kohout
Q944960,Pavel Svoboda,male,1987,9,,,Pavel Svoboda (Organist).jpg,Pavel Svoboda (organist)
Q946639,Miroslav Ouzký,male,1958-08-18,11,,,Miroslav Ouzký 02.JPG,Miroslav Ouzký
Q949785,Vojtěch Filip,male,1955-01-13,11,,,Vojtěch Filip březen 2013.JPG,Vojtěch Filip
Q949828,Lubomír Zaorálek,male,1956-09-06,11,,,Lubomír Zaorálek 2014 (cropped).jpg,Lubomír Zaorálek
Q95083672,Igor Hendrych,male,1967-11-19,11,,,,
Q95087319,Jan Břížďala,male,1993-08-31,11,,,,
Q95140800,Matěj Havel,male,1987-02-12,11,,,,
Q95142503,Viktor Vojtko,male,1978-09-01,11,,,,
Q95146618,Milan Wenzl,male,1959-05-12,11,,,,
Q95147639,Rudolf Seifert,male,1960-06-21,11,,,,
Q95148584,Ondřej Lochman,male,1980-10-30,11,,,,
Q95172769,Roman Kraus,male,1955-10-27,11,,,Roman Kraus.jpg,
Q95176450,Roman Bělor,male,1958-08-09,11,,,,
Q95231207,Miloš Nový,male,1960-01-18,11,,,,
Q95241311,Šárka Chvalová,female,1965-04-19,11,,,,
Q95399573,Ivana Mádlová,female,1966-03-31,11,,,,
Q95479475,Michel Fleischmann,male,1952-02-08,11,,,Michal Fleischmann 2020.jpg,
Q95481437,Jiří Klsák,male,1954-02-24,11,,,Karlovy Vary Jiří Klsák (01).jpg,
Q956637,Pavel Drobil,male,1971-10-18,11,,,Drobil01.jpg,
Q96144643,František Talíř,male,1993-06-24,11,,,"František Talíř, 2022.jpg",
Q961656,Libor Rouček,male,1954-09-04,11,,,Libor Roucek 01.JPG,Libor Rouček
Q962333,Jiří Pospíšil,male,1975-11-24,11,,,"Praha, Magistrát, TK Jiří Pospíšil II.jpg",Jiří Pospíšil
Q96280795,Martin Klika,male,1970-03-09,11,,,,
Q96748525,Daniel Lebduška,male,1989-09-30,11,,,Daniel Lebduška 22 June 2020.jpg,
Q97286658,Petr Štěpánek,male,1964-05-02,11,,,,
Q97291653,Marek Ošťádal,male,1973-08-28,11,,,,
Q97293046,Helena Pešatová,female,1959,9,,,,
Q97459712,Ivo Trešl,male,1972-07-05,11,,,Ivo Trešl.jpg,
Q97460553,Pavel Kárník,male,1960-06-25,11,,,,
Q97619712,Josef Klement,male,1971-07-22,11,,,Josef Klement.jpg,
Q97931187,Jan Grulich,male,1975-05-25,11,,,,
Q97932731,Karel Zitterbart,male,1978-10-08,11,,,,
Q98479354,Irena Blažková,female,1969-05-06,11,,,,
Q98496159,Karel Bendl,male,1971-02-14,11,,,,
Q98518191,Marcela Krejsová,female,1958-06-12,11,,,,
Q98774612,Radim Holiš,male,1975-08-12,11,,,,
Q98775329,Martin Hrabánek,male,1972-10-27,11,,,,
Q99151264,Lubomír Šmíd,male,1959,9,,,,
Q99841773,Markéta Monsportová,female,1972-06-24,11,,,,
