id,name,gender,dob,dobp,dod,dodp,image,enwiki
Q104051298,Nissim Vaturi,male,1969-10-23,11,,,Nissim Vaturi.jpg,Nissim Vaturi
Q104419412,Shevach Stern,male,1951-04-23,11,,,Shevach Stern.jpg,Shevah Stern
Q104445697,Matti Yogev,female,1966-09-22,11,,,,Matti Yogev
Q104465875,Yael Ron Ben-Moshe,female,1978-11-14,11,,,יעל רון בן משה.jpg,Yael Ron Ben-Moshe
Q104696368,Moshe Tur-Paz,male,1972-04-29,11,,,משה טורפז חבר כנסת יש עתיד.jpg,Moshe Tur-Paz
Q104696632,Vladimir Beliak,male,1973-08-16,11,,,בליאק.jpg,Vladimir Beliak
Q105076402,Ghaida Rinawie Zoabi,female,1972,9,,,גיידאא רינאוי זועבי (cropped).jpg,Ghaida Rinawie Zoabi
Q105103347,Avi Maoz,male,1956-07-06,11,,,"Avi Maoz, 2021.jpeg",Avi Maoz
Q105127281,Simcha Rothman,male,1980-08-13,11,,,Simcha Rothman.jpg,Simcha Rothman
Q105235745,Anat Knafo,female,1963-09-03,11,,,,Anat Knafo
Q105581659,Amichai Chikli,male,1981-09-12,11,,,עמיחי שיקלי צילום ראובן קפוצ׳ינסקי.jpg,Amichai Chikli
Q105628745,Mishel Buskila,male,1966-04-20,11,,,,
Q106226055,Nir Orbach,male,1970-04-06,11,,,Nir Orbach.jpg,Nir Orbach
Q106226059,Abir Kara,male,1983-10-27,11,,,Abir Kara.jpg,Abir Kara
Q106226063,Ron Katz,male,1985-10-04,11,,,,Ron Katz
Q106226075,Michal Woldiger,female,1969-01-06,11,,,Michal Waldiger.jpg,Michal Waldiger
Q106226078,Nira Shpak,female,1966-07-20,11,,,,Nira Shpak
Q106427258,Haim Biton,male,1978-01-17,11,,,חיים ביטון.jpg,Haim Biton
Q106962786,David Barnea,male,1965-03-29,11,,,"David Barnea, May 2022 (cropped).jpg",David Barnea
Q107224635,Elina Bardach-Yalov,female,1982-01-20,11,,,Elina Bardach-Yalov.jpg,Elina Bardach-Yalov
Q107224738,Tania Mazarsky,female,1976-09-08,11,,,,Tania Mazarsky
Q107225905,Yasmin Fridman,female,1973-06-12,11,,,Yasmin Fridman.jpg,Yasmin Fridman
Q107264625,Naama Lazimi,female,1986-01-11,11,,,Naama lazimi.jpg,Naama Lazimi
Q107287675,Yomtob Kalfon,male,1986-06-16,11,,,יום טוב כלפון.jpg,Yomtob Kalfon
Q107328825,Inbar Bezek,female,1974-05-10,11,,,"ח""כ ענבר בזק.jpg",Inbar Bezek
Q107359576,Naama Schultz,female,1976,9,,,,
Q107972390,Sharon Roffe Ofir,female,1970-12-16,11,,,,Sharon Roffe Ofir
Q108807391,Sharon Rappaport Palgi,female,,,,,,
Q110612168,Gali Baharav Miara,female,1959-09-18,11,,,Gali Baharav-Miara.jpg,Gali Baharav-Miara
Q110831778,Mordechai Rodgold,male,1964-12-22,11,,,Ambassador Mordechai Denis Paul Rodgold (01313717) (49449171593).jpg,
Q113954249,Orna Shtarkman,female,1982-11-16,11,,,,Orna Starkmann
Q1149751,Élie Barnavi,male,1946,9,,,Elie Barnavi(1).jpg,Élie Barnavi
Q1159122,Dan Meridor,male,1947-04-23,11,,,Dan meridor.jpg,Dan Meridor
Q1159747,Danny Yatom,male,1945-03-15,11,,,Danny Yatom profile.jpg,Danny Yatom
Q116194,Yossi Peled,male,1941-01-18,11,,,Ypeled.JPG,Yossi Peled
Q1175220,David Levy,male,1937-12-21,11,,,David Levy (26927184749) (cropped).jpg,David Levy (Israeli politician)
Q11978680,Joel Alon,male,1935-01-05,11,,,,
Q11984177,Liora Herzl,female,1954,9,,,"Liora Herzl, January 2018 (3159) (cropped).jpg",
Q11989257,Michael Eligal,male,1948,9,,,,
Q12181439,Ayman Odeh,male,1975-01-01,11,,,Ayman Odeh 2021.png,Ayman Odeh
Q12214511,Zaki al-Ghul,male,1926,9,2019-04-28,11,,Zaki al-Ghul
Q12403861,Itamar Ben Gvir,male,1976-05-06,11,,,Itamar Ben Gvir (portrait).jpg,Itamar Ben-Gvir
Q12404247,Arieh Levavi,male,1912-06-03,11,2009-02-01,11,Aryeh levavi.jpeg,Arieh Levavi
Q12405892,Dror Eydar,male,1967-07-19,11,,,,Dror Eydar
Q12407210,Zouheir Bahloul,male,1950-12-24,11,,,Zouheir Bahloul.jpg,Zouheir Bahloul
Q12407970,Yossi Yona,male,1953-06-08,11,,,Yossi Yonah (6934779859).jpg,Yossi Yona
Q12409594,Moshe Lion,male,1961-10-06,11,,,Moshe lion mayor of jerusalem.jpg,Moshe Lion
Q12410181,Aida Touma-Sliman,female,1964-07-16,11,,,Aida Touma-Suleiman 2021.png,Aida Touma-Suleiman
Q12412051,Theodor Or,male,1934-03-20,11,,,Theodor Or (27907382).jpg,
Q1247506,Mordechay Lewy,male,1948-05-15,11,,,Empfang 60 Jahre Mission des Staates Israel im Rathaus Köln-6949.jpg,Mordechay Lewy
Q125731,Ehud Barak,male,1942-02-12,11,,,Ehud Barak 2016 - Herzliya Conference 2016 3015 (cropped).jpg,Ehud Barak
Q12814703,Ilan Mor,male,1955,9,,,"Ilan Mor - Nagycsarnok, 2013.08.30 (1).JPG",Ilan Mor
Q128888,Binyamin Ben-Eliezer,male,1936-02-12,11,2016-08-28,11,סיור שר הביטחון בנימין בן אליעזר בחיל האוויר (cropped).jpg,Binyamin Ben-Eliezer
Q128911,Ezer Weizman,male,1924-06-15,11,2005-04-24,11,Ezer Weizman 9.jpg,Ezer Weizman
Q128949,Miri Regev,female,1965-05-26,11,,,Miri Regev 01.jpg,Miri Regev
Q1290588,Yakov Hadas-Handelsman,male,1957-08-22,11,,,Antrittsbesuch des Botschafters von Israel im Rathaus von Köln-7770.jpg,Yacov Hadas-Handelsman
Q1296472,Efraim Halevy,male,1934-12-02,11,,,Efraim Halevy.jpg,Efraim Halevy
Q1296492,Efraim Sneh,male,1944-09-19,11,,,Efraim Sneh.jpg,Efraim Sneh
Q1337669,Ophir Pines-Paz,male,1961-07-11,11,,,Ophir Pines-Paz.jpg,Ophir Pines-Paz
Q13417024,Eitan Na'eh,male,1963-09-17,11,,,Eitan Naeh.jpg,Eitan Na'eh
Q1344931,Omri Sharon,male,1964-08-19,11,,,,Omri Sharon
Q1361809,Roni Bar-On,male,1948-06-02,11,,,Roni Bar-On.jpg,Roni Bar-On
Q1362317,Yuval Steinitz,male,1958-04-10,11,,,יובל שטייניץ.jpg,Yuval Steinitz
Q1367272,Moshe Feiglin,male,1962-07-31,11,,,Moshe Feiglin.jpg,Moshe Feiglin
Q1371452,Michael Nudelman,male,1938-06-30,11,2018-12-25,11,Michael Nudelman.JPG,Michael Nudelman
Q1380540,Matan Vilnai,male,1944-05-20,11,,,Matan Vilnai.JPG,Matan Vilnai
Q1382012,Yuri Stern,male,1949-03-29,11,2007-01-16,11,Yuri Stern by Anton Nossik.jpg,Yuri Stern
Q1384666,Aliza Bin-Noun,female,,7,,,Aliza Bin-Noun par Claude Truong-Ngoc mars 2016.jpg,Aliza Bin-Noun
Q1385119,Yisrael Hasson,male,1955-04-27,11,,,Israel hasson.JPG,Yisrael Hasson
Q1391548,Meir Porush,male,1955-06-11,11,,,Meirporush.JPG,Meir Porush
Q1396120,Yair Lapid,male,1963-11-05,11,,,Yair Lapid 2021 (cropped).jpg,Yair Lapid
Q143172,Yossi Sarid,male,1940-10-24,11,2015-12-04,11,Yossi Sarid.JPG,Yossi Sarid
Q151796,Tzipi Livni,female,1958-07-08,11,,,Tzipi Livni (38130112).jpg,Tzipi Livni
Q15298651,Rahel Azaria,female,1977-12-21,11,,,רחל עזריה2016.jpg,Rachel Azaria
Q1572575,Hamad Amar,male,1964-11-05,11,,,"Hamad Amar, November 2018 (cropped).jpg",Hamad Amar
Q15725863,Yossi Cohen,male,1961-09-10,11,,,Yossi Cohen.jpg,Yossi Cohen
Q16128811,Tali Ploskov,female,1962-07-30,11,,,Flickr - U.S. Embassy Tel Aviv - Ambassador Shapiro visits the city of Arad No.068 (cropped).jpg,Tali Ploskov
Q16131655,Eitan Broshi,male,1950-06-17,11,,,איתן ברושי.jpg,Eitan Broshi
Q16492082,Dorit Shavit,female,1949-03-13,11,,,Dorit Shavit (7931429700) (cropped).jpg,Dorit Shavit
Q1660317,Hana Sweid,male,1955-03-27,11,,,Hana Sweid.JPG,Hana Sweid
Q170310,Rehavam Ze'evi,male,1926-06-20,11,2001-10-17,11,Gandy6.jpg,Rehavam Ze'evi
Q1711779,Yuli Edelstein,male,1958-08-05,11,,,יולי אדלשטיין - תמונת פרופיל.jpg,Yuli Edelstein
Q17280189,Yoav Ben-Tzur,male,1958-06-11,11,,,יואב בן צור סגן שר הפנים של ישראל .jpg,Yoav Ben-Tzur
Q175792,Effi Eitam,male,1952-07-25,11,,,EeHeadshot.JPG,Effi Eitam
Q18120856,Haim Jelin,male,1958-08-12,11,,,"חבר הכנסת חיים ילין באולפן ""פרלמנט שישי"" עם רועי כ""ץ ברדיו תל אביב (cropped).jpg",Haim Jelin
Q18120890,Avi Nissenkorn,male,1967-03-20,11,,,אבי ניסנקורן תמונה.jpg,Avi Nissenkorn
Q18121227,Ruth Wasserman Lande,female,1976-02-28,11,,,IMG-20210121-WA0092.jpg,Ruth Wasserman Lande
Q181832,Moshe Katsav,male,1945-12-05,11,,,"Moshe Katsav 2, by Amir Gilad.JPG",Moshe Katsav
Q1820307,Michael Eitan,male,1944-03-06,11,,,Miki eitan.JPG,Michael Eitan
Q18368428,Yehuda Glick,male,1965-11-20,11,,,Yehuda Glick.jpg,Yehudah Glick
Q18522625,Mufid Mari,male,1959-05-15,11,,,Mufid Mari.JPG,Mufid Mari
Q18577963,Ram Ben-Barak,male,1958-04-01,11,,,Ram Ben-Barak (cropped).jpg,Ram Ben-Barak
Q18702699,Lior Edri,male,1979-02-13,11,,,,Lior Edri
Q18753926,Gaby Lasky,female,1967-03-18,11,,,Gaby Lasky 180222 023 (cropped).jpg,Gaby Lasky
Q18755548,David Bitan,male,1960-04-08,11,,,חבר הכנסת דוד ביטן.jpg,David Bitan
Q18759744,Bezalel Smotrich,male,1980-02-27,11,,,Bezalel Smotrich (cropped).jpg,Bezalel Smotrich
Q18764191,Revital Swid,female,1967-08-17,11,,,Swid Revital.jpg,Revital Swid
Q18785311,Yoav Kish,male,1968-12-06,11,,,Yoav Kish (cropped).jpg,Yoav Kisch
Q18814801,Amira Oron,female,1967,9,,,Amira Oron.jpg,Amira Oron
Q18814813,Ksenia Svetlova,female,1977-07-28,11,,,Ksenia Svetlova (19189478480) (cropped) (cropped).jpg,Ksenia Svetlova
Q18822566,Galit Distel Atbaryan,female,1971-01-10,11,,,,Galit Distel-Atbaryan
Q188386,Yaakov Neeman,male,1939-09-16,11,2017-01-01,11,Yaakov Neeman2012-2.jpg,Yaakov Neeman
Q19201160,Dudi Amsalem,male,1960-08-11,11,,,Dudi Amsalem 2.jpg,Dudi Amsalem
Q1921951,Meron Reuben,male,1961,9,,,Meron Reuben.jpg,
Q19607849,Abd al-Hakim Hajj Yahya,male,1965-02-16,11,,,Abd al-Hakim Hajj Yahya 1.jpg,Abd al-Hakim Hajj Yahya
Q19615491,Miki Zohar,male,1980-03-28,11,,,Miki Zohar.jpg,Miki Zohar
Q19615664,Anat Berko,female,1960-01-14,11,,,Anat-Berko-0016 (cropped).jpg,Anat Berko
Q19615870,Nava Boker,female,1970-11-15,11,,,Nava Boker.jpg,Nava Boker
Q19627844,Nurit Koren,female,1960-02-24,11,,,Nurit Koren.JPG,Nurit Koren
Q19627861,Yaron Mazuz,male,1962-07-11,11,,,,Yaron Mazuz
Q19627890,Oren Hazan,male,1981-10-28,11,,,JPG.אורן חזן.jpg,Oren Hazan
Q19628142,Osama Saadi,male,1963-02-21,11,,,"Osama Saadi, 2016 (cropped).JPG",Osama Saadi
Q19628276,Yousef Jabareen,male,1972-02-23,11,,,Yousef Jabareen 2021.png,Yousef Jabareen
Q19634009,Abdullah Abu Ma'aruf,male,1956-12-30,11,,,עבדאללה אבו מערוף.jpg,Abdullah Abu Ma'aruf
Q19634024,Eli Cohen,male,1972-10-03,11,,,"שר הכלכלה והתעשייה, חבר הקבינט הבטחוני מדיני אלי כהן. ליכוד.jpg",Eli Cohen (politician born 1972)
Q19634029,Meirav Ben Ari,female,1975-11-13,11,,,מירב בן ארי.jpg,Meirav Ben-Ari
Q19634034,Ayelet Nahmias-Verbin,female,1970-06-19,11,,,חברת הכנסת איילת נחמיאס ורבין.jpg,Ayelet Nahmias-Verbin
Q19634043,Yifat Shasha-Biton,female,1973-05-23,11,,,יפעת שאשא ביטון.jpg,Yifat Shasha-Biton
Q1963446,Naftali Tamir,male,1944-12-11,11,,,"Naftali Tamir, September 2011 (6169477496) (cropped).jpg",Naftali Tamir
Q19655898,Roy Folkman,male,1975-08-05,11,,,Roy Folkman.JPG,Roy Folkman
Q1967775,Stas Misezhnikov,male,1969-02-28,11,,,Stas Misezhnikov 012.jpg,Stas Misezhnikov
Q197108,Ze'ev Boim,male,1943-04-30,11,2011-03-18,11,Zevik Boim.jpg,Ze'ev Boim
Q19749308,Avi Gabbay,male,1967-02-22,11,,,Avi Gabay 2017 (cropped).jpg,Avi Gabbay
Q2000478,Victor Brailovsky,male,1935-12-27,11,,,,Victor Brailovsky
Q20071716,Orly Fruman,female,1955-06-14,11,,,"Orly Fruman, gen. director of culture &sport ministry in munich massacre memorial, Tel Aviv, 2013.JPG",Orly Fruman
Q20071724,Orit Farkash Hacohen,female,1970-12-29,11,,,אורית פרקש הכהן- חוסן לישראל.jpg,Orit Farkash-Hacohen
Q2037896,Michael Kleiner,male,1948-04-04,11,,,Kleiner.jpg,Michael Kleiner
Q2044736,Yitzhak Aharonovich,male,1950-08-22,11,,,"יצחק אהרונוביץ, יו""ר תעש מערכות.jpg",Yitzhak Aharonovich
Q20502667,Eli Groner,male,1970-09-02,11,,,"Israel business conference, Eli Groner.jpg",
Q2059469,Lia Shemtov,female,1958-05-25,11,,,"Lia Shemtov, March of Life in Poland 2012.jpg",Lia Shemtov
Q2059478,David Rotem,male,1949-01-11,11,2015-06-08,11,David Rotem 005.jpg,David Rotem
Q2059487,Moshe Matalon,male,1953-05-12,11,,,Moshe Matalon 002.jpg,Moshe Matalon
Q2060651,Yulia Shamalov-Berkovich,female,1964-04-01,11,,,,Yulia Shamalov-Berkovich
Q2066203,Orit Svetlana Zuaretz,female,1967-02-21,11,,,Knesset Member Orit Zuaretz 1.jpg,Orit Zuaretz
Q2079300,Tal Russo,male,1959-09-27,11,,,Tal Russo Aug-2011.JPG,Tal Rousso
Q2080721,Ze'ev Bielski,male,1949-03-13,11,,,Zeev Bielski.jpg,Ze'ev Bielski
Q2082327,Eliezer Moses,male,1946-10-20,11,,,Eliezer Moses.jpg,Eliezer Moses
Q20824112,Sharren Haskel,female,1984-03-04,11,,,Sharren Haskel.JPG,Sharren Haskel
Q2088195,Aviv Kochavi,male,1964-04-23,11,,,Avivcoch.jpeg,Aviv Kochavi
Q20898016,Oded Forer,male,1977-05-30,11,,,"ח""כ עודד פורר.jpg",Oded Forer
Q21154875,Yael Cohen Paran,female,1973-10-12,11,,,Yael Cohen Paran (cropped).jpg,Yael Cohen Paran
Q2120884,Yaakov Litzman,male,1948-09-02,11,,,הרב יעקב ליצמן.jpg,Yaakov Litzman
Q2141400,Yaakov Edri,male,1950-11-25,11,,,עם ראש הממשלה בעיר הבהדים.jpg,Yaakov Edri
Q2161113,Rodica Radian-Gordon,female,1957-07-10,11,,,Rodica Radian (P70704-181906).jpg,Rodica Radian-Gordon
Q21794010,Amir Ohana,male,1976-03-15,11,,,MK Amir Ohana (cropped).jpg,Amir Ohana
Q22259724,Yigal Guetta,male,1966-03-18,11,,,יגאל גואטה.jpg,Yigal Guetta
Q223354,Eli Cohen,male,1949-05-29,11,,,אלי אליהו כהן.jpg,Eli Cohen (politician born 1949)
Q2255438,Menachem Ben-Sasson,male,1951-07-07,11,,,IMG 4730 Ben sasson menahem.JPG,Menachem Ben-Sasson
Q2261419,Naim Araidi,male,1950-04-02,11,2015-10-02,11,,Naim Araidi
Q2277956,Rachel Adato,female,1947-06-21,11,,,Rachel Adato.jpg,Rachel Adato
Q2301106,Tzachi Hanegbi,male,1957-02-26,11,,,Tzachi Hanegbi. Photo by Haim Zach - GPO (cropped).jpg,Tzachi Hanegbi
Q231370,Zvi Heifetz,male,1956-12-09,11,,,Zvi Heifetz (11320821013).jpg,Zvi Heifetz
Q231386,Zvi Ravner,male,1950,9,,,Zvi Rav-Ner.jpg,
Q2328910,Asher Grunis,male,1945-01-17,11,,,ASHER D. GRUNIS.jpg,Asher Grunis
Q2330458,Yariv Levin,male,1969-06-22,11,,,Yariv Levin.JPG,Yariv Levin
Q2330469,Lea Nass,female,1961-12-27,11,,,Lea Nass D791-003 (cropped).jpg,Lea Nass
Q2330483,Ya'akov Margi,male,1960-11-18,11,,,Ya'akov Margi.jpg,Ya'akov Margi
Q2330498,Zion Pinyan,male,1951,9,,,Zion Pinyan.JPG,Zion Pinyan
Q2330514,Avraham Michaeli,male,1957-03-29,11,,,,Avraham Michaeli
Q2330538,Carmel Shama,male,1973-08-16,11,,,כרמל שאמה הכהן.jpg,Carmel Shama
Q2330547,Uri Maklev,male,1957-01-10,11,,,Uri Maklev.JPG,Uri Maklev
Q2330554,Afu Agbaria,male,1949-05-13,11,,,Afu Agbaria.jpg,Afu Agbaria
Q2330567,Aryeh Bibi,male,1943-04-28,11,,,Aryeh Bibi.jpg,Aryeh Bibi
Q2330582,Nino Abesadze,female,1965-04-12,11,,,NinoAb.jpeg,Nino Abesadze
Q2331049,Orit Noked,female,1952-10-25,11,,,Oritnoked.jpg,Orit Noked
Q2331073,Shachiv Shnaan,male,1961-06-20,11,,,,Shachiv Shnaan
Q2331090,Uri Orbach,male,1960-03-28,11,2015-02-16,11,Uri Orbach.JPG,Uri Orbach
Q2331109,Yitzhak Vaknin,male,1958-05-12,11,,,Yitzhak Vaknin.jpg,Yitzhak Vaknin
Q2331314,David Azulai,male,1954-05-05,11,2018-10-30,11,David Azulai.jpg,David Azulai
Q2331325,Amnon Cohen,male,1960-06-01,11,,,AmnonCohen 6807.jpg,Amnon Cohen
Q2331338,Daniel Ben-Simon,male,1954-04-29,11,,,Daniel Ben Simon.jpg,Daniel Ben-Simon
Q2331382,Robert Tiviaev,male,1961-06-22,11,,,Robert Tiviaev - Kadima.JPG,Robert Tiviaev
Q2332924,Doron Avital,male,1959-01-22,11,,,,Doron Avital
Q234190,Dalia Itzik,female,1952-10-20,11,,,Dalya Itzik 1.png,Dalia Itzik
Q2373588,Yosef Shagal,male,1949-03-25,11,,,Yosef Shagal 2015 (cropped).JPG,Yosef Shagal
Q2375726,Uri Ariel,male,1952-12-22,11,,,Ariel uri-yehuda.jpg,Uri Ariel
Q2386604,Moshe Gafni,male,1952-05-05,11,,,Gafni (cropped).png,Moshe Gafni
Q2419510,Shelly Yachimovich,female,1960-03-28,11,,,Shelly Yachimovich 2.jpg,Shelly Yachimovich
Q2420712,Ahmad Tibi,male,1958-12-19,11,,,Ahmad Tibi 2021.png,Ahmad Tibi
Q24276432,Yulia Malinovsky,female,1975-09-05,11,,,יוליה מלינובסקי.jpg,Yulia Malinovsky
Q24639855,Gary Koren,male,1959-07-23,11,,,Gary Koren (cropped).jpg,
Q2468984,Yoel Razvozov,male,1980-07-05,11,,,יואל רזבוזוב.jpg,Yoel Razvozov
Q2504940,Jamal Zahalka,male,1955-01-11,11,,,Jamal Zhalka2009.JPG,Jamal Zahalka
Q2513525,Shimon Ohayon,male,1945-06-01,11,,,Shimon Ohayon.jpeg,Shimon Ohayon
Q252544,Tamir Pardo,male,1953,9,,,Tamir Pardo.jpg,Tamir Pardo
Q25490011,May Golan,female,1986-05-03,11,,,,May Golan
Q2563029,Yuli Tamir,female,1954-02-26,11,,,Yuli Tamir2018.jpg,Yuli Tamir
Q2573759,Avraham Poraz,male,1945-08-09,11,,,Avraham Poraz 2012-1.jpg,Avraham Poraz
Q2579152,Ya'akov Katz,male,1951-09-29,11,,,"Yaakov Katz, February 2018 (6146) (cropped).jpg",Ya'akov Katz (politician born 1951)
Q2581598,Zevulun Orlev,male,1945-11-09,11,,,Zevulun Orlev official.jpg,Zevulun Orlev
Q2581825,Michael Oren,male,1955-05-20,11,,,OFFICIAL PHOTO.jpg,Michael Oren
Q2582008,Mohammad Barakeh,male,1955-07-25,11,,,Mohammad Barakeh.jpg,Mohammad Barakeh
Q2583214,Haim Katz,male,1947-12-21,11,,,Haim Katz.jpg,Haim Katz
Q2583898,Ze'ev Elkin,male,1971-04-03,11,,,זאב אלקין (cropped).png,Ze'ev Elkin
Q2584267,Ayoob Kara,male,1955-03-12,11,,,Ayoub Kara.JPG,Ayoob Kara
Q2601049,Yossi Gal,male,1950,9,,,Yossi Gal par Claude Truong-Ngoc juin 2014.jpg,Yossi Gal
Q2612708,Ruhama Avraham,female,1964-01-29,11,,,Ruhama Avraham 2008.JPG,Ruhama Avraham
Q2612715,Yoel Hasson,male,1973-04-02,11,,,"MK Yoel Hasson, Adi Orani 2019 (cropped).jpg",Yoel Hasson
Q2612721,Nachman Shai,male,1946-11-28,11,,,Nachman Shai VOA (cropped).jpg,Nachman Shai
Q2612852,Einat Wilf,female,1970-12-11,11,,,Einatpic.jpg,Einat Wilf
Q2612867,Nissim Ze'ev,male,1951-09-09,11,,,NissimZeev.JPG,Nissim Ze'ev
Q2613034,Daniel Hershkowitz,male,1953-01-02,11,,,הרב פרופ' דניאל הרשקוביץ (23685465854) (cropped).jpg,Daniel Hershkowitz
Q2613056,Michael Ben-Ari,male,1963-10-12,11,,,Michael Ben Ari 2.jpg,Michael Ben-Ari
Q2613062,Eitan Cabel,male,1959-08-23,11,,,Eitan Cabel.jpg,Eitan Cabel
Q2613072,Otniel Schneller,male,1952-01-28,11,,,Schneller Herodion.jpg,Otniel Schneller
Q2614407,Menachem Mazuz,male,1955-04-30,11,,,Menimazuz 2.jpg,Menachem Mazuz
Q2614411,Avraham Ravitz,male,1934-01-13,11,2009-01-26,11,Avraham Ravitz.JPG,Avraham Ravitz
Q2614420,Yisrael Eichler,male,1955-03-27,11,,,,Yisrael Eichler
Q26197112,Ilan Sztulman,male,1957,9,,,Ilan Sztulman (cropped).jpg,Ilan Sztulman
Q2628087,Salah Tarif,male,1954-02-09,11,,,Salah Tarif (7631373532) (cropped).jpg,Salah Tarif
Q2630062,Zahava Gal-On,female,1956-01-04,11,,,Zahava Galon.jpg,Zehava Gal-On
Q2630086,Shalom Simhon,male,1956-12-07,11,,,Shalom simchom1.JPG,Shalom Simhon
Q2630091,Ilan Gilon,male,1956-05-12,11,2022-05-01,11,Ilan Gilon1.jpg,Ilan Gilon
Q2647610,Yuval Zellner,male,1978-03-02,11,,,Yuval Zellner.jpg,Yuval Zellner
Q265006,Moshe Kahlon,male,1960-11-19,11,,,Moshe Kahlon (cropped).jpg,Moshe Kahlon
Q2658565,Dov Khenin,male,1958-01-10,11,,,Dovkhenin.jpg,Dov Khenin
Q2660886,Uzi Landau,male,1943-08-02,11,,,Uzi Landau 001.jpg,Uzi Landau
Q2663586,Benny Begin,male,1943-03-01,11,,,Ze'ev Benyamin Begin.jpg,Benny Begin
Q2663804,Gilad Erdan,male,1970-09-30,11,,,Gilad Erdan.jpg,Gilad Erdan
Q2670985,Aryeh Deri,male,1959-02-17,11,,,אריה דרעי 2.jpg,Aryeh Deri
Q268262,Yael Dayan,female,1939-02-12,11,,,Yael Dayan.jpg,Yael Dayan
Q271402,Marina Solodkin,female,1952-05-31,11,2013-03-16,11,Marina Solodkin 059.jpg,Marina Solodkin
Q271450,Haneen Zoabi,female,1969-05-23,11,,,"Hanee Zoabi, 28 Sep 2012.jpg",Haneen Zoabi
Q271778,Dorit Beinisch,female,1942-02-28,11,,,DORIT BEINISCH.jpg,Dorit Beinisch
Q273685,Yehudit Naot,female,1944-04-04,11,2004-12-16,11,Yehudit Naot D791-044.jpg,Yehudit Naot
Q2748768,Eli Aflalo,male,1952-09-08,11,,,Aflalo Eli.JPG,Eli Aflalo
Q27670547,Michael Malchieli,male,1982-10-07,11,,,Michael malkieli.jpg,Michael Malchieli
Q2776767,Nadia Hilou,female,1953-07-05,11,2015-02-27,11,Nadia Hilou.jpg,Nadia Hilou
Q2776981,Ya'akov Cohen,male,1953-07-13,11,,,Jacob Cohen.JPG,Ya'akov Cohen
Q2777214,Amira Dotan,female,1947-07-28,11,,,Amira Dotan D977-078 (cropped).jpg,Amira Dotan
Q2777233,Yehiel Lasri,male,1957-08-21,11,,,Doctor Lasri.png,Yehiel Lasri
Q2777415,Naomi Blumenthal,female,1943-11-22,11,,,Naomi Blumenthal (cropped).JPG,Naomi Blumenthal
Q2777422,Uriel Reichman,male,1942-07-04,11,,,Uriel Reichman.jpg,Uriel Reichman
Q2777511,Daniel Benlulu,male,1958-05-06,11,,,Benlulu.jpg,Daniel Benlulu
Q2777786,Isaac Ben-Israel,male,1949-07-26,11,,,Ben-israel.JPG,Isaac Ben-Israel
Q2778264,Sarah Marom-Shalev,female,1934-09-23,11,,,,Sarah Marom-Shalev
Q2778290,Moshe Sharoni,male,1929,9,2020-09-20,11,,Moshe Sharoni
Q2783222,Orna Barbivai,female,1962-09-05,11,,,Orna Barbivai.jpg,Orna Barbivai
Q2791686,Ayelet Shaked,female,1976-05-07,11,,,AYELET SHAKED.jpg,Ayelet Shaked
Q28554308,Raphael Schutz,male,1957-10-31,11,,,השגריר רפי שוץ.jpg,
Q2855739,Yoram Marciano,male,1964-10-31,11,,,Yoram Marziano.jpg,Yoram Marciano
Q28792417,Gadeer Mreeh,female,1984-06-21,11,,,Gadeer Kamal-Mreeh.jpg,Gadeer Mreeh
Q2890070,Tamar Gozansky,female,1940-10-03,11,,,Tamar Gozansky.jpg,Tamar Gozansky
Q2890097,Pnina Rosenblum,female,1954-12-30,11,,,Pnina Rosenblum.jpg,Pnina Rosenblum
Q2890150,Maxim Levy,male,1950-02-11,11,2002-10-11,11,,Maxim Levy
Q2890162,Naomi Chazan,female,1946-11-18,11,,,Naomi Chazan at conference.jpg,Naomi Chazan
Q2890168,Abdulmalik Dehamshe,male,1943-03-04,11,,,,Abdulmalik Dehamshe
Q2890361,Roman Bronfman,male,1954-04-22,11,,,Roman Bronfman (Photo).JPG,Roman Bronfman
Q2890532,Issam Makhoul,male,1952-07-18,11,,,Issam Makhoul.jpg,Issam Makhoul
Q2890702,Ran Cohen,male,1937-06-20,11,,,Ran Cohen.JPG,Ran Cohen
Q2890777,Avshalom Vilan,male,1951-02-11,11,,,Avshalom Vilan.jpg,Avshalom Vilan
Q2890855,Taleb el-Sana,male,1960-12-25,11,,,Taleb al Sana2009.JPG,Taleb el-Sana
Q2890919,Amnon Rubinstein,male,1931-09-05,11,,,Amnon Rubinstein.jpg,Amnon Rubinstein
Q2891122,Zvi Hendel,male,1949-10-16,11,,,Zvi Hendel ap 004.JPG,Zvi Hendel
Q2892496,Avi Duan,male,1955-10-17,11,2018-09-22,11,Avi Duhan.jpg,Avi Duan
Q28950315,Juma Azbarga,male,1956-08-15,11,,,Juma Azbarga.png,Juma Azbarga
Q2897153,Neal Hendel,male,1952-04-27,11,,,Neal Hendel.jpg,Neal Hendel
Q28973798,Ran Ichay,male,1970,9,,,Ran Ichay.png,Ran Ichay
Q2899261,Ya'akov Asher,male,1965-07-02,11,,,Yaakov Asher cropped.jpg,Ya'akov Asher
Q2899838,Leon Litinetski,male,1967-08-02,11,,,Leon Litinetsky.jpg,Leon Litinetsky
Q2899881,Yehoshua Menachem Pollack,male,1948-02-12,11,,,,Yehoshua Pollack
Q2901947,Gennady Riger,male,1948-05-24,11,2015-10-12,11,,Gennady Riger
Q2901955,Muhamad Kanan,male,1955-10-17,11,,,,Muhamad Kanan
Q2902258,David Klein,male,1935-07-15,11,2021-05-25,11,,David Klein (economist)
Q2902373,Tawfik Khatib,male,1954-04-21,11,,,,Tawfik Khatib
Q2903330,Yohanan Plesner,male,1972-01-17,11,,,Yohanan Plesner.jpg,Yohanan Plesner
Q2903894,Uzi Vogelman,male,1954-10-06,11,,,Uzi Vogelman (158313395).jpg,Uzi Vogelman
Q2904001,Binyamin Elon,male,1954-11-10,11,2017-05-05,11,Binyamin Elon.jpg,Binyamin Elon
Q2904041,Nahum Langental,male,1960-01-20,11,,,"Nahum Langental, 1996 Dan Hadani Archive.jpg",Nahum Langental
Q2904294,Dani Coren,male,1945-02-12,11,,,,Dani Koren
Q2904303,Ronen Tzur,male,1969-07-27,11,,,,Ronen Tzur
Q2904313,Yossi Katz,male,1949-08-19,11,,,,Yossi Katz
Q2904417,Mordechai Mishani,male,1945-04-10,11,2013-04-09,11,,Mordechai Mishani
Q2904665,Tzali Reshef,male,1953-06-23,11,,,Tzali Reshef.JPG,Tzali Reshef
Q2904753,Joshua Matza,male,1931-08-08,11,2020-12-30,11,Joshua Matza.jpg,Yehoshua Matza
Q2905470,Yair Shamir,male,1945-08-18,11,,,"Yair Shamir, meeting The Prime Minister, Shri Narendra Modi in Gandhinagar, Gujarat on January 11, 2015.jpg",Yair Shamir
Q2905742,Asher Ohana,male,1945,9,,,,Asher Ohana
Q2906267,Rafi Peretz,male,1956-01-07,11,,,HaRav Rafi Peretz.JPG,Rafi Peretz
Q2906325,Ofer Hugi,male,1962-04-17,11,,,,Ofer Hugi
Q2906357,Yitzhak Saban,male,1952-07-15,11,,,,Yitzhak Saban
Q2906418,Eliezer Rivlin,male,1942-05-28,11,,,Eliezer Rivlin.jpg,Eliezer Rivlin
Q2906446,Avichai Mandelblit,male,1963-07-29,11,,,"Avichai Mandelblit, July 2017 (1536) (cropped).jpg",Avichai Mandelblit
Q2906664,Abbas Zakour,male,1965-12-30,11,,,,Abbas Zakour
Q2906666,Yitzhak Galanti,male,1937-02-12,11,2012-06-25,11,,Yitzhak Galanti
Q2906667,Elhanan Glazer,male,1947-08-13,11,,,Elhanan Glazer.jpg,Elhanan Glazer
Q2906672,Nehama Ronen,female,1961-09-15,11,,,Nehama Ronen.jpg,Nehama Ronen
Q2906699,Pinhas Tzabari,male,1956-12-27,11,,,,Pinhas Tzabari
Q2906706,Uri Savir,male,1953-01-07,11,2022-05-14,11,Uri Savir (933-5434) (cropped).jpg,Uri Savir
Q2906742,Ra'anan Cohen,male,1941-02-28,11,,,Ranan Cohen 1.jpg,Ra'anan Cohen
Q2906757,Yitzhak Ziv,male,1937-11-11,11,,,Ziv.jpg,Yitzhak Ziv
Q2907004,Rahamim Malul,male,1946-04-29,11,,,Rahamim Malul.jpg,Rahamim Malul
Q2907063,Alexander Tzinker,male,1953-01-02,11,,,,Alexander Tzinker
Q2907072,Eli Suissa,male,1956,9,,,Eli Suissa.jpg,Eli Suissa
Q2907085,Shai Hermesh,male,1944-03-23,11,,,Shai Hermesh.jpg,Shai Hermesh
Q2907092,Nawaf Massalha,male,1943-11-26,11,2021-10-26,11,,Nawaf Massalha
Q2907195,Meli Polishook-Bloch,female,1953-01-14,11,,,Polyshuk1.JPG,Meli Polishook-Bloch
Q2907203,Efi Oshaya,male,1956-06-02,11,,,,Efi Oshaya
Q2907245,Eliyahu Gabai,male,1943-01-05,11,,,Eli Gabai.jpg,Eliyahu Gabai
Q2907331,Yigal Yasinov,male,1966-04-27,11,,,,Yigal Yasinov
Q2907341,Hemi Doron,male,1956-10-16,11,,,,Hemi Doron
Q2907371,Michael Gorlovsky,male,1963-01-24,11,,,,Michael Gorlovsky
Q2907387,Orna Angel,female,1962-07-29,11,,,,Orna Angel
Q2907520,Hussniya Jabara,female,1958-04-11,11,,,Hussniya Jabara.jpg,Hussniya Jabara
Q2907537,Neta Dobrin,female,1975-10-27,11,,,Neta Dobrin.jpg,Neta Dobrin
Q2907544,David Magen,male,1945-09-04,11,,,,David Magen
Q2907550,Eli Goldschmidt,male,1953-10-17,11,,,,Eli Goldschmidt
Q2907559,Yigal Bibi,male,1942-01-21,11,,,"Yigal Bibi, 1996 Dan Hadani Archive.jpg",Yigal Bibi
Q2907679,Reshef Hen,male,1968-05-28,11,,,Reshef Hen.jpg,Reshef Hen
Q2907696,Ilana Cohen,female,1943-11-16,11,,,PikiWiki Israel 14021 Doctors Protest in Jerusalem.JPG,Ilana Cohen
Q2907721,Nissim Dahan,male,1954-05-07,11,,,נסים דהן.JPG,Nissim Dahan
Q2907728,Yehiel Hazan,male,1958-03-01,11,,,,Yehiel Hazan
Q2907902,Yehuda Gilad,male,1955-08-30,11,,,,Yehuda Gilad (politician)
Q2907988,Ehud Rassabi,male,1953-07-30,11,,,"Ehud Rassabi, March 2022 (GPOABG 6572) (cropped).jpg",Ehud Rassabi
Q2907997,Eti Livni,female,1948-06-01,11,,,Eti Livni D791-119 (cropped).jpg,Eti Livni
Q2908231,David Mena,male,1953-04-08,11,,,דוד מנע.JPG,David Mena (politician)
Q2908301,Avi Yehezkel,male,1958-06-10,11,,,,Avi Yehezkel
Q2908312,Ilan Leibovitch,male,1967-01-25,11,,,,Ilan Leibovitch
Q2908328,Yitzhak Gagula,male,1964-01-01,11,,,,Yitzhak Gagula
Q2908329,Tova Ilan,female,1929-06-01,11,2019-03-19,11,,Tova Ilan
Q2908336,Erela Golan,female,1945,9,,,,Erela Golan
Q2908339,Weizman Shiry,male,1956-02-05,11,,,,Weizman Shiry
Q2908349,Roni Brizon,male,1944-10-16,11,,,,Roni Brizon
Q2908359,Hashem Mahameed,male,1945-02-18,11,2018-04-03,11,,Hashem Mahameed
Q2909069,Aryeh Gamliel,male,1951-03-11,11,2021-08-06,11,הרב אריה גמליאל.jpg,Aryeh Gamliel
Q2909091,Uzi Baram,male,1937-04-06,11,,,UziBaram.jpg,Uzi Baram
Q2909102,Ilan Shalgi,male,1945-07-13,11,,,,Ilan Shalgi
Q2909295,Ehud Yatom,male,1948-09-26,11,,,,Ehud Yatom
Q2909322,Michael Ratzon,male,1952-09-21,11,,,מיכאל רצון.jpg,Michael Ratzon
Q2909390,Gila Finkelstein,female,1950-09-22,11,,,,Gila Finkelstein
Q2909435,Yosef Paritzky,male,1955-09-14,11,2021-10-05,11,Joseph Paritzky self picture.JPG,Yosef Paritzky
Q2909698,Mossi Raz,male,1965-12-19,11,,,MossiRaz103.JPG,Mossi Raz
Q2909722,Yair Peretz,male,1954,9,,,,Yair Peretz
Q2909723,Eli Ben-Menachem,male,1947-11-24,11,,,,Eli Ben-Menachem
Q2909767,Uzi Dayan,male,1948-01-04,11,,,"עוזי דיין - חברון, 2019.jpg",Uzi Dayan
Q2909950,Nissan Slomiansky,male,1946-01-10,11,,,Nissan Slomiansky 2012.jpg,Nissan Slomiansky
Q2909958,Yaakov Peri,male,1944-02-20,11,,,חבר הכנסת יעקב פרי.jpg,Yaakov Peri
Q2910007,Eliezer Sandberg,male,1962-02-21,11,,,Eliezer Sandberg 2017.jpg,Eliezer Sandberg
Q2910025,Dalia Rabin-Pelossof,female,1950-03-19,11,,,Dalia Rabin (cropped).jpg,Dalia Rabin-Pelossof
Q2910042,Dan Naveh,male,1960-06-21,11,,,Dani Naveh.jpg,Dan Naveh
Q2910106,Yitzhak Levy,male,1947-06-06,11,,,Yitzhak Levy.jpg,Yitzhak Levy
Q2910119,Inbal Gavrieli,female,1975-09-25,11,,,Inbal Gavrieli D795-071.jpg,Inbal Gavrieli
Q2911768,Anat Maor,female,1945-05-28,11,,,Anat maor.JPG,Anat Maor
Q2914839,Danny Ayalon,male,1955-12-17,11,,,Dani Ayalon 003.jpg,Danny Ayalon
Q2914999,Ibrahim Sarsur,male,1959-02-02,11,,,Ibrahim Sarsur.jpg,Ibrahim Sarsur
Q2915117,Shmuel Halpert,male,1939-02-05,11,,,"Shmuel Halpert, 1996 Dan Hadani Archive.jpg",Shmuel Halpert
Q2915390,Yitzhak Cohen,male,1951-10-02,11,,,Yitschak kohen.JPG,Yitzhak Cohen
Q2915482,Meshulam Nahari,male,1951-05-07,11,,,Meshulam Nahari (29794242410) (cropped).jpg,Meshulam Nahari
Q2915616,Haim Drukman,male,1932-11-15,11,,,Haim Drukman.jpg,Haim Drukman
Q2915700,Colette Avital,female,1939-05-01,11,,,Colette Avital D731-022.jpg,Colette Avital
Q2916256,Shlomo Breznitz,male,1936-08-03,11,,,Shlomo Breznitz D977-078 (cropped).jpg,Shlomo Breznitz
Q2916329,Said Nafa,male,1953-04-01,11,,,Saidnafa.jpg,Said Nafa
Q2916393,Wasil Taha,male,1952-04-24,11,,,,Wasil Taha
Q2916519,Ya'akov Ben-Yezri,male,1927-10-01,11,2018-02-17,11,,Ya'akov Ben-Yezri
Q2916597,Shaul Yahalom,male,1947-09-27,11,,,"Shaul Yahalom, 1996 Dan Hadani Archive.jpg",Shaul Yahalom
Q2916662,Nitzan Horowitz,male,1965-02-24,11,,,Nitzan Horowitz 2012.jpg,Nitzan Horowitz
Q2916693,Avigdor Yitzhaki,male,1949-09-13,11,,,,Avigdor Yitzhaki
Q2916806,David Tal,male,1950-01-26,11,2016-07-02,11,,David Tal (politician)
Q2916912,Shlomo Benizri,male,1961-02-07,11,,,הרב שלמה בניזרי.jpg,Shlomo Benizri
Q2917373,Akram Hasson,male,1959-07-02,11,,,Akram Hasson 2016 (cropped).jpg,Akram Hasson
Q2919162,Shlomo Molla,male,1965-11-21,11,,,Shlomo Molla official.jpg,Shlomo Molla
Q2919288,Ofir Akunis,male,1973-05-28,11,,,אופיר אקוניס.jpg,Ofir Akunis
Q2919440,Danny Danon,male,1971-05-08,11,,,Danny danon2.jpg,Danny Danon
Q2919803,Mazor Bahaina,male,1973-09-12,11,,,,Mazor Bahaina
Q29427,Yitzhak Mordechai,male,1944-11-22,11,,,Yitzhak Mordechai.jpg,Yitzhak Mordechai
Q3014683,Daniel Shek,male,1955-06-16,11,,,Press conference after bomb threat 20080316 Salon du livre 1.jpg,
Q305115,Masud Ghnaim,male,1965-02-14,11,,,Mas'oud Ghnaim.jpg,Masud Ghnaim
Q30526568,Emilie Moatti,female,1980-06-27,11,,,"Emilie Moatti, 2018 (cropped).jpg",Emilie Moatti
Q30527509,Ram Shefa,male,1985-02-15,11,,,"רם שפע, יו""ר התאחדות הסטודנטים והסטודנטיות בישראל (cropped).jpg",Ram Shefa
Q31053871,Yael Rubinstein,female,,7,,,H.E.Mrs.Yael Rubinstein.jpg,Yael Rubinstein
Q313589,Azmi Bishara,male,1956-07-22,11,,,"Azmi Bishara, 2013.JPG",Azmi Bishara
Q33112524,Niven Abu Rahmoun,female,1981-11-24,11,,,Niven Abu Rahmoun2.jpg,Niven Abu Rahmoun
Q34229146,Said El-Harumi,male,1972-01-10,11,2021-08-25,11,סעיד אלחרומי.jpg,Said al-Harumi
Q3593226,Yehiel Bar,male,1975-09-04,11,,,Hilik Bar Portrait 2015.jpg,Yehiel Bar
Q3593286,Omer Bar-Lev,male,1953-10-02,11,,,עומר בר לב.JPG,Omer Bar-Lev
Q3593364,Itzik Shmuli,male,1980-02-08,11,,,איציק שמולי.png,Itzik Shmuli
Q3593430,Mickey Rosenthal,male,1955-02-04,11,,,Miki-102 (1).jpg,Mickey Rosenthal
Q3593505,Michal Biran,female,1978-06-28,11,,,מיכל בירן.JPG,Michal Biran
Q3593541,Eli Ben-Dahan,male,1954-02-11,11,,,Eli-Ben-Dahan-001.jpg,Eli Ben-Dahan
Q3593637,Zvulun Kalfa,male,1962-09-26,11,,,Zvulun Kalfa-Cropped.jpg,Zvulun Kalfa
Q3593674,Avi Vartzman,male,1970-10-29,11,,,Avi Wartzman.jpg,Avi Wortzman
Q3593700,Moti Yogev,male,1956-02-22,11,,,Moty Yogev.jpg,Moti Yogev
Q3593944,Orit Strook,female,1960-03-15,11,,,Orit Strook D1122-102.jpg,Orit Strook
Q3594005,Michal Rozin,female,1969-06-25,11,,,Michal Rozin מיכל רוזין.jpg,Michal Rozin
Q3594030,Issawi Frej,male,1963-12-14,11,,,Issawi Frej 2.jpg,Issawi Frej
Q359689,Shaul Mofaz,male,1948-11-04,11,,,Secretary Clinton Meets With Israeli Deputy Prime Minister Mofaz (7414559360) (cropped).jpg,Shaul Mofaz
Q360961,Natan Sharansky,male,1948-01-20,11,,,Natan Shernasky1.JPG,Natan Sharansky
Q3663039,Shai Piron,male,1965-01-25,11,,,שי פירון.jpg,Shai Piron
Q3663042,Karin Elharar,female,1977-10-09,11,,,קארין אלהרר.jpg,Karine Elharrar
Q3663047,Pnina Tamano-Shata,female,1981-11-01,11,,,פנינה תמנו שטה.jpg,Pnina Tamano-Shata
Q3663051,Meir Cohen,male,1955-11-15,11,,,ראש עיריית דימונה מאיר כהן.jpg,Meir Cohen (politician)
Q3663054,Ofer Shelah,male,1960-02-09,11,,,עופר שלח1.jpg,Ofer Shelah
Q3663205,Adi Koll,female,1976-03-19,11,,,Adi Kol.jpg,Adi Koll
Q3701621,Mickey Levy,male,1951-06-21,11,,,מיקי לוי.jpg,Mickey Levy
Q3701624,Shimon Solomon,male,1968-08-05,11,,,שמעון סולומון.jpg,Shimon Solomon
Q3701630,Dov Lipman,male,1971-09-09,11,,,דב ליפמן.jpg,Dov Lipman
Q3735925,Yael German,female,1947-08-05,11,,,Yael german.jpg,Yael German
Q37763051,Meir Ben Shabbat,male,1966,9,,,Meir Ben Shabbat Oct. 2019 (48976744712) (cropped).jpg,Meir Ben-Shabbat
Q3792108,Ruth Calderon,female,1961-09-25,11,,,Ruthkalderon.jpg,Ruth Calderon
Q3792115,Yifat Kariv,female,1973-11-23,11,,,"ח""כ יפעת קריב.jpg",Yifat Kariv
Q3792124,Rina Frenkel,female,1956-09-17,11,,,"ח""כ רינה פרנקל.jpg",Rina Frenkel
Q3818024,Boaz Toporovsky,male,1980-07-17,11,,,Toporovsky Boaz 2019.jpg,Boaz Toporovsky
Q3818031,Ronen Hoffman,male,1963-07-19,11,,,Ronen Hoffman.jpg,Ronen Hoffman
Q3818052,Tamar Zandberg,female,1976-04-29,11,,,TamiZandberg.jpg,Tamar Zandberg
Q3818061,David Tzur,male,1959-08-12,11,,,David Tzur.jpg,David Tzur
Q3867185,Shuli Mualem,female,1965-02-08,11,,,Shuli Mualem.jpg,Shuli Mualem
Q3896412,Yoni Chetboun,male,1979-03-13,11,,,Yoni Chetboun 1.jpg,Yoni Chetboun
Q391262,Merav Michaeli,female,1966-11-24,11,,,Merav Michaeli by Ron Kedmi.jpg,Merav Michaeli
Q39318,Naftali Bennett,male,1972-03-25,11,,,Naftali Bennett official portrait.jpg,Naftali Bennett
Q399963,Aharon Barak,male,1936-09-16,11,,,AHARON BARAK.jpg,Aharon Barak
Q40235449,Ibrahim Hijazi,male,1977-07-27,11,,,,Ibrahim Hijazi
Q40318665,Danny Saida,male,1959-04-26,11,,,דני סיידה.jpg,Danny Saida
Q41292946,Saleh Saad,male,1963-07-20,11,,,,Saleh Saad
Q4141411,Dorit Golender,female,1949-04-01,11,,,Dmitry Medvedev with ambassadors 18 October 2010-12.jpeg,Dorit Golender
Q41564316,Lea Fadida,female,1968-09-06,11,,,"חה""כ לאה פדידה.jpg",Leah Fadida
Q41800340,Amir Yaron,male,1964,9,,,"Amir Yaron, December 2018 (KBG GPO070) (cropped).JPG",Amir Yaron
Q42317837,Youssef Atauna,male,1966-10-25,11,,,,Youssef Atauna
Q4300370,Basel Ghattas,male,1956-03-23,11,,,Basel Ghattas.jpg,Basel Ghattas
Q4300460,Erel Margalit,male,1961-01-01,11,,,Erel Margalit.jpg,Erel Margalit
Q4312932,Miriam Naor,female,1947-10-26,11,2022-01-24,11,Justice Miriam Naor.jpg,Miriam Naor
Q43374037,Ofer Grosskopf,male,1969-10-12,11,,,OFER GROSSKOPF.jpg,Ofer Grosskopf
Q4358424,Elazar Stern,male,1956-08-25,11,,,Launch of 'British Club' for Holocaust survivors (6885477889) (cropped).jpg,Elazar Stern
Q4358425,Aliza Lavie,female,1964-09-23,11,,,Aliza Lavie.jpg,Aliza Lavie
Q4358433,Moshe Mizrahi,male,1950-09-20,11,,,Moshemizrahi1.jpg,Moshe Mizrahi
Q43723,Benjamin Netanyahu,male,1949-10-21,11,,,Netanyahu official portrait (cropped).jpg,Benjamin Netanyahu
Q438848,Meir Dagan,male,1945-01-30,11,2016-03-17,11,Meir-Dagan.png,Meir Dagan
Q441363,Anna Azari,female,1959-08-27,11,,,Anna Azari podczas obchodów 77. rocznicy pogromu w Jedwabnem.jpg,Anna Azari
Q444147,Anastassia Michaeli,female,1975-07-12,11,,,Anastassia Michaeli D1161-140.jpg,Anastassia Michaeli
Q445606,Tzipi Hotovely,female,1978-12-02,11,,,Tzipi Hotovely DSC0068.jpg,Tzipi Hotovely
Q445611,Gila Gamliel,female,1974-02-24,11,,,Gila Gamliel.jpg,Gila Gamliel
Q44624147,Itzhak Shoham,male,1947-11-14,11,,,,
Q447236,Stanley Fischer,male,1943-10-15,11,,,Stanley Fischer (14152693510).jpg,Stanley Fischer
Q455854,Reuven Rivlin,male,1939-09-09,11,,,Reuven Rivlin 2011 crop.jpg,Reuven Rivlin
Q45845359,Talya Lador-Fresher,female,1962,9,,,Talya Lador-Fresher (29898065151) (cropped).jpg,Talya Lador-Fresher
Q461900,Nissim Zvili,male,1942-01-31,11,,,,Nissim Zvili
Q462669,Faina Kirschenbaum,female,1955-11-27,11,,,JPG.פאינה קירשנבאום 3.jpg,Faina Kirschenbaum
Q462726,Sofa Landver,female,1949-10-28,11,,,PikiWiki Israel 5924 Sofa Landver.jpg,Sofa Landver
Q466537,Orly Levy-Abekasis,female,1973-11-11,11,,,OLevyAS5V7987.JPG,Orly Levy-Abekasis
Q467354,Tzvia Greenfeld,female,1945,9,,,Tzvia Greenfield.jpg,Tzvia Greenfeld
Q468394,Nir Barkat,male,1959-10-19,11,,,Nir Barkat 2018.jpg,Nir Barkat
Q4695783,Ahmed Dabbah,male,1955-01-27,11,,,Dabah.jpg,Ahmed Dabbah
Q4705173,Taleb Abu Arar,male,1967-05-04,11,,,Talab Abu Arar.jpg,Talab Abu Arar
Q470654,Ami Ayalon,male,1945-06-27,11,,,AmiAyalon.jpg,Ami Ayalon
Q471052,Uri Lupolianski,male,1951-08-29,11,,,Lupolianksi.jpg,Uri Lupolianski
Q471751,Tommy Lapid,male,1931-12-27,11,2008-06-01,11,Tommy Lapid at Eichman trial1961.jpg,Tommy Lapid
Q472117,Amir Peretz,male,1952-03-09,11,,,Amir Peretz 2019.jpg,Amir Peretz
Q4734350,Alon Tal,male,1961-07-12,11,,,Alon Tal 2021.jpg,Alon Tal
Q473775,Amnon Lipkin-Shahak,male,1944-03-18,11,2012-12-19,11,"Amnon Lipkin-Shahak, Chief of General Staff.jpg",Amnon Lipkin-Shahak
Q474288,Amos Nadai,male,1948-03-26,11,,,,
Q47514932,Yizhar Shai,male,1963-07-16,11,,,"Yizhar Shai, 2015.jpg",Yizhar Shai
Q477530,Amram Mitzna,male,1945-02-20,11,,,Amram Mitzna.jpg,Amram Mitzna
Q48212840,Wael Younis,male,1963-01-31,11,,,SAVE 20180625 133925.jpg,Wael Younis
Q487304,Israel Katz,male,1955-09-21,11,,,ישראל כץ (cropped).jpg,Israel Katz
Q49067,Gabi Ashkenazi,male,1954-02-25,11,,,"Gabi Ashkenazi, Chief of General Staff.jpg",Gabi Ashkenazi
Q4920714,Mishael Cheshin,male,1936-02-16,11,2015-09-19,11,Misha Cheshin.jpg,Mishael Cheshin
Q501917,Alali Adamso,male,1963,9,,,,Alali Adamso
Q50424294,Yinon Azulai,male,1979-07-10,11,,,ינון אזולאי.jpg,Yinon Azulai
Q50738495,Eitan Ginzburg,male,1977-01-25,11,,,איתן גינזבורג בעיריית רעננה.jpg,Eitan Ginzburg
Q522242,Limor Livnat,female,1950-09-22,11,,,Limor Livnat 2014 1.jpg,Limor Livnat
Q5238486,David Peleg,male,1942,9,2013-11-27,11,,David Peleg
Q528225,Esterina Tartman,female,1957-11-09,11,,,Esterina Tartman.jpg,Esterina Tartman
Q5360165,Eli Avidar,male,1964-12-03,11,,,Eli AvidarA.jpg,Eli Avidar
Q5422554,Eyal Ben-Reuven,male,1954-05-22,11,,,איל בן-ראובן.jpg,Eyal Ben-Reuven
Q54766749,Shirly Pinto,female,1989-03-15,11,,,Shirly Pinto (cropped).jpg,Shirly Pinto
Q547800,Avraham Hirschson,male,1941-02-11,11,2022-03-07,11,,Avraham Hirschson
Q548185,Moshe Arens,male,1925-12-27,11,2019-01-07,11,Moshe Arens.jpg,Moshe Arens
Q548964,Yossi Beilin,male,1948-06-12,11,,,Yossi Beilin (3x4a).jpg,Yossi Beilin
Q553567,Silvan Shalom,male,1958-08-04,11,,,Silvan Shaloml.jpg,Silvan Shalom
Q55649413,Simon Davidson,male,1970-05-14,11,,,,Simon Davidson
Q557424,Eli Yishai,male,1962-12-26,11,,,Eli Yishai 2009.jpg,Eli Yishai
Q557436,Benny Gantz,male,1959-06-09,11,,,Benny Gantz 2019 (cropped).jpg,Benny Gantz
Q559208,Shlomo Ben-Ami,male,1943-07-17,11,,,Shlomo Ben Ami.JPG,Shlomo Ben-Ami
Q5621710,Shoshana Netanyahu,female,1923-04-06,11,,,Shoshana Netanyahu.jpg,Shoshana Netanyahu
Q56255779,Gershon Zohar,male,1948,9,,,,
Q5646905,Hanan Melcer,male,1951-04-12,11,,,HANAN MELCER.jpg,Hanan Melcer
Q56681855,Alex Kushnir,male,1978-11-02,11,,,אלכס קושניר.jpg,Alex Kushnir
Q56751585,Tehila Friedman,female,1976-06-11,11,,,Tehila Friedman 2020.jpg,Tehila Friedman
Q569975,Yair Golan,male,1962-05-14,11,,,יאיר גולן.jpg,Yair Golan
Q574033,Shevah Weiss,male,1935-07-05,11,,,Szewach Weiss.JPG,Shevah Weiss
Q57410,Shimon Peres,male,1923-08-02,11,2016-09-28,11,"Meeting between PM Peres with newly elected PM Nethanyahu, 1996 Dan Hadani Archive II.jpg",Shimon Peres
Q58004800,Osnat Mark,female,1967-09-22,11,,,Osnat Mark.jpg,Osnat Mark
Q58311,Avigdor Lieberman,male,1958-07-05,11,,,Avigdor Lieberman 2017.jpg,Avigdor Lieberman
Q59519064,Idan Roll,male,1984-04-27,11,,,חבר הכנסת עידן רול (cropped).jpg,Idan Roll
Q5984911,Ibtisam Mara'ana,female,1975-10-14,11,,,Ibtisam Maraana MK 2022.jpg,Ibtisam Mara'ana
Q6016683,Miki Haimovich,female,1962-06-15,11,,,Miki Haimovich.jpg,Miki Haimovich
Q60206,Ariel Sharon,male,1928-02-27,11,2014-01-11,11,"Ariel Sharon, by Jim Wallace (Smithsonian Institution).jpg",Ariel Sharon
Q60361222,Fentahun Seyoum,male,1971-08-20,11,,,,Fentahun Seyoum
Q60951122,Matan Kahana,male,1972-07-29,11,,,MatanK-DSC 0053a.jpg,Matan Kahana
Q60951347,Ali Salalcha,male,1952-04-12,11,,,עלי סלאלחה.jpg,Ali Salalha
Q61125543,Heba Yazbak,female,1985-07-08,11,,,Heba yazbak balad (cropped).jpg,Heba Yazbak
Q61359772,Ya'akov Tessler,male,1973-06-26,11,,,Jacob Tessler.jpg,Ya'akov Tessler
Q61685599,Mtanes Shehadeh,male,1972-05-25,11,,,חברי הכנסת מהרשימה המשותפת בזמן הגשת הרשימות לבחירות לכנסת ה 22 (cropped).jpg,Mtanes Shehadeh
Q61718702,Ofer Cassif,male,1964-12-25,11,,,Ofer Cassif.png,Ofer Cassif
Q61913859,Omer Yankelevich,female,1978-05-25,11,,,Omer Yankelevitch.jpg,Omer Yankelevich
Q62062074,Gadi Yevarkan,male,1985-06-01,11,,,Gadi Yevarkan.jpg,Gadi Yevarkan
Q62394296,Mansour Abbas,male,1974-04-22,11,,,מנסור עבאס2.jpg,Mansour Abbas
Q63087383,Fateen Mulla,male,1960-06-15,11,,,Fateen mulla.jpg,Fateen Mulla
Q63092488,Michal Shir,female,1979-11-18,11,,,מיכל שיר.jpg,Michal Shir
Q63107922,Ofir Katz,male,1980-05-19,11,,,חבר הכנסת אופיר כץ.jpg,Ofir Katz
Q63111202,Eti Atiya,female,1960,9,,,"ח""כ אתי חוה עטיה.png",Eti Atiya
Q63116487,Keren Barak,female,1972-09-20,11,,,Keren Barak.jpg,Keren Barak
Q63124881,Shlomo Karhi,male,1982-04-06,11,,,חבר הכנסת ד״ר שלמה קרעי.jpg,Shlomo Karhi
Q63166467,Keti Shitrit,female,1960-01-22,11,,,MK Keti Shitrit.jpg,Keti Shitrit
Q63176626,Ofir Sofer,male,1974-08-01,11,,,אופיר סופר.jpg,Ofir Sofer
Q63181940,Idit Silman,female,1980-10-27,11,,,עידית סילמן.jpg,Idit Silman
Q63183722,Evgeny Sova,male,1980-08-29,11,,,M.K Evgeny Sova.jpg,Evgeny Sova
Q63197463,Ariel Kellner,male,1980-07-05,11,,,Ariel Kallner.jpg,Ariel Kallner
Q63200127,Moshe Arbel,male,1983-12-26,11,,,IMG-20190412-WA0000.jpg,Moshe Arbel
Q63203042,Yorai Lahav-Hertzano,male,1988-08-05,11,,,יוראי להב-הרצנו.jpg,Yorai Lahav-Hertzano
Q652581,Haim Ramon,male,1950-04-10,11,,,Haim Ramon - Kadima (1).jpg,Haim Ramon
Q6554413,Jackie Levy,male,1960-10-28,11,,,Visit to Bet Shean No.008 (6547959731) (cropped).jpg,Jackie Levy
Q658454,Aryeh Eldad,male,1950-05-01,11,,,Ahmed Tibi v. Arie Eldad - אחמד טיבי נגד אריה אלדד (3228638465).jpg,Aryeh Eldad
Q6641674,Sharon Gal,male,1974-08-13,11,,,שרון גל באולפן רדיו תל אביב.jpg,Sharon Gal
Q66737975,Galit Ronen,female,1965-02-01,11,,,Galit Ronen (cropped).jpg,Galit Ronen
Q6705743,Esther Hayut,female,1953-10-16,11,,,Esther Hayut - November 2017 (cropped).jpg,Esther Hayut
Q6720851,Eliyahu Matza,male,1935-01-04,11,2021-10-29,11,Eliyahu Matza.jpg,Eliyahu Matza
Q6734310,Karnit Flug,female,1955-01-09,11,,,"Karnit Flug. March 31, 2015. III.jpg",Karnit Flug
Q6747307,Eli Alaluf,male,1945-02-17,11,,,אלי אלאלוף.jpg,Eli Alaluf
Q6752919,Manuel Trajtenberg,male,1950-09-21,11,,,מנואל טרכטנברג קונגרס חברתי.jpg,Manuel Trajtenberg
Q675940,Rafi Eitan,male,1926-11-23,11,2019-03-23,11,Rafi eitan big.jpg,Rafi Eitan
Q67958229,Walid Taha,male,1968-09-07,11,,,,Walid Taha
Q6810271,Meir Yitzhak Halevi,male,1953-06-18,11,,,מאיר יצחק הלוי.jpg,Meir Yitzhak Halevi
Q68105483,Sami Abu Shehadeh,male,1975-12-19,11,,,Sami Abou Shahadeh.png,Sami Abu Shehadeh
Q68106472,Mark Ifraimov,male,1981-02-07,11,,,Mark Ifraimov1.jpg,Mark Ifraimov
Q68106569,Jabar Asatra,male,1960-08-20,11,,,Jabar Asakla.png,Jabar Asakla
Q6812905,Danny Atar,male,1958-01-05,11,,,Danny Atar (1).jpg,Danny Atar
Q6813107,Michal Abadi-Boiangiu,female,1966-12-05,11,,,,
Q6832388,Yoav Segalovich,male,1959-04-23,11,,,Yoav Segalovic - Israel Police.jpg,Yoav Segalovich
Q6839075,Avraham Neguise,male,1958-02-10,11,,,Avraham Neguise (cropped).jpg,Avraham Neguise
Q68596572,Yosef Amrani,male,1958-12-01,11,,,"Yossi Amrani, 2019 (49263370612) (cropped).jpg",
Q6864478,Efrat Rayten,female,1972-05-15,11,,,Efrat Rayten.jpg,Efrat Rayten
Q6876415,Shlomo Levin,male,1933-02-22,11,,,SHLOMO LEVIN.jpg,Shlomo Levin
Q68796550,Limor Magen-Telem,female,1971-03-17,11,,,,Limor Magen Telem
Q6890749,Michael Biton,male,1970-02-03,11,,,Michel Biton.jpg,Michael Biton
Q6897315,Dan Landau,male,1970-04-12,11,,,DanLandau.jpg,
Q6914178,Mazen Ghnaim,male,1956-11-30,11,,,Mazen Ghnaim (cropped).JPG,Mazen Ghnaim
Q6940081,Yechiel Tropper,male,1978-04-22,11,,,חילי טרופר - חוסן לישראל.jpg,Hili Tropper
Q6965078,Alon Schuster,male,1957-03-02,11,,,Alon Schuster.jpeg,Alon Schuster
Q7002735,Zvi Hauser,male,1968-07-05,11,,,צבי האוזר - חוסן לישראל.jpg,Zvi Hauser
Q7007279,Yitzhak Pindrus,male,1971-07-20,11,,,יצחק פינדרוס.jpg,Yitzhak Pindrus
Q7019356,Yinon Magal,male,1969-04-27,11,,,Yinon Magal (cropped).jpg,Yinon Magal
Q7026303,Asaf Zamir,male,1980-08-31,11,,,"אסף זמיר באירוע שבתרבות עם רועי כ""ץ בבאר שבע (cropped).jpg",Asaf Zamir
Q7027480,Hillel Horowitz,male,1964-03-31,11,,,2הלל הורוביץ.jpg,Hillel Horowitz
Q7030786,Meirav Cohen,female,1983-08-26,11,,,Merav Cohen 1 (cropped).JPG,Meirav Cohen
Q7054034,Mosheh Abuṭbul,male,1965-07-14,11,,,משה אבוטבול נובמבר 2018.jpg,Moshe Abutbul (politician)
Q705562,Raleb Majadele,male,1953-04-05,11,,,Raleb Majadele. April 2008.jpg,Raleb Majadele
Q7063055,Avi Balashnikov,male,1966,9,,,,Avi Balashnikov
Q706701,Michael Melchior,male,1954-01-31,11,,,Rabbi Michael Melchior.jpg,Michael Melchior
Q723506,Yoav Galant,male,1958-11-08,11,,,יואב גלנט - כנס שדרות לחברה במכללה האקדמית ספיר-2.JPG,Yoav Galant
Q726108,Salim Joubran,male,1947-08-04,11,,,Salim Joubran.jpg,Salim Joubran
Q728898,Uzi Even,male,1940-10-18,11,,,Prof. Uzi Even.jpg,Uzi Even
Q736237,Avraham Burg,male,1955-01-19,11,,,Avraham Burg by David Shankbone.jpg,Avraham Burg
Q7363705,Ron Dermer,male,1971-04-16,11,,,Ron Dermer 12-2013.jpg,Ron Dermer
Q746500,Elyakim Rubinstein,male,1947-06-13,11,,,Elyakim Rubinstein High court judge.JPG,Elyakim Rubinstein
Q790699,Avi Dichter,male,1952-12-14,11,,,Avi dichter.jpg,Avi Dichter
Q790703,Avi Pazner,male,1937-06-09,11,,,,Avi Pazner
Q791137,Avishay Braverman,male,1948-01-15,11,,,AvishayBravermanNew.jpg,Avishay Braverman
Q791348,Avraham Shochat,male,1936-06-14,11,,,Avraham Sochat 1.jpg,Avraham Shochat
Q796885,Gadi Eisenkott,male,1960-05-19,11,,,Gadi Eizenkot. I.jpg,Gadi Eizenkot
Q8054214,Yoaz Hendel,male,1975-05-22,11,,,Yoaz Hendel (28285751636) (cropped).jpg,Yoaz Hendel
Q8056380,Yossi Shain,male,1956-09-21,11,,,Professor Yossi Shain at Conference Picture.jpg,Yossi Shain
Q83897455,Alexander Ben Zvi,male,1956-12-05,11,,,Alexander Ben Zvi.jpg,
Q84031831,Chen Ivri Apter,male,1958-04-10,11,2012-09-06,11,Chen Ivri Apter (4903967554) (cropped).jpg,
Q84032221,Orli Gil,female,,,,,Orli Gil (48726809447) (cropped).jpg,
Q84033057,Hagit Ben-Yaakov,female,,,,,Zandas Kalniņas – Lukaševicas tikšanās ar Izraēlas vēstnieci - 10606895584.jpg,Hagit Ben-Yaakov
Q84033407,Lironne Bar-Sade,female,1959-04-29,11,,,Lironne Bar-Sade (21217834396) (cropped).jpg,Lironne Bar-Sade
Q84093,Haim Amsalem,male,1959-10-12,11,,,Amsalem haim.jpg,Haim Amsalem
Q868609,Gilad Kariv,male,1973-11-30,11,,,GiladKariv15.jpg,Gilad Kariv
Q87124322,Sondos Saleh,female,1986-06-17,11,,,Sondos Saleh.png,Sondos Saleh
Q87125690,Iman Khatib-Yasin,female,1964-10-23,11,,,Iman Khatib Yassin.jpg,Iman Khatib-Yasin
Q87134276,Andrey Kozhinov,male,1979-12-28,11,,,,Andrey Kozhinov
Q892490,Stav Shaffir,female,1985-05-17,11,,,Stav shaffir new.jpg,Stav Shaffir
Q9065771,Rafael Eldad,male,1949-09-24,11,,,,Rafael Eldad
Q920526,Gideon Ezra,male,1937-06-30,11,2012-05-17,11,Gideon Ezra (cropped).jpg,Gideon Ezra
Q93181,Ehud Olmert,male,1945-09-30,11,,,Ehud Olmert (Sao Paulo 2005).jpg,Ehud Olmert
Q939899,Meir Sheetrit,male,1948-10-10,11,,,Meir Sheetrit D938-003 (cropped).jpg,Meir Sheetrit
Q939996,Ronit Tirosh,female,1953-12-08,11,,,Ronit Tirosh 2011.JPG,Ronit Tirosh
Q94342502,Ya'akov Avitan,male,,7,,,הרב יעקב אביטן.jpg,Ya'akov Avitan
Q945024,Roni Milo,male,1949-11-26,11,,,Roni Milo 1.jpg,Roni Milo
Q945253,Majalli Wahabi,male,1954-02-12,11,,,טקס הענקת המדד החברתי הראשון 5.jpg,Majalli Wahabi
Q96292682,Samy Bakalash,male,1960-08-20,11,,,"סמי בקלש, מנכ""ל כנסת ישראל.jpg",
Q96357579,Michal Wunsch,female,1970-12-18,11,,,,Michal Cotler-Wunsh
Q96357582,Hila Vazan,female,1980-04-16,11,,,חברת הכנסת הילה שי וזאן.jpg,Hila Vazan
Q96369448,Uriel Busso,male,1973-09-13,11,,,אוריאל בוסו.jpg,Uriel Buso
Q96475403,Einav Kabla,female,1979-09-27,11,,,,Einav Kabla
Q96574737,Eliyahu Hasid,male,1976,9,,,"אליהו חסיד, 2018.jpg",Eliyahu Hasid
Q96603638,Eliyahu Baruchi,male,1976-01-22,11,,,ח״כ אליהו ברוכי.jpg,Eliyahu Baruchi
Q966349,Gideon Sa'ar,male,1966-12-09,11,,,Gideonsaar.jpg,Gideon Sa'ar
Q96754353,Yosef Taieb,male,1981-02-15,11,,,יוסי טייב.jpg,Yosef Taieb
Q970354,Ariel Atias,male,1970-11-13,11,,,Ariel Atias.jpg,Ariel Atias
Q974653,Robert Ilatov,male,1971-11-12,11,,,Robert Ilatov 002.jpg,Robert Ilatov
Q975721,Yehuda Weinstein,male,1944-04-19,11,,,Yehuda Weinstein2012-1.jpg,Yehuda Weinstein
Q975776,Eliezer Cohen,male,1934-06-18,11,,,Eliezer Cohen (997009326924005171).jpg,Eliezer Cohen
Q97816805,Amit Halevi,male,1971-06-05,11,,,,Amit Halevi
Q981725,Haim Oron,male,1940-03-26,11,,,Haim Oron 2006.jpg,Haim Oron
Q981881,Moshe Ya'alon,male,1950-06-24,11,,,Moshe Ya'alon.jpg,Moshe Ya'alon
Q983258,Isaac Herzog,male,1960-09-22,11,,,Isaac Herzog.jpg,Isaac Herzog
Q984473,Alex Miller,male,1977-04-04,11,,,MK Miller.JPG,Alex Miller (politician)
Q98807372,Meir Shlomo,male,1954,9,,,,Meir Shlomo
Q98828634,Amit Aisman,male,1967-11-23,11,,,עמית אייסמן.jpg,
