id,name,gender,dob,dobp,dod,dodp,image,enwiki
Q100087494,Francis Kwasi Buor,male,,,,,,Francis Kwasi Buor
Q102271856,Gifty Eugenia Kwofie,female,1958-02-11,11,,,,Gifty Eugenia Kwofie
Q104031591,Ophelia Hayford,female,,,,,OPHELIA MENSAH.jpg,Ophelia Hayford
Q104031634,Shiela Bartels,female,,,,,,Sheila Bartels
Q104054112,Patrick Banor,male,1975-06-13,11,,,PATRICK BANOR.jpg,Patrick Banor
Q104054147,Alex Blankson,male,1980-12-26,11,,,Alex Blankson.jpg,Alex Blankson
Q104054167,Collins Adomako-Mensah,male,1983-11-02,11,,,COLLINS ADOMAKO-MENSAH.jpg,Collins Adomako-Mensah
Q104054230,Akanvariva Lydia Lamisi,female,,,,,LYDIA LAMISI AKANVARIBA.jpg,Akanvariva Lydia Lamisi
Q104054257,Akwasi Darko Boateng,male,1967-06-20,11,,,Akwasi Darko Boateng.jpg,Akwasi Boateng
Q104054581,Gizella Tetteh Agbotui,female,1970-11-30,11,,,GIZELLA AKUSHIKA TETTEH-AGBOTUI.jpg,Gizella Tetteh Agbotui
Q104091419,Agnes Naa Momo Lartey,female,,,,,Agnes Naa Momo Lartey.jpg,Agnes Naa Momo Lartey
Q104224062,Lariba Abudu,female,,,,,Lariba Zuweira Abudu.jpg,Lariba Abudu
Q104247433,Francis Xavier Kojo Sosu,male,1979-02-12,11,,,FRANCIS-XAVIER KOJO SOSU.jpg,Francis-Xavier Kojo Sosu
Q104247981,Mohammed Adamu Ramadan,male,1975-05-03,11,,,MOHAMMED ADAMU RAMADAN.jpg,Mohammed Adamu Ramadan
Q104284952,Rita Naa Odoley Sowah,female,,,,,Rita Naa Odoley Sowah.jpg,Rita Naa Odoley Sowah
Q104345150,Dakoa Newman,female,1985-06-06,11,,,Dakoa Newman.jpg,Dakoa Newman
Q104374135,Isaac Ashai Odamtten,male,,,,,ISAAC ASHAI ODAMTTEN.jpg,Isaac Ashai Odamtten
Q104374139,Dorcas Affo-Toffey,female,,,,,Dorcas Toffey.jpg,Dorcas Affo-Toffey
Q104380397,Vincent Ekow Assafuah,male,1990-09-27,11,,,VINCENT EKOW ASSAFUAH.jpg,Vincent Ekow Assafuah
Q104442715,Kofi Adams,male,1975-05-02,11,,,KOFI IDDIE ADAMS.jpg,Kofi Adams
Q104444622,Peter Lanchene Toobu,male,,,,,PETER LANCHENE TOOBU.jpg,Peter Lanchene Toobu
Q104451618,John Kumah,male,1978-08-04,11,,,JOHN AMPONTUAH KUMAH.jpg,John Kumah
Q104473249,Adams Abdul Salam,male,1985-12-16,11,,,Abdul-Salam Adams.jpg,Adams Abdul Salam
Q104520996,Stephen Amoah,male,1970-03-27,11,,,Stephen Amoah.jpg,Stephen Amoah
Q104527866,Farouk Aliu Mahama,male,,,,,UMAR FAROUK ALIU MAHAMA.jpg,Farouk Aliu Mahama
Q104538322,Zuwera Ibrahimah,female,1970-07-27,11,,,ZUWERA MOHAMMED IBRAHIMAH.jpg,Zuwera Ibrahimah
Q104552355,Kwamena Minta Nyarku,male,1974-12-07,11,,,Kwamena Minta Nyarku.jpg,Kwamena Minta Nyarku
Q104626431,Habib Iddrisu,male,,,,,HABIB IDDRISU.jpg,Habib Iddrisu
Q104649268,Theresa Lardi Awuni,female,1979-01-02,11,,,THERESA LARDI AWUNI.jpg,Theresa Lardi Awuni
Q104696363,Kofi Amankwa-Manu,male,1969-04-11,11,,,KOFI AMANKWA-MANU.jpg,Kofi Amankwa-Manu
Q104698753,Akwasi Konadu,male,1982-07-25,11,,,AKWASI KONADU.jpg,Akwasi Konadu
Q104704579,Alhassan Kobina Ghansah,male,,,,,ALHASSAN KOBINA GHANSAH.jpg,Alhassan Kobina Ghansah
Q104707788,Nicholas Amankwah,male,,,,,Nicholas Amankwah.jpg,Nicholas Amankwah
Q104708409,Kofi Arko Nokoe,male,1983-05-13,11,,,KOFI ARKO NOKOE.jpg,Kofi Arko Nokoe
Q104783321,Richard Kwame Sefe,male,1972,9,,,RICHARD KWAMI SEFE.jpg,Richard Kwame Sefe
Q104956485,Kingsley Nyarko,male,1973-06-10,11,,,Kingsley Nyarko.jpg,Kingsley Nyarko
Q105091518,Mohammed Adams Sukparu,male,1985-01-06,11,,,,Mohammed Adams Sukparu
Q105183969,Samuel Nuamah Donkor,male,1958-09-05,11,,,Hon stc.jpg,Samuel Nuamah Donkor
Q1052375,Cecilia Abena Dapaah,female,1954-11-27,11,,,,Cecilia Dapaah
Q105489544,Godfred Yeboah Dame,male,1979,9,,,,Godfred Yeboah Dame
Q105547621,E. K. T. Donkoh,male,1939,9,2016,9,,E. K. T. Donkoh
Q105699250,Isaac Yaw Opoku,male,1957-08-27,11,,,Isaac Yaw Opoku.jpg,Isaac Yaw Opoku
Q105699251,Nelson Kyeremeh,male,1985-03-27,11,,,Nelson Kyeremeh.jpg,Nelson Kyeremeh
Q105699252,Adelaide Ntim,female,1971-06-24,11,,,Adelaide Ntim.jpg,Adelaide Ntim
Q105713094,George Takyi,male,1965-03-29,11,,,GEORGE KWABENA OBENG TAKYI.jpg,George Takyi
Q105722508,Yves Hanson-Nortey,male,1983-04-20,11,,,YVES HANSON-NORTEY.jpg,Yves Hanson-Nortey
Q105836812,Kwadjo Asante,male,1977-06-21,11,,,,Kwadjo Asante
Q106613057,Robert Wisdom Cudjoe,male,1965-06-06,11,,,,Robert Wisdom Cudjoe
Q106643807,Hamza Adam,male,1975-10-30,11,,,,Hamza Adam
Q108130806,David Ansah Opoku,male,1984-09-13,11,,,,Davis Ansah Opoku
Q1083474,Christine Churcher,female,1954-09-21,11,,,,Christine Churcher
Q108489615,Mohammed Amin Adam,male,1974-04-15,11,,,,Mohammed Amin Adam
Q1086476,Christopher Ameyaw-Akumfi,male,1945-08-21,11,,,,Christopher Ameyaw-Akumfi
Q109651136,Haruna Iddrisu,male,1970-09-08,11,,,HARUNA IDDRISU.jpg,Haruna Iddrisu
Q110095810,Abdul-Razak Tahidu,male,1977-01-28,11,,,Abdul Razak Tahidu.jpg,Abdul-Razak Tahidu
Q110095959,Abdulai Abanga,male,1970-05-25,11,,,Abdulai Abanga.jpg,Abdulai Abanga
Q110096908,Abed-Nego Bandim,male,1977-02-12,11,,,Abed-nego Bandim.jpg,Abed-nego Bandim
Q110097212,Abukari Dawuni,male,1977-01-27,11,,,ABUKARI DAWUNI.jpg,Abukari Dawuni
Q110098024,Mahama Asei Seini,male,1960-11-15,11,,,MAHAMA ASEI SEINI.jpg,Mahama Asei Seini
Q110122253,Benjamin Narteh Ayiku,male,1964-08-05,11,,,BENJAMIN NARTEH AYIKU.jpg,Benjamin Narteh Ayiku
Q110122545,Bright Bakye Yelviel Baligi,male,1977-05-03,11,,,,Bright Bakye Yelviel Baligi
Q110126658,Dan Abdul-Latif,male,1970-01-01,11,,,Dan Abdul-Latif.jpg,Dan Abdul-latif
Q110126786,Daniel Ohene Darko,male,1961-06-18,11,,,,Daniel Ohene Darko
Q110126966,Desmond De-Graft Paitoo,male,1969-08-21,11,,,DESMOND DE-GRAFT PAITOO.jpg,Desmond De-Graft Paitoo
Q110127028,Dickson Adomako Kissi,male,1981-08-23,11,,,,Dickson Adomako Kissi
Q110598414,Paul Apreku Twum Barimah,male,1977-01-28,11,,,PAUL APREKU TWUM-BARIMAH.jpg,Paul Apreku Twum Barimah
Q110610394,Frederick Yaw Ahenkwah,male,1982-06-24,11,,,FREDERICK YAW AHENKWAH.jpg,Frederick Yaw Ahenkwah
Q110617022,Joseph Kwame Kumah,male,1974-01-24,11,,,Joseph Kwame Kumah.jpg,Joseph Kwame Kumah
Q110617024,Williams Okofo-Dateh,male,1981-10-15,11,,,WILLIAMS OKOFO-DATEH.jpg,Williams Okofo-Dateh
Q110617037,James Gyakye Quayson,male,1952-10-09,11,,,JAMES GYAKYE QUAYSON.jpg,James Gyakye Quayson
Q110617044,Joseph Kwasi Mensah,male,1962-11-18,11,,,Joseph Kwasi Mensah.jpg,Joseph Kwasi Mensah
Q110647519,Richard Gyan Mensah,male,1982-06-20,11,,,RICHARD GYAN-MENSAH.jpg,Richard Gyan Mensah
Q110647930,David T. D. Vondee,male,1978-08-02,11,,,DAVID T. D. VONDEE.jpg,David T. D. Vondee
Q110651455,Henry Yiadom Boakye,male,1974,9,,,,Henry Yiadom Boakye
Q110651687,Teddy Safori Addi,male,1984,9,,,,Teddy Safori Addi
Q110716901,Adama Sulemana,male,1978,9,,,Adama Sulemana.jpg,Adama Sulemana
Q110737231,Haruna Seidu,male,1974-02-04,11,,,SEIDU HARUNA.jpg,Haruna Seidu
Q110754732,Alexander Gyan,male,1980-03-26,11,,,ALEXANDER GYAN.jpg,Alexander Gyan
Q110802775,Stephen Jalulah,male,1974-10-22,11,,,STEPHEN PAMBIIN JALULAH.jpg,Stephen Jalulah
Q110908816,Kwabena Okubi-Appiah,male,,,,,,
Q111785340,Kwame Dzudzorli Gakpey,male,1975,9,,,,Kwame Dzudzorli Gakpey
Q112651138,Akwasi Owusu Afrifa-Mensa,male,1971-03-04,11,,,,Akwasi Owusu Afrifa-Mensa
Q112651643,Albert Tetteh Nyakotey,male,1965-08-10,11,,,,Albert Tetteh Nyakotey
Q112652205,Alexander Akwasi Acquah,male,1974-12-08,11,,,,Alexander Akwasi Acquah
Q112652223,Alexander Agyare,male,1979-01-06,11,,,,Alexander Agyare
Q112652858,Alfred Obeng-Boateng,male,1973-11-23,11,,,,Alfred Obeng-Boateng
Q112796102,Alhassan Abdallah Iddi,male,1976-02-22,11,,,,Alhassan Abdallah Iddi
Q113483347,Festus Awuah Kwofie,male,1967-01-08,11,,,FESTUS AWUAH KWOFIE.jpg,Festus Awuah Kwofie
Q113483572,Martin Kwaku Adjei-Mensah Korsah,male,1978-04-12,11,,,MARTIN ADJEI-MENSAH KORSAH.jpg,Martin Kwaku Adjei-Mensah Korsah
Q113543383,Kofi Ahenkorah Marfo,male,1968-04-26,11,,,KOFI AHENKORAH MARFO.jpg,Kofi Ahenkorah Marfo
Q113578035,Yao Gomado,male,1966-10-20,11,,,YAO GOMADO.jpg,Yao Gomado
Q113631868,Charles Acheampong,male,1981-05-09,11,,,Charles Acheampong.jpg,Charles Acheampong
Q113639980,Joseph Frempong,male,1974-07-16,11,,,JOSEPH NA FREMPONG.jpg,Joseph Frempong
Q113643608,Frederick Obeng Adom,male,1984-01-11,11,,,FREDERICK OBENG ADOM.jpg,Frederick Obeng Adom
Q113644164,Sylvester Tetteh,male,1977-07-07,11,,,SYLVESTER MATTHEW TETTEH.jpg,Sylvester Tetteh
Q113647952,Joseph Akuerteh,male,1974-08-05,11,,,JOSEPH Akuerteh TETTEY.jpg,Joseph Akuerteh Tettey
Q113657681,Issifu Seidu,male,1969-07-24,11,,,,Issifu Seidu (politician)
Q113662086,Oscar Liwaal,male,1978-05-01,11,,,OSCAR LIWAAL.jpg,Oscar Liwaal
Q113662482,Solomon Kuyon,male,1975-08-28,11,,,Solomon Kuyon.jpg,Solomon Kuyon
Q113687145,Oscar Ofori Larbi,male,,,,,,
Q113687161,Godfred Seidu Jasaw,male,1977-03-14,11,,,,Godfred Seidu Jasaw
Q113708577,Alhassan Tampuli Sulemana,male,1976-05-27,11,,,ALHASSAN TAMPULI SULEMANA.jpg,Alhassan Tampuli Sulemana
Q113773269,Thomas Mbomba,male,1976,9,,,,Thomas Mbomba
Q114339709,Amidu Chinnia Issahaku,,,,,,,
Q114339710,Anthony Mwinkaara Sumah,male,,,,,,Anthony Mwinkaara Sumah
Q114339711,Blsmark Tetteh Nyarko,,,,,,,
Q114339713,Cletus Seidu Dapilah,male,,,,,,Cletus Seidu Dapilah
Q114339714,Daniel Nsala Wakpal,male,1975-03-15,11,,,DANIEL NSALA WAKPAL.jpg,Daniel Nsala Wakpal
Q114339715,Iddriss Jacob Abdulai,,,,,,,
Q114339716,John Kobina Abbam Aboah Sanie,,,,,,,
Q114339718,Michael Okyere Baafl,,,,,,,
Q114339719,Prince Hamidu Armah,,,,,,,
Q114339720,Sampson Tangombu Chiragia,,,,,,,
Q114339721,Samuel Erickson Abakah,,,,,,,
Q114339722,Thomas Adda Dalu,,,,,,,
Q114351027,Joseph Betino,male,1966-08-27,11,,,JOSEPH BETINO.jpg,Joseph Betino
Q1160142,Daniel Botwe,male,1958-02-26,11,,,Dan Botwe.jpg,Dan Botwe
Q1170146,Ibrahim Cudjoe Quaye,male,1937-07-30,11,,,,Ibrahim Cudjoe Quaye
Q1229262,Florence Oboshie Sai-Coffie,female,1953-04-06,11,,,Ob-2022-04-23-23-49-51.jpg,Florence Oboshie Sai-Coffie
Q1237560,Dominic Fobih,male,1942-07-16,11,,,,Dominic Fobih
Q1311287,Obed Yao Asamoah,male,1936-02-06,11,,,Dr. Obed Y. Asamoah.jpg,Obed Asamoah
Q1338156,Emmanuel Asamoah Owusu-Ansah,male,1950-02-03,11,2012-06-22,11,,Emmanuel Asamoah Owusu-Ansah
Q1356193,Ernest Debrah,male,1947-06-03,11,2016-04-06,11,,Ernest Debrah
Q1370096,Esther Obeng Dapaah,female,1945-01-18,11,,,,Esther Obeng Dapaah
Q1374550,Aliu Mahama,male,1946-03-03,11,2012-11-16,11,Alhaji Aliu Mahama.jpg,Aliu Mahama
Q1409254,Joseph Amenowode,male,1955-08-13,11,,,,Joseph Amenowode
Q14117492,Nana Oye Lithur,female,,,,,"Nana Oye Lithur, Minister of Gender, Ghana, speaking at Girl Summit 2014 (14724914435).jpg",Nana Oye Lithur
Q1438950,Paa Kwesi Nduom,male,1953-02-15,11,,,Paa Kwesi Nduom (cropped).jpg,Paa Kwesi Nduom
Q1451907,Joseph Kofi Adda,male,1956-04-22,11,2021-10-14,11,,Joseph Kofi Adda
Q1453068,Freddie Blay,male,1942,9,,,,Freddie Blay
Q14920500,Jane Naana Opoku-Agyemang,female,1951-11-22,11,,,Jane Naana Opoku-Agyemang.jpg,Jane Naana Opoku-Agyemang
Q15109471,William Kwasi Aboah,male,1939-06-04,11,2017-05-21,11,,William Kwasi Aboah
Q1529094,Gladys Asmah,female,1939-10-16,11,2014-06-24,11,,Gladys Asmah
Q1567260,Hackman Owusu-Agyeman,male,1941-11-22,11,,,Hackman Owusu-Agyeman 207-DP-9437-Ghana2119 (cropped).jpg,Hackman Owusu-Agyeman
Q1569692,Alima Mahama,female,1957-11-17,11,,,Her Excellency Alima Mahama (Hajia).jpg,Alima Mahama
Q16016523,Samuel Nii Ayi Mankattah,male,,,2005,9,,Samuel Nii Ayi Mankattah
Q16107187,Kwesi Ahwoi,male,1946-11-17,11,,,"Kwesi Ahwoi at African Heads of State conference May 18, 2012.jpg",Kwesi Ahwoi
Q16144551,Nii Armah Ashitey,male,1950-01-28,11,,,,Nii Armah Ashitey
Q16146239,Alhassan Bashir Fuseini,male,1956-02-02,11,,,Alhassan Bashir Fuseini.jpg,Alhassan Bashir Fuseini
Q16146242,Alhassan Sayibu Suhuyini,male,1979-09-12,11,,,ALHASSAN SAYIBU SUHIYINI.jpg,Alhassan Suhuyini
Q16146496,Edward Omane Boamah,male,,,,,Edward Kofi Omane Boamah 2015 (cropped).jpg,Edward Omane Boamah
Q16146980,Aquinas Tawiah Quansah,male,1964-04-04,11,,,,Aquinas Tawiah Quansah
Q16147243,Reginald Nii Bi Ayibonte,male,,,,,,Reginald Nii Bi Ayibonte
Q16148390,Elvis Afriyie Ankrah,male,1967-01-06,11,,,,Elvis Afriyie Ankrah
Q16148840,Joseph Amankwanor,male,1954-10-14,11,,,,Joseph Amankwanor
Q16149987,Dzifa Ativor,female,1956-02-22,11,2021-11-15,11,Dzifa Attivor (cropped).jpg,Dzifa Attivor
Q16151885,Paul Collins Appiah Ofori,male,1943-08-19,11,,,,Paul Collins Appiah Ofori
Q16192857,Helen Adjoa Ntoso,female,1959-05-26,11,,,HELEN ADJOA NTOSO.jpg,Helen Ntoso
Q16194544,Inusah Fuseini,male,1962-01-23,11,,,Inusah Fuseini.png,Inusah Fuseini
Q16196930,Fiifi Fiavi Kwetey,male,1967-06-02,11,,,Franklin Fiifi Fiavi Kwetey.jpg,Fiifi Kwetey
Q16199323,Nayon Bilijo,male,,,,,,Nayon Bilijo
Q16199405,Akwasi Oppong Fosu,male,1958-02-01,11,,,Akwasi Opong-Fosu 2019 (cropped).jpg,Akwasi Oppong Fosu
Q16218681,Ras Mubarak,male,1979-06-03,11,,,,Ras Mubarak
Q16219412,Joe Gidisu,male,1952-02-22,11,,,,Joe Gidisu
Q163224,Edward Kwame Wiredu,male,1934,9,2008-01-31,11,,Edward Kwame Wiredu
Q1657330,Ignatius Baffour-Awuah,male,1966-08-24,11,,,IGNATIUS BAFFOUR AWUAH.jpg,Ignatius Baffour-Awuah
Q16730044,Imoro Yakubu Kakpagu,male,1958-02,10,,,,Imoro Yakubu Kakpagu
Q16730975,Jonathan Nii Tackie Kommey,male,1953-05-23,11,,,,Jonathan Nii Tackie Kommey
Q16731126,Kwabena Okyere Darko-Mensah,male,1974-06-18,11,,,KWABENA OKYERE DARKO-MENSAH.jpg,Kwabena Okyere Darko-Mensah
Q16733008,Muntaka Mohammed Mubarak,male,1971-10-17,11,,,MOHAMMED MUBARAK MUNTAKA.jpg,Mubarak Mohammed Muntaka
Q16733370,Bede Ziedeng,male,1954-10-22,11,,,,Bede Ziedeng
Q16733482,Ebenezer Okletey Terlabi,male,1963-09-03,11,,,Ebenezer OKLETEY Terlabi.jpg,Ebenezer Okletey Terlabi
Q16733634,Elizabeth Ofosu-Agyare,female,1974-03-01,11,,,"Ghana's Minister of Tourism, Culture and Creative Arts.jpg",Elizabeth Ofosu-Adjare
Q16733693,Joseph Nii Laryea Afotey-Agbo,male,1967-07-31,11,,,,Joseph Nii Laryea Afotey-Agbo
Q16733771,Limuna Mohammed Muniru,male,,,,,,Limuna Mohammed Muniru
Q16733874,Isaac Osei,male,1951-03-29,11,,,,Isaac Osei
Q16734040,Queenster Maame Pokua Sawyerr,female,1964-07-01,11,,,QUEENSTAR MAAME POKUAH SAWYERR.jpg,Queenstar Pokuah Sawyerr
Q1673412,Isaac Kobina Abban,male,1933,9,2001-04-21,11,,Isaac Kobina Abban
Q16734129,Amin Amidu Sulemana,male,1955-10-20,11,,,,Amin Amidu Sulemana
Q16734231,Edwin Nii Lante Vanderpuye,male,1965-06-11,11,,,EDWIN NII LANTEY VANDERPUYE.jpg,Edwin Nii Lante Vanderpuye
Q1691326,Joe Baidoo-Ansah,male,1964-01-28,11,,,,Joe Baidoo-Ansah
Q1691433,Joe Ghartey,male,1961-06-15,11,,,,Joe Ghartey
Q1698546,Papa Owusu-Ankomah,male,1958-04-27,11,,,Papa Owusu-Ankomah - 2017 (37944122301) (cropped).jpg,Papa Owusu-Ankomah
Q1706633,Joseph Aidoo,male,1958-08-04,11,,,Joseph Boahen Aidoo.jpg,Joseph Aidoo (politician)
Q1707222,Joseph Henry Mensah,male,1928-10-31,11,2018-07-12,11,,Joseph Henry Mensah
Q1708293,Joseph Yieleh Chireh,male,1954-07-08,11,,,,Joseph Yieleh Chireh
Q1710030,Joyce Bamford-Addo,female,1937-03-26,11,,,Joyce Bamford Addo.jpg,Joyce Bamford-Addo
Q17198285,David Nana Larbie,male,1950-10-29,11,,,,David Nana Larbie
Q17385557,Ameen Salifu,male,1965-07-25,11,,,,Ameen Salifu
Q17386197,Kobina Tahir Hammond,male,1960-06-16,11,,,KOBINA TAHIR HAMMOND.jpg,Kobina Tahir Hammond
Q178176,Abraham Ossei Aidooh,male,1953-08-06,11,,,,Abraham Ossei Aidooh
Q1794870,Kwadwo Adjei-Darko,male,1948-05-10,11,,,,Kwadwo Adjei-Darko
Q1794877,Kwadwo Baah Wiredu,male,1952,9,2008-09-24,11,,Kwadwo Baah-Wiredu
Q1794901,Kwame Addo-Kufuor,male,1940-07-14,11,,,DR.KWAME ADDO KUFOUR.jpg,Kwame Addo-Kufuor
Q1794914,Kwamena Bartels,male,1947-10-27,11,,,,Kwamena Bartels
Q18687677,Asiedu Nketia,male,1956-12-24,11,,,Johnson Asiedu Nketiah.jpg,Asiedu Nketia
Q1933412,Aaron Mike Oquaye,male,1944-04-04,11,,,"Aaron Mike Oquaye, December 2017 (5122) (cropped2).jpg",Aaron Mike Oquaye
Q1964413,Nana Akomea,male,1961-08-05,11,,,,Nana Akomea
Q1964418,Nana Ato Arthur,male,1961-12-24,11,,,,Nana Ato Arthur
Q19896298,Mumuni Abudu Seidu,male,,,,,,Mumuni Abudu Seidu
Q20022251,Ken Ofori-Atta,male,1958-11-07,11,,,Ken Ofori-Atta 2019.jpg,Ken Ofori-Atta
Q20119890,Francisca Oteng-Mensah,female,1993-02-14,11,,,FRANCISCA OTENG MENSAH.jpg,Francisca Oteng-Mensah
Q20202651,Kojo Oppong Nkrumah,male,1982-04-05,11,,,,Kojo Oppong Nkrumah
Q2059474,Paul Evans Aidoo,male,1958-08-04,11,,,,Paul Evans Aidoo
Q20630279,Maxwell Kofi Jumah,male,1950-06-26,11,,,,Maxwell Kofi Jumah
Q2073619,Peter Ala Adjetey,male,1931-08-11,11,2008-07-15,11,,Peter Ala Adjetey
Q20810423,Anna Bossman,female,1957-12-01,11,,,,Anna Bossman
Q20898403,Sarah Adwoa Sarfo,female,1981-12-28,11,,,,Sarah Adwoa Safo
Q21062553,Samuel Okudzeto Ablakwa,male,1980-08-11,11,,,Samuel Okudzeto Ablakwa at MWF 2.jpg,Samuel Okudzeto Ablakwa
Q21063772,Ursula Owusu,female,1964-10-20,11,,,"H.E. Ursula G. Owusu-Ekuful, Minister of Communications of Ghana.jpg",Ursula Owusu
Q2150918,Richard Winfred Anane,male,1954-03-12,11,,,,Richard Winfred Anane
Q21908926,Kwabena Donkor,male,1958-02-05,11,,,KWABENA DONKOR.jpg,Kwabena Donkor
Q21953013,Alex Segbefia,male,1963,9,,,Dr. Alex Segbefia.jpg,Alex Segbefia
Q2211076,Abubakar Boniface Siddique,male,1960-11-14,11,,,,Abubakar Boniface Siddique
Q2217635,Sampson Kwaku Boafo,male,,,,,,Sampson Kwaku Boafo
Q2218696,Samuel Owusu Agyei,male,,,,,,Samuel Owusu Agyei
Q22231171,Samuel Nartey George,male,1985-01-22,11,,,SAMUEL NARTEY GEORGE.jpg,Sam Nartey George
Q2278444,Sherry Ayitey,female,1948,9,,,Sherry Ayitey.jpeg,Sherry Ayittey
Q22811484,J. B. Danquah-Adu,male,1965-07-02,11,2016-02-09,11,,J. B. Danquah-Adu
Q2344521,Stephen Asamoah-Boateng,male,1958-08-18,11,,,Asamoah Boateng.jpg,Stephen Asamoah Boateng
Q23541289,Zanetor Agyeman-Rawlings,female,1978-06-01,11,,,Zanetor Agyeman-Rawlings with Bobby Rush 2 (cropped).jpg,Zanetor Agyeman-Rawlings
Q23671751,Genevive Delali Tsegah,female,1951-08-08,11,,,,Genevieve Delali Tsegah
Q23907308,Kwaku Danso-Boafo,male,1949-11-23,11,,,Kwaku Danso-Boafo.jpg,Kwaku Danso-Boafo
Q23907331,Johanna Odonkor Svanikier,female,1968,9,,,,Johanna Odonkor Svanikier
Q2419497,Theresa Amerley Tagoe,female,1943-12-13,11,2010-11-25,11,Theresa Amerley Tagoe.jpg,Theresa Amerley Tagoe
Q24273532,Barfour Adjei-Barwuah,male,1942-12-15,11,,,Baffour Adjei Bawuah - 2018 (43822128340) (cropped).jpg,Baffour Adjei Bawuah
Q24635892,Abukari Sumani,male,1946-04-28,11,2017-08-12,11,,Abubakari Sumani
Q24698455,Ellen Serwaa Nee-Whang,female,1952-11-02,11,,,,Ellen Serwaa Nee-Whang
Q2599796,Yaw Barimah,male,1949-12-22,11,,,,Yaw Barimah
Q2599806,Yaw Osafo-Maafo,male,1942,9,,,,Yaw Osafo-Maafo
Q26210996,Gifty Klenam,female,1970-07-12,11,,,,Gifty Klenam
Q26258627,Benita Sena Okitey-Duah,female,1976-06-19,11,,,Benita Okity Duah UNSessionNewYork 2013-07-17 002.jpg,Benita Sena Okity-Duah
Q2636751,Alan John Kyerematen,male,1955-10-03,11,,,"Plenary session, 12 December morning (24172415987) Alan John Kyerematen.jpg",Alan John Kyerematen
Q2637206,Alban Bagbin,male,1957-09-24,11,,,Speaker Alban Bagbin-2.jpg,Alban Bagbin
Q2638264,Albert Kan-Dapaah,male,1953-03-14,11,,,,Albert Kan-Dapaah
Q26464946,Alexander Afenyo-Markin,male,1978-05-27,11,,,Alexander Afenyo-Markin.jpg,Alexander Kwamina Afenyo-Markin
Q2646599,Alhaji Mustapha Ali Idris,male,1955,9,2013-06-02,11,,
Q2646607,Malik Al-Hassan Yakubu,male,1945-12-29,11,,,2477970261 Gertrude Mongella.jpg,Malik Al-Hassan Yakubu
Q26896896,Irene Naa Torshie Addo,female,1970-09-30,11,,,,Irene Naa Torshie Addo
Q26896919,Hanna Louisa Bissiw,female,1972-07-23,11,,,Hanna Bisiw and Agriculture Deputy Secretary Krysta Harden (cropped).jpg,Hanna Louisa Bissiw
Q26899146,Patricia Appiagyei,female,1956-11-28,11,,,Patricia Appiagyei 1.jpg,Patricia Appiagyei
Q26899153,Freda Akosua Prempeh,female,1966-01-23,11,,,FREDA PREMPEH.jpg,Freda Akosua Prempeh
Q26899268,Comfort Doyoe Cudjoe-Ghansah,female,1967-11-03,11,,,Comfort Doyoe Cudjoe.jpg,Comfort Doyoe Cudjoe-Ghansah
Q26899283,Mavis Hawa Koomson,female,1966-02-03,11,,,MAVIS HAWA KOOMSON.jpg,Mavis Hawa Koomson
Q26899284,Bernice Adiku Heloo,female,1954-09-24,11,,,,Bernice Heloo
Q26923626,Shirley Ayorkor Botchway,female,1963-02-08,11,,,Shirley Ayorkor Botchway.jpg,Shirley Ayorkor Botchwey
Q26923629,Elizabeth K.T Sackey,female,1958-05-06,11,,,,Elizabeth K. T. Sackey
Q26923790,Della Sowah,female,1959-11-23,11,,,Della Sowah.jpg,Della Sowah
Q26924332,Mary Salifu Boforo,female,1951-02-25,11,,,,Mary Salifu Boforo
Q26924735,Rachel Florence Appoh,female,1980-10-06,11,,,,Rachel Florence Appoh
Q27057633,Abena Osei Asare,female,1979-01-16,11,,,Abena Osei-Asare.jpg,Abena Osei Asare
Q27058340,Otiko Afisa Djaba,female,1962-01-21,11,,,State Department Global Women’s Mentoring Partnership Alumnae Reception - 26686039589 (cropped).jpg,Otiko Afisa Djaba
Q27063318,Gifty Eugenia Kusi,female,1958-02-11,11,,,,Eugenia Gifty Kusi
Q27975634,Ama Pomaa Boateng,female,1975-08-19,11,,,AMA POMAA BOATENG.jpg,Ama Pomaa Boateng
Q28131373,Frema Opare,female,1947-06-05,11,,,,Frema Opare
Q28223333,Kennedy Agyapong,male,1960-06-16,11,,,KEN OHENE AGYAPONG.jpg,Kennedy Agyapong
Q28363756,Elizabeth Afoley Quaye,female,1970-11-01,11,,,,Elizabeth Afoley Quaye
Q28377798,Joseph Osei Owusu,male,1962-01-22,11,,,JOSEPH OSEI-OWUSU.jpg,Joseph Osei-Owusu
Q28445503,Charles Omar Nyanor,male,1935-09-01,11,2004-04-30,11,,Charles Omar Nyanor
Q28606407,Kwasi Ameyaw-Cheremeh,male,1966-11-06,11,,,KWASI AMEYAW-CHEREMEH.jpg,Kwasi Ameyaw-Cheremeh
Q28677017,Matthew Opoku Prempeh,male,1968-05-23,11,,,MATTHEW OPOKU PREMPEH.jpg,Matthew Opoku Prempeh
Q28741196,Kwaku Agyemang-Manu,male,1955-09-06,11,,,KWAKU AGYEMAN-MANU.jpg,Kwaku Agyemang-Manu
Q28840603,Abrah Comfort Rosemond,female,1950-07-16,11,,,,Abrah Comfort Rosemond
Q28867963,Alfred Kwame Agbesi,male,1955-02-20,11,,,,Alfred Kwame Agbesi
Q28870676,Joshua Alabi,male,1958-03-01,11,,,,Joshua Alabi
Q28924956,Mustapha Abdul-Hamid,male,1971-06-14,11,,,Mustapha Abdul-Hamid in a Citi FM interview.jpg,Mustapha Abdul-Hamid
Q30160145,John Peter Amewu,male,,,,,JOHN - PETER AMEWU.jpg,John Peter Amewu
Q30176119,George Isaac Amoo,male,,,,,,George Isaac Amoo
Q30302039,Egyapa Mercer,male,1973-05-25,11,,,ANDREW KOFI EGYAPA MERCER.jpg,Andrew Egyapa Mercer
Q30315761,Boakye Agyarko,male,1956,9,,,,Boakye Agyarko
Q30318643,Simon Osei-Mensah,male,1961-05-27,11,,,,Simon Osei-Mensah
Q30318775,Ishmael Ashitey,male,1954-11-20,11,2022-01-07,11,,Ishmael Ashitey
Q30318776,Kwakye Darfour,male,1957-09-29,11,,,,Kwakye Darfour
Q30323575,Dominic Nitiwul,male,1977-11-04,11,,,Dominic Nitiwul at Obangame Express 2017 (cropped).jpg,Dominic Nitiwul
Q30645013,Ayikoi Otoo,male,,,,,,Ayikoi Otoo
Q30674983,Emmanuel Adjei Anhwere,male,1962-09-20,11,,,EMMANUEL AGYEI ANHWERE.jpg,Emmanuel Adjei Anhwere
Q30688486,Stephen Obimpeh,male,1941,9,,,,Stephen Obimpeh
Q30688553,Benito Owusu Bio,male,1968-11-01,11,,,BENITO OWUSU-BIO.jpg,Benito Owusu Bio
Q3128736,Hawa Yakubu,female,1948-03-24,11,2007-03-19,11,,Hawa Yakubu
Q31718297,Owusu Afriyie Akoto,male,1949-10-19,11,,,Owusu Afriyie Akoto 2019 (cropped).jpg,Owusu Afriyie Akoto
Q31751713,Catherine Ablema Afeku,female,1967-06-27,11,,,,Catherine Afeku
Q31751719,Kweku Ofori Asiamah,male,,,,,,Kwaku Ofori Asiamah
Q31960722,Samiu Kwadwo Nuamah,male,1977-07-25,11,,,,Samiu Kwadwo Nuamah
Q31988547,Josephine Hilda Addo,female,1957-09-27,11,,,,Josephine Hilda Addo
Q3200845,Kwesi Osei-Adjei,male,1949,9,,,,
Q32072589,Kojo Armah,male,1945-11-27,11,2014-05-04,11,,Kojo Armah
Q32101851,Kweku Tanikyi Kesse,male,,7,,,,Kweku Tanikyi Kesse
Q33066467,Stephen Mahamudu Yakubu,male,1966-05-25,11,,,,Stephen Mahamudu Yakubu
Q33069723,Salma Frances Mancell-Egala,female,,,,,,Salma Frances Mancell-Egala
Q33069724,Paul Okoh,male,1949-02-22,11,,,,Paul Okoh
Q33069734,Joseph Akudibilah,male,1948,9,,,,Joseph Kojo Akudibilah
Q33084659,Rashid Bawa,male,1940-04-02,11,,,,Rashid Bawa
Q33108613,Isaac Kwame Asiamah,male,1975-12-24,11,,,ISAAC KWAME ASIAMAH.jpg,Isaac Kwame Asiamah
Q33129374,Samuel Atta Akyea,male,1962-08-20,11,,,SAMUEL ATTA AKYEA.jpg,Samuel Atta Akyea
Q33134598,Kwesi Amoako Atta,male,1951-08-05,11,,,KWASI AMOAKO-ATTAH.jpg,Kwesi Amoako Atta
Q33134757,Kwasi Annoh Ankama,male,1957-06-01,11,2010-07-01,11,,Kwasi Annoh Ankama
Q331645,Courage Quashigah,male,1947-09-09,11,2010-01-05,11,,Courage Quashigah
Q33634856,George Yaw Gyan-Baffour,male,1951-03-27,11,,,,George Gyan-Baffour
Q34005108,Ibrahim Mohammed Awal,male,1962,9,,,Ibrahim Mohammed Awal.jpg,Ibrahim Mohammed Awal
Q34199479,Bryan Acheampong,male,1972-11-27,11,,,,Bryan Acheampong
Q34201755,Peter Wiafe Pepera,male,1954-05-09,11,2016-05-21,11,,Peter Wiafe Pepera
Q34505430,Carlos Kingsley Ahenkorah,male,1966-07-20,11,,,CARLOS KINGSLEY AHENKORAH.jpg,Carlos Kingsley Ahenkorah
Q34506514,Charles Adu Boahen,male,,,,,,Charles Adu Boahen
Q346864,Mohammed Ibn Chambas,male,1950-12-07,11,,,Mohammed Ibn Chambas greets US officials 2007.jpeg,Mohamed Ibn Chambas
Q35121341,Mohammed Adjei Sowah,male,,,,,,Mohammed Adjei Sowah
Q35561192,Barbara Oteng Gyasi,female,1964-10-05,11,,,,Barbara Oteng Gyasi
Q35561225,Barbara Ayisi Asher,female,1976-02-12,11,,,,Barbara Asher Ayisi
Q35562144,Osei Bonsu Amoah,male,1961-08-15,11,,,OSEI BONSU AMOAH.jpg,Osei Bonsu Amoah
Q35562227,Derrick Oduro,male,1958-02-23,11,,,,Derrick Oduro
Q35562256,Nii Kwartei Titus Glover,male,1966-08-28,11,,,,Nii Kwartei Titus Glover
Q35563083,Gifty Twum Ampofo,female,1967-06-11,11,,,GIFTY TWUM-AMPOFO.jpg,Gifty Twum Ampofo
Q35563113,Anthony Karbo,male,1979-08-12,11,,,Anthony Karbo Lawra Kobine Festival.jpg,Anthony Karbo
Q35563142,Kwabena Owusu Aduomi,male,1960-09-17,11,,,,Kwabena Owusu Aduomi
Q35563201,Vincent Sowah Odotei,male,1968-05-05,11,,,,Vincent Sowah Odotei
Q35563229,George Andah,male,1970-04-27,11,,,George Andah 2017 ITU.jpg,George Andah
Q35563257,Kingsley Aboagye Gyedu,male,1968-11-29,11,,,,Kingsley Aboagye Gyedu
Q36074435,Martha Ama Akyaa Pobee,female,,,,,United Nations Assistant Secretary-General for Africa Martha Ama Akyaa Pobee (cropped).jpg,Martha Ama Akyaa Pobee
Q38803881,Alex Adomako-Mensah,male,1962-11-05,11,,,Alex Adomako - Mensah.jpg,Alex Adomako-Mensah
Q42304491,Emmanuel Aboagye Didieye,male,1976-11-23,11,2017-10-14,11,,Emmanuel Aboagye Didieye
Q424369,Akwasi Osei-Adjei,male,1949-12-27,11,,,,Akwasi Osei-Adjei
Q43182802,Kwaku Kwarteng,male,1969-02-12,11,,,KWAKU AGYEMAN KWARTENG.jpg,Kwaku Kwarteng
Q43371374,Samuel Abu Jinapor,male,1983,9,,,Samuel Abu Jinapor 27.jpg,Samuel Abu Jinapor
Q43377247,Francis Asenso-Boakye,male,1977-09-24,11,,,FRANCIS ASENSO-BOAKYE.jpg,Francis Asenso-Boakye
Q43388748,Frank Fuseini Adongo,male,1960-09-23,11,,,,Frank Fuseini Adongo
Q43388749,Solomon Namliit Boar,male,1968-07-15,11,,,,Solomon Namliit Boar
Q43388751,Joseph Tetteh,male,1966-05-14,11,,,,Joseph Tetteh
Q43396440,John Jinapor,male,1979-06-08,11,,,,John Abdulai Jinapor
Q43597264,Hennric David Yeboah,male,1957,9,2019-03-01,11,,Hennric David Yeboah
Q459187,Ambrose Dery,male,1956-08-23,11,,,DERY AMBROSE.jpg,Ambrose Dery
Q4665233,Abdul-Rashid Pelpuo,male,1964-05-05,11,,,ABDUL-RASHID HASSAN PELPUO.jpg,Abdul-Rashid Pelpuo
Q4701911,Akua Dansua,female,1958-04-23,11,,,Akua Dansua (7106481535).jpg,Akua Sena Dansua
Q4709599,Albert Abongo,male,1959-09-15,11,,,,Albert Abongo
Q4717883,Alex Tettey-Enyo,male,1940-06-06,11,,,,Alex Tettey-Enyo
Q4718267,Alexander Asum-Ahensah,male,1953-07-23,11,,,,Alexander Asum-Ahensah
Q4723552,Alfred Oko Vanderpuije,male,1955-11-04,11,,,Alfred Oko Vanderpuije.jpg,Alfred Oko Vanderpuije
Q4724464,Alhassan Azong,male,1965-12-18,11,,,,Alhassan Azong
Q4738971,Ama Benyiwa-Doe,female,1950,9,2021-09-19,11,,Ama Benyiwa-Doe
Q4759057,Andrews Adjei-Yeboah,male,1955-11-26,11,,,,Andrews Adjei-Yeboah
Q48772825,Kwaku Afriyie,male,1954-07-07,11,,,Kwaku Afriyie.jpg,Kwaku Afriyie
Q48799748,Kwesi Akomia Kyeremateng,male,,,,,,Kwesi Akomia Kyeremateng
Q4888931,Benjamin Kumbuor,male,1957-07-15,11,,,,Benjamin Kumbuor
Q5056428,Cecilia Gyan Amoah,female,1947-10-26,11,,,,Cecilia Gyan Amoah
Q50678,John Mahama,male,1958-11-29,11,,,John Dramani Mahama Aug2014 (cropped).jpg,John Mahama
Q51002,Jerry Rawlings,male,1947-06-22,11,2020-11-12,11,Jerry Rawlings visits AMISOM 02 (6874167713) (cropped).jpg,Jerry Rawlings
Q51005,John Kufuor,male,1938-12-08,11,,,John Agyekum Kufuor - World Economic Forum on Africa 2008-2.jpg,John Kufuor
Q51008,John Evans Atta Mills,male,1944-07-21,11,2012-07-24,11,John Atta-Mills election poster.jpg,John Atta Mills
Q5131356,Clement Kofi Humado,male,1953-12-18,11,,,,Clement Kofi Humado
Q5131978,Cletus Avoka,male,1952-11-30,11,,,CLETUS APUL AVOKA.jpg,Cletus Avoka
Q5147367,Collins Dauda,male,1957-02-13,11,,,COLLINS DAUDA.jpg,Collins Dauda
Q515055,George Kingsley Acquah,male,1942-03-04,11,2007-03-25,11,,George Kingsley Acquah
Q52707322,Mercy Adu Gyamfi,female,1971-05-01,11,,,,Mercy Adu-Gyamfi
Q5341508,Edward Adjaho,male,1957-01-03,11,,,Edward Doe Adjaho.JPG,Edward Adjaho
Q5345199,Edward Salia,male,1952-06-20,11,2009-02-16,11,,Edward Salia
Q5373131,Emmanuel Armah Kofi Buah,male,1966-05-10,11,,,EMMANUEL ARMAH-KOFI BUAH.jpg,Emmanuel Armah Kofi Buah
Q5379334,Enoch Teye Mensah,male,1946-05-17,11,,,,Enoch Teye Mensah
Q5386016,Eric Amoateng,male,1953-02-19,11,,,,Eric Amoateng
Q5504853,Fritz Baffour,male,1952-03-11,11,,,,Fritz Baffour
Q55314927,Elizabeth Agyemang,female,1949-05-13,11,,,,Elizabeth Agyemang
Q5537060,George Boakye,male,1956-10-06,11,,,,George Boakye (politician)
Q5546582,George Yankey,male,,,,,,George Yankey
Q55583739,Mohammed Abdul Aziz,male,1975-10-27,11,,,,Mohammed Abdul Aziz
Q5648740,Hanna Tetteh,female,1967-05-31,11,,,Ghana women leader.jpg,Hanna Tetteh
Q5721427,Henry Ford Kamel,male,1961-12-21,11,2012-12-25,11,,Henry Ford Kamel
Q572683,Anthony Akoto Osei,male,1953-04-18,11,,,,Anthony Akoto Osei
Q57915355,Betty Crosby Mensah,female,1980-08-29,11,,,Hon. Betty Krosby Mensah.jpg,Betty Krosbi Mensah
Q57915590,Felicia Adjei,female,1974-03-03,11,,,Felicia Adjei.jpg,Felicia Adjei
Q57915843,Joycelyn Tetteh,female,1988-01-10,11,,,Joycelyn Tetteh.jpg,Joycelyn Tetteh
Q57915895,Mavis Nkansah Boadu,female,1989-05-17,11,,,MAVIS NKANSAH-BOADU.jpg,Mavis Nkansah Boadu
Q57915909,Nana Ama Dokua Asiamah Adjei,female,1982-07-24,11,,,OHENEBA DOKUA ASIAMAH-ADJEI.jpg,Nana Ama Dokua Asiamah Adjei
Q58010409,Tina Gifty Naa Ayele Mensah,female,1964-01-23,11,,,TINA GIFTY NAA AYELEY MENSAH.jpg,Tina Gifty Naa Ayele Mensah
Q58100498,Joyce Adwoa Akoh Dei,female,1964-10-12,11,,,,Joyce Adwoa Akoh Dei
Q58174790,Cynthia Mamle Morrison,female,1964-01-17,11,,,CYNTHIA MAMLE MORRISON.jpg,Cynthia Mamle Morrison
Q58175272,Abena Durowaa Mensah,female,1977-06-21,11,,,,Abena Durowaa Mensah
Q58175406,Naana Eyiah Quansah,female,1963-02-14,11,,,Naana Eyiah.jpg,Naana Eyiah Quansah
Q58176074,Nana Akua Owusu Afriyie,female,1969-09-03,11,,,,Nana Akua Owusu Afriyie
Q58327,Muhammad Mumuni,male,1949-07-28,11,,,Muhammad Mumuni.jpg,Muhammad Mumuni
Q58494534,Kwabena Twum-Nuamah,male,1978-01-17,11,,,,Kwabena Twum-Nuamah
Q58494542,Frank Annoh Dompreh,male,1977-10-25,11,,,FRANK ANNOH-DOMPREH.jpg,Frank Annoh Dompreh
Q59132463,Emmanuel Kwabena Kyeremateng Agyarko,male,1957-12-10,11,2018-11-21,11,,Emmanuel Kwabena Kyeremateng Agyarko
Q59180272,Kwame Anyimadu Antwi,male,1962-04-12,11,,,KWAME ANYIMADU-ANTWI.jpg,Kwame Anyimadu-Antwi
Q59698493,Dzifa Gomashie,female,1965-07-25,11,,,Dzifa Gomashie.jpg,Dzifa Gomashie
Q605985,Ekwow Spio-Garbrah,male,1953,9,,,Ekwow Spio-Garbrah (cropped).jpg,Ekwow Spio-Garbrah
Q61566688,William Quaitoo,male,1966-09-11,11,,,,William Quaitoo
Q61674636,Frederick Opare-Ansah,male,1968-09-05,11,,,,Frederick Opare-Ansah
Q61679879,Michael Coffie Boampong,male,1962-03-06,11,2018-01-29,11,,Michael Coffie Boampong
Q61679882,Richard Acheampong,male,1970-05-18,11,,,Richard Acheampong.jpg,Richard Acheampong
Q61679889,George Kofi Arthur,male,1969-02-24,11,,,,George Kofi Arthur
Q61679998,Eric Afful,male,1974-10-01,11,,,Eric Afful.jpg,Eric Afful
Q61680053,John Gyetuah,male,1959-10-01,11,2015-10-13,11,,John Gyetuah
Q61686734,Andrew Asiamah Amoako,male,1966-02-24,11,,,Andrew Asiamah Amoako.jpg,Andrew Asiamah Amoako
Q61692930,Ernest Kofi Yakah,male,1959-08-02,11,,,,Ernest Kofi Yakah
Q61693202,Akwasi Adusei,male,,,,,,
Q61694520,James Agalga,male,1979-06-10,11,,,James Agalga.jpg,James Agalga
Q61694535,Kennedy Kwasi Kankam,male,1978-01-22,11,,,,Kennedy Kwasi Kankam
Q61694536,Ahmed Ibrahim,male,1974-05-06,11,,,IBRAHIM AHMED.jpg,Ahmed Ibrahim (Ghanaian politician)
Q61694537,Alex Kofi Agyekum,male,1962-08-18,11,,,,Alex Kofi Agyekum
Q61694538,Alex Tetteh Djornobuah,male,1972-04-27,11,,,ALEX TETTEH DJORNOBUAH.jpg,Alex Tetteh Djornobuah
Q61694539,Alexander Kodwo Kom Abban,male,1973-12-06,11,,,,Alexander Kodwo Kom Abban
Q61694541,Alexander Roosevelt Hottordze,male,1969-05-09,11,,,,Alexander R. Hottordze
Q61694545,Andrew Dari Chiwitey,male,1970-09-27,11,,,Andrew Dari Chiwitey.jpg,Andrew Dari Chiwitey
Q61694546,Andy Kwame Appiah-Kubi,male,1957-07-07,11,,,ANDY KWAME APPIAH-KUBI.jpg,Andy Kwame Appiah-Kubi
Q61694547,Angela Oforiwa Alorwu-Tay,female,1971-04-16,11,,,ANGELA OFORlWA ALORWU-TAY.jpg,Angela Alorwu-Tay
Q61694548,Anthony Effah,male,1959-01-24,11,,,,Anthony Effah
Q61694549,Arthur Ahmed,male,1970-03-30,11,,,,Arthur Ahmed
Q61694550,Ato Panford,male,1962-08-28,11,,,,Ato Panford
Q61694551,Augustine Tawiah,male,1961-09-27,11,,,AUGUSTINE TAWIAH.jpg,Augustine Tawiah
Q61694553,Benhazin Joseph Dahah,male,1969-02-08,11,,,,Benhazin Joseph Dahah
Q61694557,Benjamin Komla Kpodo,male,1953-12-22,11,,,BENJAMlN KOMLA KPODO.jpg,Benjamin Komla Kpodo
Q61694558,Benjamin Yeboah Sekyere,male,1977-03-04,11,,,BENJAMIN SEKYERE YEBOAH.jpg,Benjamin Yeboah Sekyere
Q61694559,Benson Tongo Baba,male,1948-09-23,11,,,BENSON BABA TONGO.jpg,Benson Tongo Baba
Q61694560,Bernard Ahiafor,male,1973-02-06,11,,,BERNARD AHIAFOR.jpg,Bernard Ahiafor
Q61694562,Bernard Okoe Boye,male,1982-01-25,11,,,,Bernard Okoe-Boye
Q61694563,Bright Wireko-Brobby,male,1972-01-06,11,,,BRIGHT WIREKO-BROBBY.jpg,Bright Wireko-Brobby
Q61694564,Cassiel Ato Forson,male,1978-08-05,11,,,CASSIEL ATO BAAH FORSON.jpg,Cassiel Ato Forson
Q61694566,Charles Agbeve,male,1970-07-21,11,,,,Charles Agbeve
Q61694567,Charles Binipom Bintin,male,1964-08-22,11,,,,Charles Binipom Bintin
Q61694568,Charles Konadu-Yiadom,male,1968-05-24,11,,,,Charles Konadu-Yiadom
Q61694569,Christian Corleytey Otuteye,male,1973-10-23,11,,,CHRISTIAN CORLEYTEY OTUTEYE.jpg,Christian Corleytey Otuteye
Q61694570,Clement Abas Apaak,male,1970-06-11,11,,,CLEMENT ABAS APAAK.jpg,Clement Abas Apaak
Q61694572,Daniel Kwesi Ashiamah,male,1968-12-03,11,,,,Daniel Kwesi Ashiamah
Q61694574,Daniel Okyem Aboagye,male,1973-12-31,11,,,,Daniel Okyem Aboagye
Q61694576,Dominic Napare,male,1960-11-03,11,,,Dominic Napare.jpg,Dominic Napare
Q61694577,Dominic Akuritinga Ayine,male,1966-01-06,11,,,DOMINIC AKURITINGA AYINE.jpg,Dominic Akuritinga Ayine
Q61694579,Ebenezer Kojo Kum,male,1967-04-17,11,,,Ebenezer Kojo Kum.jpg,Ebenezer Kojo Kum
Q61694581,Edward Abambire Bawa,male,1973-09-01,11,,,EDWARD ABAMBIRE BAWA.jpg,Edward Abambire Bawa
Q61694584,Ekow Hayford,male,1970-12-24,11,2020-10-09,11,,Ekow Hayford
Q61694586,Elvis Morris Donkoh,male,1983-02-25,11,,,ELVIS MORRIS DONKOH.jpg,Elvis Morris Donkoh
Q61694590,Emmanuel Kwasi Bedzrah,male,1967-05-28,11,,,EMMANUEL KWASI BEDZRAH.jpg,Emmanuel Kwasi Bedzrah
Q61694591,Emmanuel Marfo,male,1973-07-27,11,,,EMMANUEL MARFO.jpg,Emmanuel Marfo
Q61694592,Emmanuel Nii Okai Laryea,male,1983-08-16,11,,,,Emmanuel Nii Okai Laryea
Q61694594,Eric Osei-Owusu,male,1963-09-11,11,,,,Eric Osei-Owusu
Q61694595,Ernest Henry Norgbey,male,1980-12-28,11,,,ERNEST HENRY NORGBEY.jpg,Ernest Henry Norgbey
Q61694597,Evans Bobie Opoku,male,1974-12-01,11,,,EVANS BOBIE OPOKU.jpg,Evans Bobie Opoku
Q61694599,Eyiah Kyei Baffour,male,1968-02-01,11,,,,Eyiah Kyei Baffour
Q61694601,Francis Bawaana Dakura,male,1961-10-17,11,,,,Francis Bawaana Dakura
Q61694602,Francis Kingsley Ato Codjoe,male,1971-07-31,11,,,,Francis Kingsley Ato Codjoe
Q61694603,Francis Manu-Adabor,male,1960-09-24,11,,,FRANCES MANU-ADABOR.jpg,Francis Manu-Adabor
Q61694604,Frimpong Yaw Addo,male,1962-09-02,11,,,YAW FRIMPONG ADDO.jpg,Frimpong Yaw Addo
Q61694605,Gabriel Osei,male,1974-02-06,11,,,,Gabriel Osei
Q61694606,Geoffrey Kini,male,1971-03-09,11,,,GEOFFREY KINI.jpg,Geoffrey Kini
Q61694607,George Boahen Oduro,male,1955-10-10,11,,,,George Oduro
Q61694608,George Kwame Aboagye,male,1968-08-24,11,,,GEORGE KWAME ABOAGYE.jpg,George Kwame Aboagye
Q61694609,George Mireku Duker,male,1975-05-09,11,,,George Mireku Duker.jpg,George Mireku Duker
Q61694611,Godfrey Tangu Bayon,male,1956-03-03,11,,,,Godfrey Tangu Bayon
Q61694612,Henry Quartey,male,1971-03-12,11,,,Henry Quartey.jpg,Henry Quartey
Q61694613,Henry Yeboah Yiadom-Boachie,male,1972-08-24,11,,,,Henry Yeboah Yiadom-Boachie
Q61694614,Isaac Adjei Mensah,male,1963-03-26,11,,,Isaac Adjei Mensah.jpg,Isaac Adjei Mensah
Q61694615,James Klutse Avedzi,male,1964-07-14,11,,,James Klutse Avedzi.jpg,James Klutse Avedzi
Q61694616,John Abdulai Jinapor,male,1979-06-08,11,,,,John Abdulai Jinapor (version 2)
Q61694617,John Frimpong Osei,male,1971-03-05,11,,,John Osei Frimpong.jpg,John Frimpong Osei
Q61694618,John Kwabena Bless Oti,male,1979-10-19,11,,,JOHN KWABENA BLESS OTI.jpg,John Oti Bless
Q61694621,John Majisi,male,1956-03-11,11,,,,John Majisi
Q61694622,John Ntim Fordjour,male,1986-05-28,11,,,Fordjour fordjour.jpg,John Ntim Fordjour
Q61694623,Johnson Kwaku Adu,male,1969-08-10,11,,,Johnson Kwaku Adu.jpg,Johnson Kwaku Adu
Q61694625,Joseph Albert Quarm,male,1975-05-07,11,,,,Joseph Albert Quarm
Q61694626,Joseph Bipoba Naabu,male,1964-08-24,11,,,,Joseph Bipoba Naabu
Q61694627,Joseph Cudjoe,male,1964-10-02,11,,,Joseph Cudjoe.jpg,Joseph Cudjoe (politician)
Q61694629,Joseph Dindiok Kpemka,male,1973-08-13,11,,,,Joseph Dindiok Kpemka
Q61694632,Kennedy Nyarko Osei,male,1979-04-02,11,,,KENNEDY NYARKO OSEI.jpg,Kennedy Osei Nyarko
Q61694633,Kobena Mensah Wisdom Woyome,male,1971-09-21,11,,,,Kobla Mensah Wisdom Woyome
Q61694634,Kofi Okyere-Agyekum,male,1958-03-08,11,,,KOFI OKYERE AGYEKUM.jpg,Kofi Okyere-Agyekum
Q61694635,Kojo Asemanyi,male,1979-09-10,11,,,,Kojo Asemanyi
Q61694638,Kwabena Amankwa Asiamah,male,1958-08-28,11,,,Kwabena Amankwa Asiamah.jpg,Kwabena Amankwa Asiamah
Q61694639,Kwabena Appiah-Pinkrah,male,1947-08-23,11,,,,Kwabena Appiah-Pinkrah
Q61694640,Kwabena Mintah Akandoh,male,1980-06-19,11,,,KWABENA MINTAH AKANDOH.jpg,Kwabena Mintah Akandoh
Q61694641,Kwabena Ohemeng-Tinyase,male,1952-04-06,11,,,,Kwabena Ohemeng-Tinyase
Q61694645,Kwadwo Nyanpon Aboagye,male,1950-11-13,11,,,,Kwadwo Nyanpon Aboagye
Q61694648,Kwaku Agyenim-Boateng,male,1972-11-01,11,,,KWAKU AGYENIM-BOATENG.jpg,Kwaku Agyenim Boateng
Q61694649,Kwaku Ampratwum-Sarpong,male,1958-01-08,11,,,KWAKU AMPRATWUM-SARPONG.jpg,Kwaku Ampratwum-Sarpong
Q61694652,Kwame Asafu Adjei,male,1950-10-10,11,,,,Kwame Asafu Adjei
Q61694653,Kwame Governs Agbodza,male,1973-09-22,11,,,KWAME GOVERNS AGBODZA.jpg,Kwame Governs Agbodza
Q61694654,Kwame Twumasi Ampofo,male,1954-12-10,11,,,Kwame Twumasi Ampofo.jpg,Kwame Twumasi Ampofo
Q61694656,Kwasi Boateng Adjei,male,1954-08-29,11,,,KWASI BOATENG ADJEI.jpg,Kwasi Boateng Adjei
Q61694657,Kwasi Etu-Bonde,male,1968-10-13,11,,,,Kwasi Etu-Bonde
Q61694659,Linda Obenewaa Akweley Ocloo,female,1979-02-21,11,,,LINDA OBENEWAA AKWELEY OCLOO.jpg,Linda Obenewaa Akweley Ocloo
Q61694662,Mark Assibey-Yeboah,male,1974-03-02,11,,,,Mark Assibey-Yeboah
Q61694663,Mark Kurt Nawaane,male,1966-04-21,11,,,,Mark Kurt Nawaane
Q61694664,Martin Gyarko Oti,male,1980-04-03,11,,,,Martin Gyarko Oti
Q61694666,Michael Yaw Gyato,male,1970-04-02,11,,,,Michael Yaw Gyato
Q61694667,Moses Anim,male,1965-04-25,11,,,Moses Anim.jpg,Moses Anim
Q61694670,Nana Amoakoh,male,1958-03-15,11,,,,Nana Amoakoh Gyampa
Q61694671,Nana Ayew Afriye,male,1978-01-22,11,,,NANA AYEW AFRIYE.jpg,Nana Ayew Afriye
Q61694675,Patrick Boakye-Yiadom,male,1976-11-02,11,,,PATRICK BOAKYE-YIADOM.jpg,Patrick Boakye-Yiadom
Q61694676,Patrick Bogyako-Siaime,male,1962-07-14,11,,,,Patrick Bogyako-Siaime
Q61694678,Patrick Yaw Boamah,male,1974-09-19,11,,,PATRICK YAW BOAMAH.jpg,Patrick Yaw Boamah
Q61694680,Paul Essien,male,1975-07-08,11,,,,Paul Essien
Q61694682,Peter Nortsu-Kotoe,male,1956-05-06,11,,,,Peter Nortsu-Kotoe
Q61694683,Peter Yaw Kwakye-Ackah,male,1957-06-15,11,,,PETER YAW KWAKYE-ACKAH.jpg,Peter Yaw Kwakye-Ackah
Q61694684,Philip Basoah,male,1969-11-18,11,,,PHILIP BASOAH.jpg,Philip Basoah
Q61694687,Robert Baba Kuganab-Lem,male,1966-11-24,11,,,,Robert Baba Kuganab-Lem
Q61694688,Robert Kwasi Amoah,male,1948-10-17,11,,,,Robert Kwasi Amoah
Q61694690,Rockson-Nelson Etse Kwami Dafeamekpor,male,1976-12-09,11,,,ROCKSON-NELSON ETSE KWAMl DAFEAMEKPOR.jpg,Rockson-Nelson Dafeamekpor
Q61694693,Sampson Ahi,male,1976-09-14,11,,,Sampson Ahi.jpg,Sampson Ahi
Q61694694,Samuel Abdulai Jabanyite,male,1972-03-04,11,,,,Samuel Abdulai Jabanyite
Q61694695,Samuel Atta Mills,male,1956-04-26,11,,,SAMUEL Atta-Mills.jpg,Samuel Atta Mills
Q61694698,Samuel Nsowa-Djan,male,1961-06-26,11,,,,Samuel Nsowa-Djan
Q61694700,Sebastian Ngmenenso Sandaare,male,1974-01-01,11,,,,Sebastian Ngmenenso Sandaare
Q61694701,Seth Kwame Acheampong,male,1971-12-18,11,,,,Seth Kwame Acheampong
Q61694702,Simon Acheampong Tampi,male,1975-04-24,11,,,,Simon Acheampong Tampi
Q61694703,Sophia Karen Edem Ackuaku,female,1972-10-07,11,,,SOPHIA KAREN EDEM ACKUAKU.jpg,Sophia Karen Edem Ackuaku
Q61694704,Stephen Michael Essuah Kofi Ackah,male,1950-09-22,11,,,,Stephen Michael Essuah Kofi Ackah
Q61694705,Stevens Siaka,male,1964-12-31,11,,,,Siaka Stevens (Ghanaian politician)
Q61694707,Suleman Adamu Sanid,male,1970-11-13,11,,,SULEMAN ADAMU SANID.jpg,Suleman Adamu Sanid
Q61694709,Thomas Nyarko Ampem,male,1978-02-14,11,,,THOMAS NYARKO AMPEM.jpg,Thomas Nyarko Ampem
Q61694710,Thomas Ogajah Donkor,male,1968-07-07,11,,,,Thomas Donkor Ogajah
Q61694712,William Kwasi Sabi,male,1966-08-23,11,,,,William Kwasi Sabi
Q61694713,Yaw Afful,male,1959-06-10,11,,,,Yaw Afful
Q61694714,Yaw Buaben Asamoa,male,1964-09-16,11,,,,Yaw Buaben Asamoa
Q61694716,Yaw Osei Adutwum,male,1964-04-09,11,,,Yaw Osei Adutwum.jpg,Yaw Osei Adutwum
Q61694718,Akuka Albert Alalzuuga,male,1968-02-28,11,,,Albert Akuka Alalzuuga.jpg,Akuka Albert Alalzuuga
Q61694720,Augustine Collins Ntim,male,1964-09-24,11,,,COLLINS AUGUSTINE NTIM.jpg,Augustine Collins Ntim
Q61694722,Derek Darko Ohene Assifo Bekoe,male,1967-04-07,11,,,,Derek Darko Ohene Assifo Bekoe
Q61694723,Edward Kaale-Ewola Dery,male,1969-03-06,11,,,,Edward Kaale-Ewola Dery
Q61694725,Emmanuel Akwasi Gyamfi,male,1974-12-01,11,,,EMMANUEL AKWASI GYAMFI.jpg,Emmanuel Akwasi Gyamfi
Q61694726,Eric Opoku,male,1970-06-05,11,,,Eric Opoku MP.jpg,Eric Opoku (politician)
Q61694727,Eugene Boakye Antwi,male,1970-05-07,11,,,EUGENE BOAKYE ANTWI.jpg,Eugene Boakye Antwi
Q61694730,Isaac Adongo,male,1972-10-12,11,,,Isaac Adongo.jpg,Isaac Adongo
Q61694733,Kofi Amoakohene,male,1969-04-11,11,,,,Kofi Amoakohene
Q61694734,Kojo Appiah-Kubi,male,1956-07-15,11,,,,Kojo Appiah-Kubi
Q61694735,Kweku George Ricketts-Hagan,male,1963-08-21,11,,,"2014-The DG with Kweku Ricketts Hagan, Deputy Minister of Trade and Industry in Ghana (cropped).jpg",Kweku George Ricketts-Hagan
Q61694736,Mathias Kwame Ntow,male,1957-11-11,11,,,,Mathias Kwame Ntow
Q61694737,Matthew Nyindam,male,1975-12-01,11,,,,Matthew Nyindam
Q61694739,Nana Amaniampong Marfo,male,1957-03-06,11,,,,Nana Amaniampong Marfo
Q61694741,William Owuraku Aidoo,male,1964-01-30,11,,,WILLIAM OWURAKU AIDOO.jpg,William Owuraku Aidoo
Q61694742,Kwaku Asante-Boateng,male,1961-04-27,11,,,KWAKU ASANTE-BOATENG.jpg,Kwaku Asante-Boateng
Q61694746,Abdul-Samed Muhamed Gunu,male,1966-04-06,11,,,,Abdul-Samed Muhamed Gunu
Q61694750,Ali Maiga Halidu,male,1980-03-11,11,,,,Ali Maiga Halidu
Q61694751,Aziz Abdul Muniru,male,1976-01-04,11,,,,Aziz Abdul Muniru
Q61694752,Hardi Tufeiru Mohammed,male,1969-07-16,11,,,Hon. Mohammed Hardi Tuferu.jpg,Mohammed Hardi Tuferu
Q61694753,Masawud Mohammed,male,1971-04-01,11,,,,Masawud Mohammed
Q61694754,Mutawakilu Adam,male,1978-03-02,11,,,,Mutawakilu Adam
Q61694755,Naser Toure Mahama,male,1965-03-17,11,,,NASER TOURE MAHAMA.jpg,Naser Toure Mahama
Q61694757,Ridwan Duada Abass,male,1983-12-24,11,,,,Abass Ridwan Dauda
Q61694758,Shaibu Mahama,male,1970-10-15,11,,,,Shaibu Mahama
Q61694759,Wahab Wumbei Suhuyini,male,1955-09-20,11,,,,Wahab Wumbei Suhuyini
Q61694760,Mumuni Alhassan,male,1967-09-23,11,,,,Alhassan Mumuni
Q61694761,Salifu Adam Braimah,male,1965-09-25,11,,,,Salifu Adam Braimah
Q61694762,Abdul-Rauf Tanko Ibrahim,male,1968-10-10,11,,,,Abdul-Rauf Tanko Ibrahim
Q61694763,Alhassan Umar,male,1966-06-29,11,,,,Alhassan Umar
Q61694764,Ben Abdallah Banda,male,1971-08-15,11,,,,Ben Abdallah Banda
Q61694767,Fuseini Issah,male,1975-02-02,11,,,,Fuseini Issah
Q61694768,Habib Saad,male,1968-10-10,11,,,,Habib Saad
Q61694769,Laadi Ayii Ayamba,female,1961-12-25,11,,,LAADI AYII AYAMBA.jpg,Laadi Ayii Ayamba
Q61694772,Muhammad Bawah Braimah,male,1959-11-28,11,,,BAWAH MUHAMMAD BRIAMAH.jpg,Muhammad Bawah Braimah
Q61694773,Patrick Al-Hassan Adamah,male,1948-11-23,11,,,,Patrick Al-Hassan Adamah
Q61694774,Sagre Bambangi,male,1966-05-02,11,,,,Sagre Bambangi
Q61694776,Sualihu Dandaawa Alhassan,male,1983-07-01,11,,,,Alhassan Sualihu Dandaawa
Q61694777,Tijani Habibu Mohammad,male,1965-02-16,11,,,,Mohammad Habibu Tijani
Q61694778,Yusif Sulemana,male,1972-07-29,11,,,YUSIF SULEMANA.jpg,Yusif Sulemana
Q61694779,Yussif Issaka Jajah,male,1979-10-21,11,,,YUSSIF Jajah Issaka.jpg,Yussif Issaka Jajah
Q61694780,Ziblim Iddi,male,1967-09-15,11,,,,Ziblim Iddi
Q61694785,Samuel Ayeh-Paye,male,1973-05-17,11,,,,Samuel Ayeh-Paye
Q61695373,Richard Mawuli Koku Quashigah,male,1968-10-16,11,,,,Richard Quashigah
Q61695502,Collins Owusu Amankwah,male,1980-08-21,11,,,,Collins Owusu Amankwah
Q61696427,Joseph Mensah,male,1957-08-22,11,,,,Joseph Mensah (politician)
Q61696429,Abraham Dwuma Odoom,male,1952-08-11,11,,,,Abraham Dwuma Odoom
Q61697679,Lydia Seyram Alhassan,female,,,,,LYDIA SEYRAM ALHASSAN.jpg,Lydia Alhassan
Q61748023,Kofi Brako,male,1959-09-11,11,,,,Kofi Brako
Q6260811,John Akologu Tia,male,1954-09-23,11,,,,John Tia
Q6283947,Joseph Henry Smith,male,1945-01-09,11,,,Amb Henry Smith.jpg,Joseph Henry Smith
Q6307729,Juliana Azumah-Mensah,female,1950-06-15,11,,,,Juliana Azumah-Mensah
Q63702425,Margaret Clarke-Kwestie,female,,,,,,Margaret Clarke-Kwestie
Q6387918,Ken Kanda,male,1951-08-30,11,,,,Ken Kanda
Q64009627,Kofi Totobi Quakyi,male,1955,9,,,,Kofi Totobi Quakyi
Q6425709,Kofi Amoatey,male,1948-12-10,11,,,,Kofi Amoatey
Q6426502,Kojo Yankah,male,1945-08-16,11,,,,Kojo Yankah
Q6449930,Kwabena Duffuor,male,,,,,Dr. Kwabena Duffuor.jpg,Kwabena Duffuor
Q6450340,Kwesi Amissah-Arthur,male,1951-04-29,11,2018-06-29,11,"The Vice President of Ghana, Mr. Kwesi Amissah, 2014 (cropped).jpg",Kwesi Amissah-Arthur
Q65030549,Joseph Akati Saaka,male,1950-11-17,11,,,,Joseph Akati Saaka
Q6514673,Lee Ocran,male,1945,9,2019-02-21,11,,Lee Ocran
Q6732981,Mahama Ayariga,male,1974-05-12,11,,,Mahama Ayariga.jpg,Mahama Ayariga
Q6733078,Mahamudu Bawumia,male,1963-10-07,11,,,"Dr. Mahamudu Bawumia, Vice President of the Republic of Ghana.jpg",Mahamudu Bawumia
Q674087,James Victor Gbeho,male,1935-01-12,11,,,,James Victor Gbeho
Q6763215,Marietta Brew Appiah-Opong,female,,,,,Marietta Brew Appiah-Oppong FB 2014-02-04.jpg,Marietta Brew Appiah-Oppong
Q6770431,Mark Woyongo,male,1949-06-09,11,,,,Mark Woyongo
Q6774885,Martin Amidu,male,,,,,,Martin Amidu
Q6847118,Mike Hammah,male,1955-08-28,11,,,Mike Allen Hammah - 2011 (cropped).jpg,Mike Hammah
Q6915695,Moses Aduku Asaga,male,1957-07-01,11,,,,Moses Asaga
Q7034344,Nii Okaidja Adamafio,male,,,,,,Nii Okaidja Adamafio
Q7067587,Kwame Osei Prempeh,male,1957-12-19,11,,,,Kwame Osei-Prempeh
Q7106472,Osei Kyei Mensah Bonsu,male,1957-02-03,11,,,OSEI KYEI-MENSAH-BONSU.jpg,Osei Kyei-Mensah-Bonsu
Q71332648,Elizabeth Adjei,female,,,,,,Elizabeth Adjei
Q718601,Nana Akufo-Addo,male,1944-03-29,11,,,"Nana Akufo Addo, Jan. 2020.jpg",Nana Akufo-Addo
Q7301648,Rebecca Akufo-Addo,female,1951-03-12,11,,,First Lady Melania Trump's Visit to Africa (43267916670) (cropped).jpg,Rebecca Akufo-Addo
Q7327158,Richard Kwame Peprah,male,,,,,,Richard Kwame Peprah
Q7377135,Rudolf Nsorwine Amenga-Etego,male,1958-12-17,11,,,,Rudolf Amenga-Etego
Q73789664,Nii Amasah Namoale,male,1958-07-14,11,,,,Nii Amasah Namoale
Q7409415,Samia Nkrumah,female,1960-06-23,11,,,Hon. Samia Nkrumah.jpg,Samia Nkrumah
Q7412301,Samuel Ofosu-Ampofo,male,1962-03-01,11,,,,Samuel Ofosu-Ampofo
Q7456616,Seth Terkper,male,,,,,Seth Terkper 1 (cropped).jpg,Seth Terkper
Q7608586,Stephen Amoanor Kwao,male,1951-09-12,11,,,,Stephen Amoanor Kwao
Q7927622,Vida Amaadi Yeboah,female,1944-07-27,11,2006,9,,Vida Yeboah
Q8072826,Zita Okaikoi,female,,7,,,Zita Sabah Okaikoi 2011 002.jpeg,Zita Okaikoi
Q81100279,Ebo Barton-Odro,male,1952-01-08,11,,,,Ebo Barton-Odro
Q81638824,Mary Okanson Owuoa,female,1954,9,,,,Mariama Owusu
Q83624340,Ibrahim Murtala Muhammed,male,1974-12-14,11,,,IBRAHIM MURTALA MUHAMMED.jpg,Ibrahim Murtala Muhammed
Q83626198,Alhassan Dahamani,male,1968-06-06,11,,,,Alhassan Dahamani
Q83626633,Adusei Kwasi,male,1976-10-20,11,,,,Adusei Kwasi
Q83627232,Anthony Osei Boakye,male,1949-10-15,11,,,,Anthony Osei Boakye
Q83627687,Mohammed Salisu Bamba,male,1975-09-17,11,,,,Mohammed Salisu Bamba
Q83628051,Sanja Nanja,male,1968-02-03,11,,,Sanja Nanja.jpg,Sanja Nanja
Q83628084,Charles Obeng-Inkoom,male,1958-04-30,11,,,,Charles Obeng-Inkoom
Q83629489,Henry Kwabena Kokofu,male,1960-10-05,11,,,,Henry Kwabena Kokofu
Q83630187,Kwadwo Kyei Frimpong,male,1946-08-26,11,,,,Kwadwo Kyei Frimpong
Q83632879,Kwadwo Baah Agyemang,male,1975-01-24,11,,,,Kwadwo Baah Agyemang
Q83688209,Grace Addo,female,1960-12-24,11,,,,Grace Addo
Q83743992,Simon Edem Asimah,male,1955-03-19,11,,,,Simon Edem Asimah
Q83796205,Wisdom Gidisu,male,1967-05-05,11,,,WISDOM GIDISU.jpg,Wisdom Gidisu
Q83870754,Adjei Mensah,male,1970-02-24,11,,,,Adjei Mensah
Q83887901,Amadu Seidu,male,1954-03-09,11,,,,Amadu Seidu
Q83890910,Puozaa Mathias Asuma,male,1948-01-10,11,,,,Puozaa Mathias Asuma
Q83895249,Noah Ben Azure,male,1960-12-15,11,,,,Noah Ben Azure
Q83900901,Ahmed Mohammed Baba Jamal,male,1969-05-07,11,,,,Baba Jamal Mohammed Ahmed
Q83965615,Ekow Panyin Okyere Eduamoah,male,1972-11-23,11,,,,Ekow Panyin Okyere Eduamoah
Q83970530,Herod Cobbina,male,1950-07-01,11,,,,Herod Cobbina
Q83980669,Foster Joseph Andoh,male,1961-08-18,11,,,,Joseph Andoh Foster
Q83984137,Atta Boafo Daniel Kingsley,male,1959-10-14,11,,,,Atta Boafo Daniel Kingsley
Q83987786,Frank Boakye Adjei,male,1946-01-01,11,,,,Frank Boakye Agyen
Q83992804,Benjamin Kofi Ayeh,male,1962-11-16,11,,,,Benjamin Kofi Ayeh
Q84033880,Kofi Osei-Ameyaw,male,1960-02-20,11,,,,Kofi Osei-Ameyaw
Q84039942,Francis Adu-Blay Koffie,male,1962-10-25,11,,,,Francis Adu-Blay Koffie
Q84041410,William Ofori Boafo,male,1946-12-30,11,,,,William Ofori Boafo
Q84041496,Joseph Appiah Boateng,male,1975-08-04,11,,,,Joseph Appiah Boateng
Q84042177,Gabriel Kodwo Essilfie,male,1950-01-10,11,,,,Gabriel Kodwo Essilfie
Q84042214,Francis Kojo Arthur,male,1954-11-22,11,,,,Francis Kojo Arthur
Q84042254,Samuel Ato Amoah,male,1966-01-07,11,,,,Samuel Ato Amoah
Q84042428,Kwasi Agyemang Gyan-Tutu,male,1957-02-12,11,,,,Kwasi Agyemang Gyan-Tutu
Q84042618,Alex Kyeremeh,male,1962-09-07,11,,,,Alex Kyeremeh
Q84042853,Edward Michael Ennin,male,1970-05-16,11,,,,Edward Michael Ennin
Q84042885,Robert Sarfo-Mensah,male,1970-04-01,11,,,,Robert Sarfo-Mensah
Q84043497,Anthony Christian Dadzie,male,1962-07-09,11,,,,Anthony Christian Dadzie
Q84044293,Georgina Nkrumah Aboah,female,1959-06-02,11,,,,Georgina Nkrumah Aboah
Q84044360,Samuel Ambre,male,1972-03-01,11,,,,Samuel Ambre
Q84044419,Abeiku Crentsil,male,1973-03-28,11,,,Abeiku Crentsil.jpg,Abeiku Crentsil
Q84044471,Azumah Namoro Sanda,male,1956-11-04,11,,,,Azumah Namoro Sanda
Q84044575,Tia Sugri Alfred,male,1956-03-12,11,,,,Tia Sugri Alfred
Q84056378,Emmanuel Kwadwo Agyekum,male,1973-12-03,11,,,Emmanuel Kwadwo Agyekum.jpg,Emmanuel Kwadwo Agyekum
Q84056502,Vincent Oppong Asamoah,male,1966-01-13,11,,,VINCENT OPPONG ASAMOAH.jpg,Vincent Oppong Asamoah
Q84056560,Stephen Kunsu,male,1949-09-30,11,,,,Stephen Kunsu
Q84056618,Yaw Effah-Baafi,male,1955-09-21,11,,,,Yaw Effah-Baafi
Q84080228,Sulemana Alijata,female,1975-08-25,11,,,,Sulemana Alijata
Q84080326,Joseph Kwadwo Ofori,male,1967-03-13,11,,,,Joseph Kwadwo Ofori
Q84080498,Emmanuel Kwasi Bandua,male,1949-09-11,11,,,,Emmanuel Kwasi Bandua
Q84080560,Gershon Kofi Bediako Gbediame,male,1953-06-04,11,,,,Gershon Kofi Bediako Gbediame
Q84080595,George Loh,male,1972-07-03,11,,,,George Loh
Q84080620,Francis Kabenlah Anaman,male,1960-07-26,11,,,,Francis Kabenlah Anaman
Q84240618,Samson Abu,male,1969-12-18,11,,,,Samson Abu
Q84242003,Kofi Frimpong,male,1951-06-17,11,,,,Kofi Frimpong
Q84256302,Ofosu Asamoah,male,1969-11-25,11,,,,Ofosu Asamoah
Q84312758,Francis Addai-Nimoh,male,1965-03-23,11,,,,Francis Addai-Nimoh
Q84314200,Paul Derigubah,male,1963,9,,,,Paul Derigubah
Q84321424,Emmanuel Opam-Brown Akolbire,male,1960-11-15,11,,,,Emmanuel Opam-Brown Akolbire
Q84322262,Abuga Pele,male,1958-03-03,11,,,,Abuga Pele
Q84322834,Dominic Azimbe Azumah,male,1950-01-01,11,,,,Dominic Azimbe Azumah
Q84322933,Robert Nachinab Doameng,male,,,,,,Robert Nachinab Doameng
Q84323227,David Adakudugu,male,1968-10-23,11,,,,David Adakudugu
Q84355093,Jabaah John Bennam,male,1965-05-04,11,,,JABAAH JOHN BENNAM.jpg,Jabaah John Bennam
Q84360315,Ussif Mustapha,male,1979-08-16,11,,,,Mustapha Ussif
Q84411259,Laliri George Maban,male,1954-12-25,11,,,,Laliri George Maban
Q84411261,James Cecil Yanwube,male,1962-12-25,11,,,,James Cecil Yanwube
Q84411263,Donald Dari Soditey,male,1957-09-25,11,,,,Donald Dari Soditey
Q84411267,Ibrahim Dey Abubakari,male,1958-03-25,11,,,,Ibrahim Dey Abubakari
Q84411268,Joseph Nikpe Bukari,male,1969-10-03,11,,,,Joseph Bukari
Q84413685,Ahmed Alhassan Yakubu,male,1957-12-01,11,,,,Ahmed Alhassan Yakubu
Q84413710,Thomas Kwesi Nasah,male,1972-03-05,11,,,,Thomas Kwesi Nasah
Q84433467,David Tetteh Assumeng,male,1961-09-10,11,,,,David Tetteh Assumeng
Q84496267,Amadu Bukari Sorogho,male,1955-05-05,11,,,,Amadu Bukari Sorogho
Q84504816,Nii Oakley Quaye-Kumah,male,1959-09-26,11,,,,Nii Oakley Quaye-Kumah
Q84561484,Daoud Anum Yemoh,male,1954-05-06,11,,,,Daoud Anum Yemoh
Q84561625,Bright Edward Kodzo Demordzi,male,1972-12-18,11,,,,Bright Edward Kodzo Demordzi
Q84561668,Emmanuel Nii Ashie Moore,male,1969-12-26,11,,,,Emmanuel Nii Ashie Moore
Q84561706,Justice Joe Appiah,male,1959-12-21,11,,,,Justice Joe Appiah
Q84561719,Theophilus Tetteh Chaie,male,1972-04-04,11,,,,Theophilus Tetteh Chaie
Q84561754,Mustapha Ahmed,male,1960-06-08,11,,,,Mustapha Ahmed
Q84589639,Jeff Kavianu,male,1964-05-02,11,,,,Jeff Kavianu
Q84589645,David Oppong Kusi,male,1958-08-09,11,,,,David Oppong Kusi
Q84589649,Yaw Owusu-Boateng,male,1955-07-25,11,,,,Yaw Owusu-Boateng
Q850396,Betty Mould-Iddrisu,female,1953-03-22,11,,,,Betty Mould-Iddrisu
Q86529825,Kwabena Adjei,male,1943-03-09,11,2019-03-12,11,,Kwabena Adjei
Q892479,Boniface Gambila Adagbila,male,1959-06-09,11,,,,Boniface Gambila Adagbila
Q929183,Felix Owusu-Adjapong,male,1944-02-13,11,,,,Felix Owusu-Adjapong
Q94585134,Clend Mawuko Sowu,male,1934-07-02,11,2010-12-04,11,,Clend Mawuko Sowu
Q94949108,Agnes Asangalisa Chigabatia,female,1956-10-20,11,,,,Agnes Asangalisa Chigabatia
Q94961732,Susana Adam,female,,,,,,Susana Adam
Q94962941,Doris Asibi Seidu,female,1969,9,2009-07-31,11,,Doris Asibi Seidu
Q94970144,Fati Seidu,female,,,,,,Fati Seidu
Q94981515,Issifu Omoro Tanko Amadu,male,,,,,,Issifu Omoro Tanko Amadu
Q94992069,Rita Tani Iddi,female,1949-09-14,11,,,,Rita Tani Iddi
Q94993519,Alice Teni Boon,female,1962-01-12,11,,,,Alice Teni Boon
Q96392200,Masoud Baba Abdul-Rahman,male,1952-12-04,11,,,,Masoud Baba Abdul-Rahman
Q96738477,Gifty Ohene-Konadu,female,1957-11-23,11,,,,Gifty Ohene-Konadu
Q96762095,Samuel Johnfiah,male,1952-09-09,11,,,,Samuel Johnfiah
Q96776692,Richard Akuoko Adiyiah,male,1955-02-20,11,,,,Richard Akuoko Adiyiah
Q96782302,Beatrice Bernice Boateng,female,1951-08-19,11,,,,Beatrice Bernice Boateng
Q96785427,Christopher Addae,male,1963-02-25,11,,,,Christopher Addae
Q96786629,Anthony Evans Amoah,male,1952-04-08,11,,,,Anthony Evans Amoah
Q96791871,Woyome Kobla Mensah,male,1971-09-21,11,,,,Woyome Kobla Mensah
Q96793375,Richard Lassey Agbenyefia,male,1968-08-19,11,,,,Richard Lassey Agbenyefia
Q96807107,Prince Jacob Hayibor,male,1962-09-12,11,2016,9,,Prince Jacob Hayibor
Q96840763,Joseph Kwaku Nayan,male,1964-05-22,11,,,,Joseph Kwaku Nayan
Q96843961,George Kofi Nfodjoh,male,1946-09-21,11,,,,George Kofi Nfodjoh
Q96845939,Francis Yaw Osei Sarfo,male,1955-10-01,11,,,,Francis Yaw Osei Sarfo
Q96871406,Samuel Evans Ashong Narh,male,1943-03-05,11,,,,Samuel Evans Ashong Narh
Q96876095,Kojo Adu Asare,male,1966-06-30,11,,,,Kojo Adu Asare
Q96879587,Nana Abu Bonsra,male,1957-03-17,11,,,,Nana Abu Bonsra
Q96881552,Stephen Kwaku Balado Manu,male,1958-08-23,11,,,,Stephen Kwaku Balado Manu
Q96884017,Yaw Baah,male,1959-11-17,11,,,,Yaw Baah
Q96888493,Emmanuel Owusu Mainu,male,1949-09-03,11,2014-02-18,11,,Emmanuel Owusu-Mainu
Q96901754,Haruna Bayirga,male,1952-08-18,11,,,,Haruna Bayirga
Q96918452,Nana Yaw Edward Ofori-Kuragu,male,1963-12-19,11,,,,Nana Yaw Edward Ofori-Kuragu
Q96942465,Benjamin Bimpong Donkor,male,1959-07-07,11,,,,Benjamin Bimpong Donkor
Q96942634,Simmons Addai,male,1954-04-14,11,,,,Simons Addai
Q96942676,John Duoghr Baloroo,male,1956-12-17,11,,,,John Duoghr Baloroo
Q96942954,Kwame Aporfo Twumasi,male,1954-12-10,11,,,,Kwame Amporfo Twumasi
Q96943133,Elizabeth Amoah Tetteh,female,1945-11-25,11,,,,Elizabeth Amoah Tetteh
Q96943176,George Kuntu Blankson,male,1957-12-25,11,,,,George Kuntu Blankson
Q96943363,John Agyabeng,male,1965-02-14,11,,,,John Agyabeng
Q96943440,Joseph Samuel Annan,male,1953-12-18,11,,,,Joseph Samuel Annan
Q96943509,Samuel Kweku Obodai,male,1960-04-29,11,,,,Samuel Kweku Obodai
Q96945314,Joseph Ampomah Bosompem,male,1957-06-29,11,,,,Joseph Ampomah Bosompem
Q96946997,Felix Twumasi-Appiah,male,1968-08-30,11,,,,Felix Twumasi-Appiah
Q96955783,Seth Adjei Baah,male,1960-05-18,11,,,,Seth Adjei Baah
Q96959980,Kofi Asare,male,1954-12-12,11,2017-02-21,11,,Kofi Asare
Q96972023,Yaw Ntow Ababio,male,1959-08-20,11,,,,Yaw Ntow Ababio
Q96979211,Raphael Kofi Ahaligah,male,1945-01-01,11,,,,Raphael Kofi Ahaligah
Q96981453,Raymond Tawiah,male,1955-03-01,11,,,,Raymond Tawiah
Q96989295,Samuel Kwadwo Amoako,male,1943-03-20,11,,,,Samuel Kwadwo Amoako
Q97005805,Alfred Wallace Gbordzor Abayateye,male,1955-10-20,11,,,,Alfred Wallace Gbordzor Abayateye
Q97006482,Ernest Attuquaye Armah,male,1957-08-27,11,,,,Ernest Attuquaye Armah
Q97006997,Nii Nortey Duah,male,1953-07-01,11,2017-12-21,11,,Nii Nortey Duah
Q97007939,Joses Asare-Akoto,male,1950-12-25,11,,,,Joses Asare-Akoto
Q97008717,Michael Teye Nyuanu,male,1955-06-13,11,,,,Michael Teye Nyuanu
Q97009040,Alidu Iddrisu Zakari,male,1956-03-06,11,,,,Iddrisu Zakari Alidu
Q97009461,Duut Emmanuel Kwame,male,1959-06-06,11,,,,Emmanuel Kwame Duut
Q97009556,Charles Hodogbey,male,1948-07-21,11,,,,Charles Hodogbey
Q97009575,Albert Kwasi Zigah,male,1959-11-15,11,,,,Albert Kwasi Zigah
Q97009603,Rafatu Alhassan Dubie Halutie,female,1947-11-22,11,,,,Rafatu Alhassan Dubie Halutie
Q97011245,Iddrisu Abdul-Kareem,male,1948-06-01,11,,,,Iddrisu Abdul-Kareem
Q97011261,Iddrisu Dawuda,male,1950-05-22,11,,,,Iddrisu Dawuda
Q97011328,Adamu Daramani Sakande,male,1962-05-06,11,2020-09-22,11,,Adamu Daramani Sakande
Q97012334,Simon Atingban Akunye,male,1954-02-02,11,,,,Simon Atingban Akunye
Q97012337,Allowe Leo Kabah,male,1951-04-11,11,,,,Allowe Leo Kabah
Q97012341,Timothy Ataboadey Awotiirim,male,1970-07-01,11,,,,Timothy Ataboadey Awotiirim
Q97012427,Umar Abdul-Razak,male,1975-10-01,11,,,,Umar Abdul-Razak
Q97012433,Sulemana Ibun Iddrisu,male,1955-09-30,11,,,,Sulemana Ibun Iddrisu
Q97012439,Sammy B. Wusah,male,1957-12-15,11,,,,Sammy B. Wusah
Q97012442,Saani Iddi,male,1956-05-26,11,2012-06-05,11,,Saani Iddi
Q97012456,Lipkalimor Kwajo Tawiah,male,1960-09-09,11,,,,Likpalimor Kwajo Tawiah
Q97035229,Stephen Yakubu,male,1966-05-25,11,,,,Stephen Yakubu
Q97047371,Issifu Pangabu Mohammed,male,1962-03-06,11,,,,Issifu Pangabu Mohammed
Q97970120,Kwame Owusu Frimpong,male,1960-10-10,11,,,,Kwame Owusu Frimpong
Q97971350,Angelina Baiden-Amissah,female,1954-02-08,11,,,,Angelina Baiden-Amissah
Q98000358,Akwasi Afrifa,male,1958-09-22,11,2006-11-30,11,,Akwasi Afrifa (Ghanaian MP)
Q98000714,Gibril Adamu Mohammed,male,1961,9,2005-02-15,11,,Gibril Adamu Mohammed
Q98001487,Anna Nyamekye,female,1954-11-25,11,,,,Anna Nyamekye
Q98003226,Andrew Kingsford Mensah,male,1955-10-07,11,,,,Andrew Kingsford Mensah
Q98003959,Grace Coleman,female,1943-04-29,11,2009-08-27,11,,Grace Coleman
Q98005650,Ignatius Kofi Poku Edusei,male,1963-10-25,11,,,,Ignatius Kofi Poku Edusei
Q98008421,Kofi Konadu Apraku,male,1954-09-07,11,,,,Kofi Konadu Apraku
Q98009215,Kwabena Sarfo,male,1947-07-29,11,2006-08,10,,Kwabena Sarfo
Q98010182,Joe Danquah,male,1972-05-09,11,,,,Joe Danquah
Q98010662,Francis Aggrey Agbotse,male,1944-10-10,11,,,,Francis Aggrey Agbotse
Q98011488,Nkrabeah Effah Dartey,male,1953-06-21,11,,,,Nkrabeah Effah Dartey
Q98013164,John Kwadwo Gyapong,male,1950-12-22,11,,,,John Kwadwo Gyapong
Q98014708,Brandford Kwame Daniel Adu,male,1942-06-02,11,,,,Brandford Kwame Daniel Adu
Q98015706,Dan Kwasi Abodakpi,male,1950-02-27,11,,,Dan Kwasi Abodakpi (cropped).jpg,Dan Kwasi Abodakpi
Q98020183,Matthew Kwaku Antwi,male,1941-10-04,11,,,,Matthew Kwaku Antwi
Q98020707,Peter Sarkodie,male,1961-12-22,11,,,,Peter Sarkodie
Q98021450,Isaac Eduasar Edumadzi,male,1957-01-01,11,2018-01-11,11,"Isaac Eduasar Edumadze,.jpg",Isaac Eduasar Edumadzi
Q98021658,Daniel Kwame Ampofo,male,1950-05-06,11,,,,Daniel Kwame Ampofo
Q98021997,Kofi Krah Mensah,male,1942-02-02,11,,,,Kofi Krah Mensah
Q98022019,Joe Kingsley Hackman,male,1955-12-12,11,,,,Joe Kingsley Hackman
Q98022619,Albert Kwaku Obbin,male,1956-05-04,11,,,,Albert Kwaku Obbin
Q98023250,Yaw Asiedu-Mensah,male,1939-01-26,11,,,,Yaw Asiedu-Mensah
Q98025105,Oppey Abbey,male,1945-11-05,11,2019-02-22,11,,Oppey Abbey
Q98026554,Richard Sam Quarm,male,1964-07-28,11,,,,Richard Sam Quarm
Q98028156,Moses Dani Baah,male,1951-07-16,11,,,,Moses Dani Baah
Q98030316,Abolimbisa Roger Akantagriwen,male,1964-03-06,11,,,,Abolimbisa Roger Akantagriwen
Q98031457,David Apasara,male,1962-04-25,11,,,,David Apasara
Q98032427,"John Akparibo Ndebugre,",male,1950-03-12,11,,,,John Akparibo Ndebugre
Q98033881,Mark Anthony Awuni,male,1940-06-19,11,,,,Mark Anthony Awuni
Q98035232,Eugene Attah Agyepong,male,1939-12-23,11,,,,Eugene Atta Agyepong
Q98038615,Francis Osafo-Mensah,male,1936,9,,,,Francis Osafo-Mensah
Q98039110,Godfred Kwame Otsere,male,1941-11-22,11,,,,Godfred Kwame Otsere
Q98040101,James Appietu-Ankrah,male,1948-07-06,11,,,,James Appietu-Ankrah
Q98040832,Mohammed Jagri,male,1974-05-12,11,,,,Mohammed Jagri
Q98041516,Joseph Tsatsu Agbenu,male,1936-11-20,11,,,,Joseph Tsatsu Agbenu
Q98041706,Joseph Yaani Labik,male,1954-06-02,11,,,,Joseph Yaani Labik
Q98041732,Kiston Akomea Kissi,male,1957-07-04,11,,,,Kiston Akomea Kissi
Q98042616,Magnus Opare-Asamoah,male,1948-11-26,11,,,,Magnus Opare-Asamoah
Q98043136,Kwabena Adusa Okerchiri,male,1960,9,,,,Kwabena Adusa Okerchiri
Q98043551,Kwadjo Agyei Addo,male,1951-10-15,11,,,,Kwadjo Agyei Addo
Q98044464,Yaw Brempong-Yeboah,male,1954-05-05,11,,,,Yaw Brempong-Yeboah
Q98044978,Kofi Karim Wumbei,male,1955-07-07,11,,,,Kofi Karim Wumbei
Q98045313,Sammuel Sallas Mensah,male,1954-07-07,11,,,,
Q98046186,Raymond Tawiah Abraham,male,1955-01-07,11,,,,Raymond Tawiah Abraham
Q98046765,Gladys Nortey Ashitey,female,1955-11-21,11,,,,Gladys Nortey Ashitey
Q98046890,Abraham Laryea Odai,male,,,,,,Abraham Laryea Odai
Q98048084,Kwadwo Opare-Hammond,male,,,2019-01-11,11,,Kwadwo Opare-Hammond
Q98048695,Nii Adu Daku Mantey,male,,,,,,Nii Adu Daku Mantey
Q98049766,Samuel Nii-Aryeetey Attoh,male,1956-06-26,11,2017-02-06,11,,Samuel Nii-Aryeetey Attoh
Q98050195,Alex Seidu Sofo,male,1950-02-02,11,2020-01-09,11,,Alex Seidu Sofo
Q98051220,Victor Okuley Nortey,male,1958,9,,,,Victor Okuley Nortey
Q98051269,Alhassan Wayo Seini,male,1945-09-12,11,,,,Alhassan Wayo Seini
Q98054021,Samuel Adu-Gyamfi,male,1954-11-24,11,,,,Samuel Adu Gyamfi
Q98065790,Alhassan Yakubu,male,1949-06-07,11,,,,Alhassan Yakubu
Q98077896,Kenneth Dzirasah,male,1954-01-13,11,,,,Kenneth Dzirasah
Q98538553,Owusu Achaw Duah,male,,,,,,Owusu Achaw Duah
Q98739500,Michael Afedi Gizo,male,1946-03-10,11,,,,Michael Afedi Gizo
Q98807157,Akwasi Dante Afriyie,male,,,,,,Akwasi Dante Afriyie
Q98812008,Moctar Musah Bambah,male,,,,,,Moctar Musah Bambah
Q98812533,Alex Kwaku Korankye,male,,,,,,Alex Kwaku Korankye
Q98812592,Amadu Ali,male,1953-07-31,11,,,,Amadu Ali
Q98812924,Benjamin Osei Kuffour,male,,,,,,Benjamin Osei Kuffour
Q98813206,Joe Donkor,male,1942,9,2019-05-14,11,,Joe Donkor
Q98813269,Abraham Owusu Baidoo,male,1946-04-28,11,,,,Abraham Owusu Baidoo
Q98813780,Amos Lawerh Buertey,male,1954-06-10,11,,,,Amos Lawerh Buertey
Q98813987,Anthony Bright Boadi-Mensah,male,,,,,,Anthony Bright Boadi-Mensah
Q98814397,Edward Baffoe Bonnie,male,,,,,,Edward Baffoe Bonnie
Q98814413,David Yaw Mensah,male,1934-01,10,,,,David Yaw Mensah
Q98814531,Kofi Attor,male,1954-12-03,11,,,,Kofi Attor
Q98814625,Edward Osei-Kwaku,male,,,2005-09-15,11,,Edward Osei-Kwaku
Q98815015,Gabriel Yaw Amoah,male,,,,,,Gabriel Yaw Amoah
Q98815023,George William Amponsah,male,,,,,,George William Amponsah
Q98815032,Ignatius K. Poku Edusei,male,1963-10-25,11,,,,
Q98815036,Hayford Francis Amoako,male,,,,,,Hayford Francis Amoako
Q98815047,Isaac Kwadwo Adjei Mensah,male,1944-09-20,11,2015-06-07,11,,Isaac Kwadwo Adjei-Mensah
Q98815053,James Edusei Sarkodie,male,,,,,,James Edusei Sarkodie
Q98815057,Nana Asante- Frimpong,male,,,,,,
Q98815124,Emmanuel Samba Zumakpeh,male,1955-06-15,11,,,,Emmanuel Samba Zumakpeh
Q98815126,Kosi Kedem,male,1945-04-15,11,,,,Kosi Kedem
Q98815138,Reo Addai Basoah,male,1934,9,2002-07-30,11,,Reo Addai Basoah
Q98815214,Ato Quarshie,male,1944-10-22,11,,,,Ato Quarshie
Q98815229,Godfried Ako-Nai,male,1954-09-21,11,,,,Godfried Ako-Nai
Q98815255,Modestus Yao Z. Ahiable,male,1948-10-10,11,,,,Modestus Yao Z. Ahiable
Q98815272,Prince Oduro-Mensah,male,1958,9,,,,Prince Oduro-Mensah
Q98815327,Comfort Owusu,female,1940-04-28,11,,,,Comfort Owusu
Q98815331,Stephen Adoma-Yeboah,male,,,,,,Stephen Adoma-Yeboah
Q98815342,Poku Adu Gyamfi,male,,,,,,Poku Adu-Gyamfi
Q98815383,Issahaku Salia,male,1952-06-15,11,,,,Issaku Salia
Q98815402,Sampson Atakora,male,,,,,,Sampson Atakora
Q98815493,Emmanuel Acheampong,male,,,2003-02-09,11,,Emmanuel Acheampong
Q98815521,Samuel Nkrumah Gyimah,male,1952,9,,,,Samuel Nkrumah Gyimah
Q98815909,Solomon Kwabena Sarfoh,male,,,,,,Solomon Kwabena Sarfoh
Q98816182,Steve Senu Akorli,male,1948-10-12,11,2019-03-03,11,,Steve Senu Akorli
Q98816226,Anthony K. Gyapong-Mensah,male,,,,,,Anthony K. Gyapong-Mensah
Q98816293,Stephen Cobbinah Buor-Karikari,male,,,,,,Stephen Cobbinah B. Karikari
Q98816459,Harry Halifax-Hayford,male,,,,,,Harry Halifax-Hayford
Q98816887,Theresa Joyce Baffoe,female,1954-07-24,11,,,,Theresa Joyce Baffoe
Q98816997,Agyare Koi Larbi,male,1949,9,2008-11-10,11,,Agyare Koi Larbi
Q98817612,Afieye Ashong,female,,,,,,Afieye Ashong
Q98817687,Jacob Scherrer Arthur,male,,,,,,Jacob Scherrer Arthur
Q98818224,Kinston Akomeng Kissi,male,1957-07-04,11,,,,Kinston Akomeng Kissi
Q98818283,Kwaku Adu Yeboah,male,,,,,,Kwaku Adu Yeboah
Q98818625,Daniel Tekpertey,male,,,,,,Daniel Tekpertey
Q98818657,Mustapha Ali Iddris,male,1955-04-28,11,2013,9,,Mustapha Ali Iddris
Q98819015,Dwamena Bekoe,male,,,,,,Dwamena Bekoe
Q98819595,Godfred Otchere,male,,,,,,
Q98819721,Kwakye Addo,male,1951-02-23,11,,,,Kwakye Addo
Q98819765,Michael Teye Nyaunu,male,1955-06-13,11,,,,
Q98819913,Seth Dankwa Wiafe,male,,,,,,Seth Dankwa Wiafe
Q98820008,Peter Kwaw,male,,,,,,Peter Kwaw
Q98820203,Ransford Agyapong,male,,,,,,Ransford Agyapong
Q98820396,Norbert Garko Awulley,male,1954-06-22,11,,,,Norbert Garko Awulley
Q98820419,William Boakye Akoto,male,,,,,,William Boakye Akoto
Q98820961,Eddie Akita,male,,,,,,Eddie Akita
Q98821000,Charles Kofi Agbenaza,male,1931,9,2012-11-12,11,,Charles Kofi Agbenaza
Q98821200,Adams Ebenezer Mahama,male,,,,,,Adams Ebenezer Mahama
Q98821291,Emmanuel Kinsford Kwesi Teye,male,,,,,,Emmanuel Kinsford Kwesi Teye
Q98821697,Emmanuel Adjei Boye,male,,,,,,Emmanuel Adjei Boye
Q98821727,Joseph Darko-Mensah,male,1942-02-22,11,2011-05-16,11,,Joseph Darko-Mensah
Q98821770,Sampson Ottu Darkoh,male,,,,,,Sampson Ottu Darkoh
Q98821809,John Frank Abu,male,,,,,,John Frank Abu
Q98821841,Alhaji Abdulai Salifu,male,1943-06-16,11,,,,Alhaji Abdulai Salifu
Q98821919,Alhaji Issifu Azumah,male,,,,,,Alhaji Issifu Azumah
Q98821944,Iddrisu Huudu,male,,,,,,Iddrisu Huudu
Q98821979,Joseph Trumah Bayel,male,1954-06-20,11,,,,Joseph Trumah Bayel
Q98822216,Mohammed Seidu Abah,male,,,,,,Mohammed Seidu Abah
Q98822265,Emil Kwadzo Brantuo,male,1938-01-31,11,,,,Emil Kwadzo Brantuo
Q98822292,Abraham Kofi Asante,male,,,,,,Abraham Kofi Asante
Q98822294,Namburr Berrick,male,,,,,,Namburr Berrick
Q98822409,Samuel Nyimakan,male,,,,,,Samuel Nyimakan
Q98822555,John Kwekuchur Ackah,male,,,,,,John Kwekuchur Ackah
Q98822668,Theodore Basil Anuka,male,,,,,,Theodore Basil Anuka
Q98822825,Achidago B. Akugri,male,,,,,,Achidago B. Akugri
Q98823137,Nathaniel Kwadzo Aduadjoe,male,,,,,,Nathaniel Kwadzo Aduadjoe
Q98823654,Seidu Paakuna Adamu,male,,,,,,Seidu Paakuna Adamu
Q98824113,Edith Hazel,female,,,,,,Edith Hazel
Q98824336,Joseph Emmanuel Ackah,male,1934-08-31,11,,,,Joseph Emmanuel Ackah
Q98824704,Samuel Kwame Amponsah,male,,,,,,Samuel Kwame Amponsah
Q98824768,Isaac Kobina Nyame-Ofori,male,,,,,,Isaac Kobina Nyame-Ofori
Q98828186,Samuel Sallas Mensah,male,1954-07-07,11,,,,Samuel Sallas Mensah
Q98828227,John Setuni Achuliwor,male,,,2003-01-29,11,,John Setuni Achuliwor
Q98831601,Nana Asante-Frimpong,male,,,,,,Nana Asante-Frimpong
Q98870080,Kwaku Agyemang-Mensah,male,,,,,,Kwaku Agyemang-Mensah
Q997303,Gloria Akuffo,female,1954-12-31,11,,,,Gloria Akuffo
Q99847755,Peter Boakye-Ansah,male,1947-09,10,2018-07-19,11,,Peter Boakye-Ansah
Q99892480,John Kofi Gyasi,male,1946-04-22,11,,,,John Kofi Gyasi
Q99893143,Kwesi akomia kyeremanteng,male,,,,,,
Q99893633,Baffour Annor,male,,,,,,Baffour Annor
Q99894043,Anthony Boakye-Yiadom,male,,,,,,Anthony Boakye-Yiadom
Q99896136,Ahmed Musah,male,,,,,,Ahmed Musah
Q99896875,Alexander Agyei-Acheampong,male,,,,,,Alexander Agyei-Acheampong
Q99898804,David Kwasi Amankwah,male,1943-06-16,11,,,,David Kwasi Amankwah
Q99900491,Francis Adu-Poku,male,1959-05-21,11,,,,Francis Adu-Poku
Q99901397,Samuel Kwofie,male,,,,,,Samuel Kwofie
Q99901685,Emmanuel Baah Danquah,male,1961-02-20,11,,,,Emmanuel Baah Danquah
Q99901753,Richard Dornu Nartey,male,1949-04-26,11,,,,Richard Dornu Nartey
Q99902506,Kwaku Acheampong Bonful,male,1947-01-31,11,2002-08-01,11,,Kwaku Acheampong Bonful
Q99902755,Nana Yaw Otto,male,1962-11-22,11,,,,Nana Yaw Otto
Q99902971,Gladys Abena Nsoah,female,1956-11-25,11,,,,Gladys Abena Nsoah
Q99903001,Joseph Ghansah,male,,,,,,Joseph Ghansah
Q99903231,Grace Boachie,female,,,,,,Grace Boachie
Q99903282,J.H. Owusu Acheampong,male,1941,9,2017-06-13,11,,J. H. Owusu Acheampong
Q99903300,Joseph E.K. Abekah,male,,,,,,Joseph E.K. Abekah
Q99903440,Nicholas Appiah-Kubi,male,,,,,,Nicholas Appiah-Kubi
Q99903520,"George Buadi,",male,1963-03-07,11,,,,George Buadi
Q99903811,Kwadwo Mama Adams,male,,,2002-09-07,11,,Kwadwo Mama Adams
Q99903878,Nicholas K. Adjei-Kyeremeh,male,,,,,,Nicholas K. Adjei-Kyeremeh
Q99903881,Christian Kwabena Asante,male,1940-10-23,11,,,,Christian Kwabena Asante
Q99904215,Sampson Kwadwo Apraku,male,,,,,,Sampson Kwadwo Apraku
Q99904282,Theresa Nyarko-Fofie,female,1950-09-12,11,,,,Theresa Nyarko-Fofie
Q99904774,Thomas Kwame Yeboah,male,1959-07-05,11,,,,Thomas Kwame Yeboah
Q99905201,Austin Akufo Gamey,male,1949-10-26,11,,,,
Q99905486,Akuamoa Ofosu-Boateng,male,1954-02-01,11,,,,Akuamoa Ofosu-Boateng
Q99905937,Evans Kodjo Ahorsey,male,,,,,,Evans Kodjo Ahorsey
Q99906480,Ebenezer Kobina Fosu,male,1952-05-06,11,,,,Ebenezer Kobina Fosu
Q99906484,Francis Kwame Nyarko,male,,,,,,Francis Kwame Nyarko
Q99906743,Fuzzy Dapaah Torbay,male,1952-05-22,11,2002,9,,Fuzzy Dapaah Torbay
Q99907562,Kwamena Dwamena-Aboagye,male,,,,,,Kwamena Dwamena-Aboagye
Q99907942,Kwaku Al-Hassan Dadzie,male,,,,,,Kwaku Al-Hassan Dadzie
Q99912590,Kweku Boateng-Lovinger,male,,,,,,Kweku Boateng-Lovinger
Q99912673,Thomas Kweku Aubyn,male,,,,,,Thomas Kweku Aubyn
Q99912679,Mohammed Erzuah Siam,male,,,,,,Mohammed Erzuah Siam
Q99912691,Solomon Kodjoe Akwetey,male,,,,,,Solomon Kodjoe Akwetey
Q99912732,Solomon Tettey Terkper,male,,,,,,Solomon Tettey Terkper
Q99912745,Yaw Baning-Darko,male,,,,,,Yaw Baning-Darko
Q99912770,Krosbi Mensah,male,1947-03-05,11,,,,Krosbi Mensah
Q99912772,Samuel Oppong,male,,,,,,Samuel Oppong (politician)
Q99913069,John Kweku Kumah,male,1938-03-30,11,,,,John Kweku Kumah
Q99913141,Babalami Abu-Sadat,male,,,,,,Babalami Abu Sadat
Q99913287,Florence Kumi,female,,,,,,Florence Kumi
Q99913891,Alexander Ransford Ababio,male,,,,,,Alexander Ransford Ababio
Q99914238,Anthony Bondong,male,,,,,,Anthony Bondong
Q99914801,Luke Koo,male,,,1999,9,,Luke Koo
Q99915398,Francis Gyafiiry Korbieh,male,1950-12-20,11,,,,Francis Gyafiiry Korbieh
Q99915936,Simon Anyoa Abingya,male,,,,,,Simon Anyoa Abingya
Q99929322,Simon Alangde Asabo,male,,,,,,Simon Alangde Asabo
Q99929646,Fortunate Atubiga,male,1950-07-27,11,,,,Fortunate Atubiga
Q99929656,Clement Tumfuga Bugase,male,,,,,,Clement Tumfuga Bugase
Q99929665,Moses Mabengba Bukari,male,1956-03-11,11,,,,Moses Mabengba Bukari
Q99929786,John Jagri Kokpahi,male,1956-05-06,11,,,,John Jagri Kokpahi
Q99929822,Ibrahim Adam,male,,,,,,Ibrahim Adam
Q99929847,Hamidu Baba Braimah,male,1953-08-06,11,2009-08-27,11,,Hamidu Baba Braimah
Q99930054,George Mpambi Dagmanyi,male,,,,,,George Mpambi Dagmanyi
Q99930281,Alhaji Innocent Mahamadu Yahaya,male,1954-04-17,11,2000-09-12,11,,Innocent Mahamadu Yahaya
Q99930385,Alabira Ibrahim,male,,,,,,Alabira Ibrahim
Q99930398,Adam Mahama,male,,,,,,Adam Mahama
Q99930412,Sylvester A. Mensah,male,,,,,,Sylvester A. Mensah
Q99930421,Franklin Winfred K. Aheto,male,,,,,,Franklin Winfred K. Aheto
Q99930471,Nii Adjei-Boye Sekan,male,1959-01-09,11,2006-08-06,11,,Nii Adjei-Boye Sekan
Q99931146,Rebecca Akweley Adotey,female,,,,,,Rebecca Akweley Adotey
Q99932382,Farouk Braimah,male,1945,9,2006-03,10,,Farouk Braimah
Q99932507,David Lamptey,male,1951,9,2012-12-05,11,,David Lamptey
Q99932774,J. E. Afful,male,,,,,,J.E. Afful
