id,name,gender,dob,dobp,dod,dodp,image,enwiki
Q102247981,Peter Burkhard,male,1955-12-10,11,,,Peter Burkhard OSCE Belgrade 2015.jpg,
Q1029622,Regula Rytz,female,1962-03-02,11,,,Regula Rytz 2019.jpg,Regula Rytz
Q104771323,Grégory Logean,male,1986-11-13,11,,,,
Q105062122,Rolf Graber,male,1951,9,,,,
Q106240065,Michael Graber,male,1981-06-03,11,,,Michael Graber (2021).jpg,
Q1065124,Charles Juillard,male,1962-12-17,11,,,Charles Juillard (2019).jpg,
Q107099152,Félicienne Lusamba Villoz-Muamba,female,1956-05-13,11,2019-12-03,11,"Félicienne Lusamba Villoz-Muamba, d'après CC-by-SA Galahmm.png",
Q1080853,Christian Lohr,male,1962-04-05,11,,,Christian Lohr.jpg,
Q1081950,Christian Speck,male,1937-12-22,11,2005-05-05,11,Christian Speck.jpg,
Q1083465,Christine Bulliard-Marbach,female,1959-10-13,11,,,Christine Bulliard-Marbach.jpg,
Q110542281,Jean-Claude Cornu,male,1956-04-01,11,,,Jean-Claude Cornu.jpg,
Q110634549,Raphaël Mahaim,male,1983-12-31,11,,,"Raphaël Mahaim, 2022 (cropped).jpg",
Q110819228,Yves Guisan,male,1941-07-22,11,,,Yves Guisan.jpg,
Q110821444,Charles-Albert Antille,male,1944-10-18,11,,,Charles-Albert Antille (cropped).jpg,
Q110825656,Odilo Schmid,male,1945-01-11,11,,,Odilo Schmid.jpg,
Q110916615,Hubert Lauper,male,1944-02-28,11,,,Hubert Lauper (cropped).jpg,
Q110952713,Marcel Sandoz,male,1943-05-14,11,,,Marcel Sandoz (cropped).jpg,
Q112278219,Salima Moyard,female,1983,9,,,,
Q1132782,Corina Eichenberger,female,1954-10-14,11,,,Corina Eichenberger-Walther.jpg,
Q1150097,Cécile Bühlmann,female,1949-12-03,11,,,"Cécile Bühlmann, 1994 (cropped).jpg",
Q115442,Doris Leuthard,female,1963-04-10,11,,,Doris Leuthard (Neu).jpg,Doris Leuthard
Q115513,Pascal Couchepin,male,1942-04-05,11,,,"Pascal Couchepin, 2009.jpg",Pascal Couchepin
Q115520,Moritz Leuenberger,male,1946-09-21,11,,,"Moritz Leuenberger, 2010.jpg",Moritz Leuenberger
Q115531,Adolf Ogi,male,1942-07-18,11,,,Adolf Ogi.png,Adolf Ogi
Q115614,Toni Brunner,male,1974-08-23,11,,,Toni Brunner (2015).jpg,Toni Brunner
Q115841,Samuel Schmid,male,1947-01-08,11,,,BR-Samuel-Schmid.jpg,Samuel Schmid
Q115875,Pius Segmüller,male,1952-03-08,11,,,Pius segmueller.jpg,Pius Segmüller
Q115877,Fulvio Pelli,male,1951-01-26,11,,,Fulvio Pelli (2007).jpg,Fulvio Pelli
Q115881,Karin Keller-Sutter,female,1963-12-22,11,,,Karin Keller-Sutter (2022).jpg,Karin Keller-Sutter
Q115886,Elmar Ledergerber,male,1944-04-04,11,,,"Elmar Ledergerber, Zürich.jpg",Elmar Ledergerber
Q115891,Christophe Darbellay,male,1971-03-07,11,,,Darbellay.jpg,Christophe Darbellay
Q115926,Peter Bieri,male,1952-06-21,11,,,Peter Bieri (2011).jpg,Peter Bieri (politician)
Q116074,Adrian Amstutz,male,1953-12-02,11,,,Adrian Amstutz (2007).jpg,Adrian Amstutz
Q116079,Jean-François Rime,male,1950-06-28,11,,,Jean-François Rime (2007).jpg,Jean-François Rime
Q1160790,Daniel Fässler,male,1960-08-22,11,,,Daniel Fässler (2019).jpg,
Q116085,Werner Luginbühl,male,1958-01-04,11,,,Werner Luginbühl.jpg,
Q116100,Pascale Bruderer,female,1977-07-28,11,,,Pascale Bruderer NRCR President cropped.jpg,Pascale Bruderer
Q116114,Urs Schwaller,male,1952-10-31,11,,,Urs Schwaller.jpg,Urs Schwaller
Q1162786,Daniel Stolz,male,1968-09-16,11,,,Daniel.Stolz.jpg,
Q1163549,Daniela Schneeberger,female,1967-09-19,11,,,Daniela Schneeberger (2019).jpg,
Q116356,Erwin Jutzet,male,1951-05-07,11,,,Erwin Jutzet.jpg,
Q116392,Christian Lüscher,male,1963-12-06,11,,,Christian Lüscher (2019).jpg,Christian Lüscher
Q116419,Caspar Baader,male,1953-10-01,11,,,Caspar Baader (2007).jpg,Caspar Baader
Q116424,Jacqueline Fehr,female,1963-06-01,11,,,Fehr-jacqueline regierung 17 18.jpg,Jacqueline Fehr
Q116433,Erika Forster-Vannini,female,1944-02-27,11,,,Erika Forster-Vannini (2007).jpg,Erika Forster-Vannini
Q116442,Dominique Baettig,male,1953-09-22,11,,,"Dominique Baettig (Nationalrat, 2008).jpg",Dominique Baettig
Q116446,Bruno Zuppiger,male,1952-02-24,11,2016-02-19,11,Bruno Zuppiger (2007).jpg,Bruno Zuppiger
Q116454,Ulrich Schlüer,male,1944-10-17,11,,,Ulrich Schlüer.jpg,Ulrich Schlüer
Q116457,Verena Diener,female,1949-03-27,11,,,Verena Diener.jpg,Verena Diener
Q116461,Claude Janiak,male,1948-10-30,11,,,Claude Janiak (2007).jpg,Claude Janiak
Q116465,Mario Fehr,male,1958-09-13,11,,,Mario Fehr (2007).jpg,Mario Fehr
Q116475,Hannes Germann,male,1956-07-01,11,,,Hannes Germann (2019).jpg,Hannes Germann
Q116486,Bruno Frick,male,1953-05-31,11,,,Bruno Frick (2007).jpg,Bruno Frick
Q116490,Max Binder,male,1947-11-26,11,,,Max Binder.jpg,Max Binder
Q116500,Hans Kaufmann,male,1948-06-13,11,,,Hans Kaufmann (2007).jpg,Hans Kaufmann
Q116643,Christoffel Brändli,male,1943-03-07,11,,,Christoffel Brändli.jpg,Christoffel Brändli
Q116648,Liliane Maury Pasquier,female,1956-12-16,11,,,Maury Pasquier Liliane.jpg,Liliane Maury Pasquier
Q116829,Hans-Jürg Fehr,male,1948-08-07,11,,,Hans-Jürg Fehr.jpg,Hans-Jürg Fehr
Q116834,Yvette Estermann,female,1967-02-26,11,,,Yvette Estermann (2019).jpg,Yvette Estermann
Q116886,Ulrich Giezendanner,male,1953-10-31,11,,,Ulrich Giezendanner (2011).jpg,Ulrich Giezendanner
Q116891,Lukas Reimann,male,1982-09-18,11,,,Lukas Reimann (2019).jpg,Lukas Reimann
Q116906,Josef Zisyadis,male,1956-04-17,11,,,Josef Zisyadis (2007).jpg,Josef Zisyadis
Q116923,Pierre-Yves Maillard,male,1968-03-16,11,,,Pierre-Yves Maillard (2019).jpg,Pierre-Yves Maillard
Q117064,Christian Waber,male,1948-05-07,11,,,Christian Waber.jpg,Christian Waber
Q117095,Christine Goll,female,1956-12-10,11,,,Christine Goll (2007).jpg,
Q117099,Felix Gutzwiller,male,1948-02-22,11,,,Felix gutzwiller.jpg,
Q117102,Robert Cramer,male,1954-02-07,11,,,Robert Cramer suisse.jpg,Robert Cramer (Swiss politician)
Q117105,Nadja Umbricht Pieren,female,1980-02-14,11,,,Nadja Pieren parlament.ch 2781.jpg,
Q117109,Susanne Leutenegger Oberholzer,female,1948-03-06,11,,,Susanne Leutenegger Oberholzer (2007).jpg,Susanne Leutenegger Oberholzer
Q117113,Andreas Gross,male,1952-08-21,11,,,Andreas Gross.jpg,
Q117117,Maximilian Reimann,male,1942-05-07,11,,,Maximilian reimann.jpg,
Q117131,Hans Rutschmann,male,1947-07-04,11,,,Hans Rutschmann (2007).jpg,
Q117136,Hans Fehr,male,1947-01-14,11,,,Hans Fehr.jpg,
Q117149,Alfred Heer,male,1961-10-12,11,,,Alfred Heer.jpg,
Q117151,Hermann Bürgi,male,1946-02-18,11,,,Hermann Bürgi (2007).jpg,
Q117154,Christoph Mörgeli,male,1960-07-16,11,,,Christoph Mörgeli (2007).jpg,
Q117158,Silvia Schenker,female,1954-01-17,11,,,Silvia Schenker (2007).jpg,Silvia Schenker
Q117165,Natalie Rickli,female,1976-11-19,11,,,Natalierickli.jpg,Natalie Rickli
Q117169,Ernst Schibli,male,1952-08-16,11,,,Ernst Schibli (2007).jpg,
Q117171,Filippo Leutenegger,male,1952-11-25,11,,,Filippo Leutenegger (2013).jpg,
Q117173,Didier Berberat,male,1956-12-01,11,,,Didier Berberat (2007).jpg,
Q117230,Géraldine Savary,female,1968-11-14,11,,,Savary 2015.jpg,Géraldine Savary
Q117254,Ignazio Cassis,male,1961-04-13,11,,,Ignazio Cassis (2022).jpg,Ignazio Cassis
Q117269,Norman Gobbi,male,1977-03-23,11,,,"Norman Gobbi, 2017 (cropped).jpg",
Q117363,Marianne Huguenin,female,1950-05-01,11,,,Marianne Huguenin.jpg,Marianne Huguenin
Q117391,Maria Roth-Bernasconi,female,1955-09-14,11,,,Roth Bernasconi.jpg,Maria Roth-Bernasconi
Q117400,Ada Marra,female,1973-03-10,11,,,Ada Marra (2019).jpg,Ada Marra
Q117403,Andreas Aebi,male,1958-11-26,11,,,Andreas Aebi 2019.jpg,Andreas Aebi
Q117426,Peter Briner,male,1943-11-01,11,,,Peter Briner (2007).jpg,
Q117478,Francine John-Calame,female,1954-04-30,11,,,Francine John-Calame 2.jpg,Francine John-Calame
Q117502,Gisèle Ory,female,1956-04-30,11,,,Gisèle Ory (2007).jpg,Gisèle Ory
Q117552,Flavio Maspoli,male,1950-01-29,11,2007-06-12,11,FlavioMaspoli.jpg,Flavio Maspoli
Q117716,Ruth Genner,female,1956-01-13,11,,,"Ruth Genner, 2009 (cropped).jpg",Ruth Genner
Q117738,Marianne Kleiner,female,1947-05-29,11,,,Marianne Kleiner 2008.jpg,
Q117781,Hans Altherr,male,1950-04-29,11,,,Hans Altherr (2007).jpg,Hans Altherr
Q117793,Thérèse Meyer,female,1948-05-17,11,,,Thérèse Meyer-Kaelin.jpg,Thérèse Meyer
Q117805,Jasmin Hutter,female,1978-06-11,11,,,Jasmin Hutter.jpg,Jasmin Hutter
Q117833,Eva Herzog,female,1961-12-25,11,,,Eva Herzog (2019).jpg,Eva Herzog
Q117845,Brigit Wyss,female,1960-04-22,11,,,Brigit Wyss.jpg,
Q117904,Cédric Wermuth,male,1986-02-19,11,,,Cédric Wermuth 2019.jpg,Cédric Wermuth
Q117941,André Bugnon,male,1947-09-13,11,,,André Bugnon.jpg,André Bugnon
Q118060,Gian-Reto Plattner,male,1939-12-10,11,2009-12-07,11,Gian-Reto Plattner.jpg,Gian-Reto Plattner
Q118071,Rudolf Joder,male,1950-06-10,11,,,Rudolf Joder (2007).jpg,Rudolf Joder
Q118126,Walter Wobmann,male,1957-11-21,11,,,Walter Wobmann 2019.jpg,Walter Wobmann
Q118148,Liliane Chappuis,female,1955-06-27,11,2007-06-25,11,Liliane Chappuis.jpg,Liliane Chappuis
Q118232,Christine Egerszegi,female,1948-05-29,11,,,Christine Egerszegi.jpg,Christine Egerszegi
Q118295,Manuel Tornare,male,1951-04-20,11,,,ManuelTornare-Parlament-ch.jpg,
Q118298,Philipp Stähelin,male,1944-04-02,11,,,Philipp Stähelin (2007).jpg,
Q118306,Claude Hêche,male,1952-12-20,11,,,Claude Hêche (2007).jpg,Claude Hêche
Q118308,Christian Levrat,male,1970-07-07,11,,,Christian Levrat (2019).jpg,Christian Levrat
Q118310,Marina Carobbio Guscetti,female,1966-06-12,11,,,Marina Carobbio Guscetti (2019).jpg,Marina Carobbio Guscetti
Q118313,Anne Seydoux-Christe,female,1958-07-07,11,,,Anne Seydoux-Christe (2007).jpg,
Q118316,Christoph von Rotz,male,1966-10-15,11,,,Christoph von Rotz.jpg,
Q118319,Elvira Bader,female,1955-03-04,11,,,"Elvira Bader (Nationalrat, 2008).jpg",
Q118321,Anita Fetz,female,1957-03-19,11,,,Anita Fetz (2007).jpg,Anita Fetz
Q118324,Alexander Baumann,male,1942-12-10,11,2022-02-02,11,J. Alexander Baumann (2007).jpg,J. Alexander Baumann
Q118327,Hildegard Fässler,female,1951-06-22,11,,,Hildegard Fässler-Osterwalder (2007).jpg,
Q118331,Paul Niederberger,male,1948-12-05,11,,,Paul Niederberger.jpg,
Q118337,Roberto Zanetti,male,1954-12-14,11,,,Roberto Zanetti (2019).jpg,
Q118341,Jürg Stahl,male,1968-01-16,11,,,Stahl Juerg Porträt.jpg,Jürg Stahl
Q118343,Raphaël Comte,male,1979-09-29,11,,,Raphael Comte (2010).jpg,Raphaël Comte
Q118347,Fabio Abate,male,1966-01-04,11,,,"Fabio Abate (Nationalrat, 2008).jpg",
Q118349,Alex Kuprecht,male,1957-12-22,11,,,Alex Kuprecht 002.jpg,Alex Kuprecht
Q118352,Josiane Aubert,female,1949-04-07,11,,,"Josiane Aubert (Nationalrat, 2008).jpg",
Q118354,Rolf Schweiger,male,1945-01-09,11,,,Rolf Schweiger (2007).jpg,
Q118359,Bastien Girod,male,1980-12-21,11,,,Bastien Girod (2019).jpg,Bastien Girod
Q118362,Otto Ineichen,male,1941-06-08,11,2012-06-06,11,Otto Ineichen (2007).jpg,
Q118371,Theo Maissen,male,1944-09-02,11,,,Theo Maissen (2007).jpg,
Q118380,Therese Frösch,female,1951-06-22,11,,,Therese Frösch.jpg,
Q118384,Hansheiri Inderkum,male,1947-06-09,11,,,Hansheiri Inderkum (2007).jpg,Hansheiri Inderkum
Q118387,Jean-René Fournier,male,1957-12-18,11,,,Jean-Rene Fournier.jpg,Jean-René Fournier
Q118390,René Imoberdorf,male,1950-04-24,11,,,René Imoberdorf.jpg,
Q118421,Martine Brunschwig Graf,female,1950-03-16,11,,,Martine Brunschwig Graf.jpg,Martine Brunschwig Graf
Q118471,Hansjörg Walter,male,1951-02-05,11,,,Hansjörg Walter (2007).jpg,Hansjörg Walter
Q118484,Daniel Brélaz,male,1950-01-04,11,,,Daniel Brélaz (2019).jpg,Daniel Brélaz
Q118489,Jean Christophe Schwaab,male,1979-08-23,11,,,Jean Christophe Schwaab.jpg,
Q118493,Thomas de Courten,male,1966-07-29,11,,,Thomas de Courten (2019).jpg,
Q118497,Adèle Thorens Goumaz,female,1971-12-15,11,,,Adèle Thorens Goumaz (2019).jpg,Adèle Thorens Goumaz
Q118502,Roland Rino Büchel,male,1965-10-08,11,,,Bild 0001DSC 9727.png,
Q118516,Sylvie Perrinjaquet,female,1955-08-24,11,,,Sylvie perrinjaquet.jpg,
Q118524,Kathrin Bertschy,female,1979-07-02,11,,,Kathrin Bertschy (2019).jpg,Kathrin Bertschy
Q118535,Christa Markwalder,female,1975-07-27,11,,,Christa Markwalder (2019).jpg,Christa Markwalder
Q118541,Hansjörg Knecht,male,1960-03-24,11,,,Hansjörg Knecht.jpg,
Q118545,Roberto Schmidt,male,1962-07-16,11,,,Roberto Schmidt.jpg,
Q118550,Fathi Derder,male,1970-12-04,11,,,Fathi Derder.jpg,
Q118558,Thomas Aeschi,male,1979-01-13,11,,,Thomas Aeschi (2019).jpg,
Q118565,Markus Hausammann,male,1964-09-20,11,,,Markus Hausammann.jpg,
Q118667,Jean-René Germanier,male,1958-12-18,11,,,Jean-René Germanier Senate of Poland.JPG,Jean-René Germanier
Q118808,Christiane Brunner,female,1947-03-23,11,,,Christiane Brunner.jpg,Christiane Brunner
Q119029,Simon Epiney,male,1950-02-12,11,,,Simon Epiney.jpg,
Q119035,Eric Voruz,male,1945-07-05,11,,,Eric Voruz (2007).jpg,
Q119047,Pierre-François Veillon,male,1950-04-30,11,,,Pierre-François Veillon (2007).jpg,
Q119063,Jacques-Simon Eggly,male,1942-09-04,11,,,Jacques-Simon Eggly.jpg,
Q119077,Thomas Fuchs,male,1966-06-18,11,,,Thomas Fuchs.jpg,
Q119103,Jacques-André Maire,male,1957-05-26,11,,,Jacques-André Maire.jpg,
Q119109,Madeleine Amgwerd,female,1946-08-01,11,,,Madeleine Amgwerd.jpg,
Q119144,Matthias Aebischer,male,1967-10-18,11,,,Matthias Aebischer (2019).jpg,
Q119186,Erich von Siebenthal,male,1958-12-30,11,,,Erich von siebenthal.jpg,
Q119388,Albert Rösti,male,1967-08-07,11,,,Albert Rösti.jpg,Albert Rösti
Q119393,Carlo Sommaruga,male,1959-07-08,11,,,GE Sommaruga Carlo 2015.jpg,Carlo Sommaruga
Q119404,Roland Eberle,male,1953-12-07,11,,,RolandEberle (2015).jpg,
Q119406,Maya Graf,female,1962-02-28,11,,,"Maya Graf (2020, cropped).jpg",Maya Graf
Q119410,Peter Keller,male,1971-04-22,11,,,Peter Keller 2019.jpg,
Q119412,Markus Stadler,male,1948-12-24,11,,,Markus.Stadler.2011.jpg,
Q119414,Pierre Kohler,male,1964-02-03,11,,,Pierre Kohler.jpg,
Q119418,François Lachat,male,1942-08-02,11,,,,
Q119420,Christine Beerli,female,1953-03-26,11,,,"ETH-BIB-Christine Beerli, Ständerätin, Freisinnig-Demokratische Partei der Schweiz (FDP)-Com LC1501-00B-068-001.tiff",
Q119435,Luzi Stamm,male,1952-09-09,11,,,Luzi Stamm (2007).jpg,
Q119440,Paul Rechsteiner,male,1952-08-26,11,,,Paul Rechsteiner (2019).jpg,
Q119445,Isidor Baumann,male,1955-09-23,11,,,IsidorBaumann.jpg,
Q119448,Christian van Singer,male,1950-01-20,11,,,Christian van Singer (2007).jpg,
Q119460,Jean-François Steiert,male,1961-02-07,11,,,Jean-François Steiert (2007).jpg,
Q119464,Andy Tschümperlin,male,1962-03-11,11,,,Andy Tschümperlin (2007).jpg,
Q119484,Theophil Pfister,male,1942-07-16,11,2012-08-06,11,Theophil Pfister (2007).jpg,
Q119566,Christoph Eymann,male,1951-01-15,11,,,Christoph Eymann (2019).jpg,
Q119811,Yves Nidegger,male,1957-05-17,11,,,Yves Nidegger 2015 (cropped).jpg,
Q119816,Jakob Stark,male,1958-09-08,11,,,Jakob Stark.jpg,
Q119840,Jacqueline de Quattro,female,1960-06-28,11,,,Jacqueline de Quattro (cropped).jpg,
Q119850,Jean-Michel Cina,male,1963-07-02,11,,,Jean-Michel Cina.jpg,
Q119869,Claude Frey,male,1943-07-16,11,,,Claude Frey.jpg,
Q119873,Christian Miesch,male,1948-02-27,11,,,Christian Miesch (2007).jpg,
Q119880,Thomas Hurter,male,1963-11-01,11,,,Thomas Hurter 2019.jpg,
Q119888,Peter Föhn,male,1952-12-11,11,,,Peter Föhn (2007).jpg,
Q119896,Michel Béguelin,male,1936-08-01,11,,,Michel Béguelin.jpg,
Q119941,Alice Glauser-Zufferey,female,1954-10-18,11,,,Alice Glauser (2007).jpg,
Q119947,Isabelle Chassot,female,1965-03-28,11,,,Isabelle Chassot (parl.ch).jpg,
Q119955,Jacques Neirynck,male,1931-08-17,11,,,Jacques Neirynck.jpg,Jacques Neirynck
Q119963,Rudolf Rechsteiner,male,1958-10-27,11,,,Rudolf Rechsteiner (2007).jpg,
Q119970,Jakob Büchler,male,1952-05-29,11,,,Jakob Büchler (2007).jpg,
Q119978,Yvan Perrin,male,1966-12-09,11,,,Yvan Perrin (2007).jpg,
Q119997,Thomas Müller,male,1952-12-01,11,,,Thomas Müller (2007).jpg,
Q120004,André Blattmann,male,1956-03-06,11,,,Andre Blattmann July 2015.jpg,André Blattmann
Q120013,Georges Theiler,male,1949-05-20,11,,,Georges Theiler (2007).jpg,
Q120021,Yves Christen,male,1941-07-13,11,,,Yves Christen - Karte.jpg,Yves Christen
Q120026,Roland Borer,male,1951-01-27,11,,,NR Roland Borer.jpg,
Q120053,Christiane Langenberger,female,1941-04-21,11,2015-08-16,11,Christiane Langenberger.jpg,
Q120061,Vreni Spoerry,female,1938-03-08,11,,,Vreni Spoerry - Bibliothek am Guisanplatz.jpg,
Q120077,Thomas Minder,male,1960-12-26,11,,,Thomas Minder.jpg,Thomas Minder
Q120100,Jean Henri Dunant,male,1934-11-12,11,2015-10-19,11,"Jean-Henri Dunant (Nationalrat, 2007).jpg",
Q120106,Antonio Hodgers,male,1976-02-07,11,,,Antonio Hodgers.jpg,Antonio Hodgers
Q120115,Peter Schilliger,male,1959-06-01,11,,,Peter Schilliger (2019).jpg,
Q120130,Ueli Leuenberger,male,1952-03-26,11,,,Ueli Leuenberger (2007).jpg,Ueli Leuenberger
Q120133,Laurent Favre,male,1972-10-14,11,,,Laurent Favre (2007).jpg,
Q120521,Gerold Bührer,male,1948-06-23,11,,,Gerold Bührer.jpg,Gerold Bührer
Q120525,Josy Gyr-Steiner,female,1949-10-10,11,2007-04-18,11,,Josy Gyr-Steiner
Q120616,Marcel Scherer,male,1952-01-29,11,,,Marcel Scherer (2007).jpg,
Q120632,Josef Kunz,male,1945-06-01,11,,,Josef Kunz (2007).jpg,
Q120634,Beat Arnold,male,1978-04-24,11,2021-10-10,11,Beat Arnold.jpg,Beat Arnold
Q120637,Pirmin Schwander,male,1961-12-28,11,,,"Pirmin Schwander (2016, cropped).jpg",
Q120650,Olivier Français,male,1955-10-01,11,,,Olivier Français (2019).jpg,
Q120654,Franco Cavalli,male,1942-07-03,11,,,"Franco Cavalli, 2003 (cropped).jpg",
Q120673,Jean-Pierre Grin-Hofmann,male,1947-03-16,11,,,Jean-Pierre Grin-Hofmann.jpg,
Q120689,Rudolf Strahm,male,1943-08-03,11,,,Rudolf Strahm.jpg,
Q120690,Valérie Garbani,female,1966-09-19,11,,,Valérie Garbani.jpg,
Q120693,Jean Studer,male,1957-11-12,11,,,Jean Studer 2008.jpg,
Q120724,Roger Nordmann,male,1973-03-23,11,,,VD NR 2019 PS Nordmann Roger.jpg,
Q120728,Simon Schenk,male,1946-05-16,11,2020-05-01,11,Simon Schenk 2.jpg,Simon Schenk
Q120733,Jean-Claude Rennwald,male,1953-04-27,11,,,Jean-Claude Rennwald (2007).jpg,
Q120742,Isabelle Moret,female,1970-12-30,11,,,"Isabelle Moret (2019-2020, cropped).jpg",Isabelle Moret
Q120799,Arthur Loepfe,male,1942-12-25,11,,,Arthur Loepfe.jpg,
Q120881,Evi Allemann,female,1978-07-16,11,,,Evi Allemann (2007).jpg,Evi Allemann
Q120883,Céline Amaudruz,female,1979-03-15,11,,,Céline Amaudruz.jpg,Céline Amaudruz
Q120893,Rolf Büttiker,male,1950-06-27,11,,,Rolf Büttiker.jpg,Rolf Büttiker
Q120902,Konrad Graber,male,1958-07-24,11,,,Konrad Graber (2007).jpg,
Q120904,Barbara Gysi,female,1964-05-14,11,,,Barbara Gysi.jpg,
Q120906,Luc Barthassat,male,1960-09-03,11,,,"Luc Barthassat (Nationalrat, 2008).jpg",
Q120917,Viola Amherd,female,1962-06-07,11,,,Viola Amherd (2022).jpg,Viola Amherd
Q120928,Markus Lehmann,male,1955-05-27,11,,,MarkusLehmann.jpg,
Q120930,Anita Thanei,female,1954-12-31,11,,,Anita Thanei.jpg,
Q120934,Martin Bäumle,male,1964-06-03,11,,,Martin Bäumle (2019).jpg,Martin Bäumle
Q120937,Daniel Jositsch,male,1965-03-25,11,,,"Daniel Jositsch (2015, cropped).jpg",Daniel Jositsch
Q120940,Andrea Hämmerle,male,1946-11-09,11,,,Andrea Hämmerle (2007).jpg,
Q120948,Hansruedi Stadler,male,1953-08-06,11,,,Hansruedi Stadler (2007).jpg,
Q120950,Thomas Weibel,male,1954-07-14,11,,,Thomas Weibel (2007).jpg,
Q120954,Cesla Amarelle,female,1973-09-14,11,,,Cesla Amarelle.jpg,Cesla Amarelle
Q120956,Max Chopard-Acklin,male,1966-08-30,11,,,Max Chopard-Acklin 2.jpg,
Q120964,Hans Hess,male,1945-05-04,11,,,Hans Hess (2007).jpg,
Q120969,Yvonne Feri,female,1966-03-21,11,,,Yvonne Feri (2019).jpg,Yvonne Feri
Q121072,Bernhard Hess,male,1966-04-05,11,,,Bernhard Hess.jpg,Bernhard Hess
Q121095,Ursula Haller,female,1948-11-04,11,,,Ursula Haller 2.jpg,
Q121101,Peter Hess,male,1948-05-14,11,,,Peter Hess - Bibliothek am Guisanplatz.jpg,Peter Hess (Swiss politician)
Q121106,Ruedi Aeschbacher,male,1941-09-15,11,,,Ruedi Aeschbacher (2007).jpg,
Q121115,Hans Grunder,male,1956-06-13,11,,,Hans grunder.jpg,Hans Grunder
Q121134,Brigitte Häberli-Koller,female,1958-08-23,11,,,Brigitte Häberli-Koller (2007).jpg,
Q121145,Yvonne Gilli,female,1957-03-07,11,,,Yvonne gilli.jpg,Yvonne Gilli
Q121147,Anton Cottier,male,1943-12-04,11,2006-11-03,11,Anton Cottier (1994).jpg,Anton Cottier
Q121160,Guy Parmelin,male,1959-11-09,11,,,Guy Parmelin (2022).jpg,Guy Parmelin
Q121166,Andrea Geissbühler,female,1976-08-03,11,,,Andrea Geissbühler (2019).jpg,
Q121170,Urs Hofmann,male,1956-11-27,11,,,Urs Hofmann (2007).jpg,
Q121172,Hugues Hiltpold,male,1969-05-05,11,,,Hugues Hiltpold.jpg,
Q121252,Laura Sadis,female,1961-03-11,11,,,Laura Sadis (2003) (cropped).jpg,
Q121273,Jean-Charles Rielle,male,1952-08-13,11,,,"Jean-Charles Rielle, 2017 (cropped).jpg",
Q121277,Felix Müri,male,1958-01-22,11,,,Felix Müri (2007).jpg,
Q121285,Elisabeth Baume-Schneider,female,1963-12-24,11,,,Élisabeth Baume-Schneider (2019).jpg,Élisabeth Baume-Schneider
Q121287,Hans Egloff,male,1959-11-27,11,,,Hans Egloff.jpg,
Q121299,Franz Steinegger,male,1943-03-08,11,,,Franz Steinegger.jpg,
Q121324,Guido A. Zäch,male,1935-10-01,11,,,Guido A. Zäch (2007).jpg,
Q121330,Stéphane Rossini,male,1963-08-09,11,,,Stéphane Rossini (2007).jpg,Stéphane Rossini
Q121335,Franziska Teuscher,female,1958-03-07,11,,,Franziska Teuscher Gemeinderaetin.jpg,
Q121347,Sebastian Frehner,male,1973-09-02,11,,,Sebastian Frehner.jpg,
Q121349,Martin Schmid,male,1969-05-24,11,,,Martin Schmid (2019).jpg,
Q121351,Joachim Eder,male,1951-11-24,11,,,Joachim eder.jpg,
Q121356,Stefan Engler,male,1960-05-30,11,,,Stefan Engler (2019).jpg,
Q121364,Claude Ruey,male,1949-11-29,11,,,Claude Ruey (2007).jpg,Claude Ruey
Q121470,Kurt Fluri,male,1955-08-19,11,,,Kurt Fluri (2019).jpg,Kurt Fluri
Q121539,Heiner Studer,male,1949-05-16,11,,,AG STUDER HEINER.JPG,
Q121743,Jost Gross,male,1946-03-01,11,2005-05-06,11,,Jost Gross
Q121815,Walter Glur,male,1943-04-11,11,,,Foto Walter.JPG,
Q121837,Hansruedi Wandfluh,male,1952-01-16,11,,,Hansruedi Wandfluh (2007).jpg,
Q121843,Hans Widmer,male,1941-09-09,11,,,Hans Widmer (2007).jpg,
Q121849,Claude Béglé,male,1949-12-04,11,,,Claude Béglé (cropped).jpg,
Q121853,Pirmin Bischof,male,1959-02-24,11,,,Pirmin Bischof (2019).jpg,
Q121862,Erich Hess,male,1981-03-25,11,,,Erich Hess.jpg,
Q121882,Ida Glanzmann-Hunkeler,female,1958-09-29,11,,,Ida Glanzmann-Hunkeler 2019.jpg,Ida Glanzmann-Hunkeler
Q121886,Jean-Pierre Graber,male,1946-07-08,11,,,Jean-Pierre Graber.jpg,
Q121896,Alec von Graffenried,male,1962-08-16,11,,,Alec von graffenried.jpg,
Q122038,Prisca Birrer-Heimo,female,1959-02-04,11,,,"Prisca Birrer-Heimo (Nationalrat, 2010).jpg",
Q122084,Duri Bezzola,male,1942-06-23,11,,,Duri Bezzola.jpg,
Q122094,Annemarie Huber-Hotz,female,1948-08-16,11,2019-08-01,11,Annemarie Huber-Hotz in Rapperswil.jpg,Annemarie Huber-Hotz
Q122099,Silva Semadeni,female,1952-02-08,11,,,Silva Semadeni.jpg,
Q122275,Hans-Rudolf Merz,male,1942-11-10,11,,,"Hans-Rudolf Merz, 2009.jpg",Hans-Rudolf Merz
Q122285,Carla Del Ponte,female,1947-02-09,11,,,Carla Del Ponte.jpg,Carla Del Ponte
Q122377,Micheline Calmy-Rey,female,1945-07-08,11,,,Micheline Calmy-Rey 2011.jpg,Micheline Calmy-Rey
Q122440,Boris Banga,male,1949-08-09,11,,,Boris Banga.jpg,Boris Banga
Q122828,Peter Malama,male,1960-10-18,11,2012-09-22,11,"Peter Malama, 2008.jpg",
Q122842,Philipp Müller,male,1952-09-05,11,,,"Philipp Mueller (Nationalrat, 2007).jpg",Philipp Müller (politician)
Q122845,Hans Killer,male,1948-03-09,11,,,Hans Killer.jpg,
Q122852,Hans Stöckli,male,1952-04-12,11,,,"Hans Stöckli (2019, cropped).jpg",Hans Stöckli
Q122860,Geri Müller,male,1960-10-27,11,,,Geri Müller (2007).jpg,
Q122862,Serge Beck,male,1955-05-20,11,,,Serge Beck.jpg,
Q122873,Beat Vonlanthen,male,1957-04-08,11,,,Beat Vonlanthen.jpg,
Q122886,Josef Lang,male,1954-04-29,11,,,Josef Lang (2007).jpg,
Q122902,Isabelle Chevalley,female,1972-04-13,11,,,Isabelle Chevalley.jpg,
Q122915,Charles Favre,male,1957-08-18,11,,,Charles Favre (2007).jpg,
Q122928,Jacques Bourgeois,male,1958-03-14,11,,,Jacques Bourgeois.jpg,
Q122931,Lieni Füglistaller,male,1951-12-31,11,,,Lieni Füglistaller (2007).jpg,
Q122935,André Reymond,male,1940-01-07,11,,,André Reymond.jpg,
Q122991,Simonetta Sommaruga,female,1960-05-14,11,,,Simonetta Sommaruga (2022).jpg,Simonetta Sommaruga
Q123109,Oskar Freysinger,male,1960-06-12,11,,,Oskar Freysinger (15321028967).jpg,Oskar Freysinger
Q123122,Ernst Leuenberger,male,1945-01-18,11,2009-06-30,11,Ernst Leuenberger (2007).jpg,Ernst Leuenberger
Q123307,Dick Marty,male,1945-01-07,11,,,Dick Marty (2007).jpg,Dick Marty
Q123363,Corine Mauch,female,1960-05-28,11,,,Corine Mauch (cropped).jpg,Corine Mauch
Q123823,Joseph Deiss,male,1946-01-18,11,,,Joseph Deiss.jpg,Joseph Deiss
Q1238363,Dominique de Buman,male,1956-04-28,11,,,Dominique de Buman (2007).jpg,Dominique de Buman
Q123857,Christoph Blocher,male,1940-10-11,11,,,"Christoph Blocher (Bundesrat, 2004).jpg",Christoph Blocher
Q123902,Ruth Dreifuss,female,1940-01-09,11,,,"Ruth Dreifuss (2014, cropped).jpg",Ruth Dreifuss
Q123939,Alain Berset,male,1972-04-09,11,,,Alain Berset (2022).jpg,Alain Berset
Q123979,Ueli Maurer,male,1950-12-01,11,,,Ueli Maurer (2022).jpg,Ueli Maurer
Q1245341,Doris Stump,female,1950-02-06,11,,,Doris Stump (2007).jpg,
Q125273,Josef Estermann,male,1947-10-22,11,,,"ETH-BIB-Josef Estermann, Stadtpräsident Zürich-Com LC1501-00E-009-001.tif",
Q125383,Chantal Galladé,female,1972-12-17,11,,,Chantal Galladé (2015).jpg,Chantal Galladé
Q125397,Barbara Schmid-Federer,female,1965-11-10,11,,,Barbara Schmid-Federer.jpg,
Q125399,Markus Hutter,male,1957-02-20,11,,,Markus Hutter (2007).jpg,
Q125403,Katharina Prelicz-Huber,female,1959-10-12,11,,,Katharina Prelicz (2020).jpg,Katharina Prelicz-Huber
Q125406,Helen Leumann,female,1943-11-07,11,2014-12-31,11,Helen Leumann-Würsch.jpg,
Q125423,Urs Hany,male,1955-10-01,11,,,Urs Hany (2007).jpg,
Q125425,Bea Heim,female,1946-04-07,11,,,Bea Heim 2.jpg,
Q125427,Eugen David,male,1945-09-03,11,,,Eugen David (2007).jpg,
Q125433,Martin Landolt,male,1968-06-30,11,,,Martin Landolt 2019.jpg,Martin Landolt
Q125439,Edith Graf-Litscher,female,1964-03-25,11,,,Edith Graf-Litscher 2019.jpg,
Q125443,Kathrin Amacker,female,1962-03-30,11,,,"Kathrin Amacker (Nationalrat, 2008).jpg",
Q125459,Marlies Bänziger,female,1960-03-14,11,,,"Marlies Bänziger (Nationalrat, 2008).jpg",Marlies Bänziger
Q125702,Hugo Fasel,male,1955-10-04,11,,,Hugo Fasel (2007).jpg,
Q1264296,Hans-Ueli Vogt,male,1969-12-05,11,,,Hans-Ueli Vogt.jpg,
Q1282105,Françoise Saudan,female,1939-11-09,11,,,Françoise Saudan.jpg,Françoise Saudan
Q1285744,Reto Wehrli,male,1965-02-01,11,,,Reto Wehrli 001.jpg,
Q1288249,Eduard Engelberger,male,1940-01-26,11,,,Eduard Engelberger (2007).jpg,
Q1307140,Stefan Müller-Altermatt,male,1976-06-17,11,,,Stefan Müller-Altermatt (2019).jpg,
Q1307186,Elisabeth Schneider-Schneiter,female,1964-02-19,11,,,"Elisabeth Schneider-Schneiter, 2011 (cropped).jpg",Elisabeth Schneider-Schneiter
Q1308705,Margrit Kessler,female,1948,9,,,Margrit Kessler.jpg,
Q1310215,Josef Dittli,male,1957-04-11,11,,,Josef Dittli (2015).jpg,
Q1312869,Tarzisius Caviezel,male,1954-08-18,11,,,Tarzisius Caviezel.jpg,
Q1332705,Elmar Bigger,male,1949-10-05,11,,,Elmar Bigger (2007).jpg,
Q1334134,Toni Dettling,male,1943-06-05,11,,,Toni Dettling.jpg,
Q1345180,Leo Müller,male,1958-07-04,11,,,Leo Müller (2019).jpg,
Q1348117,Ruedi Lustenberger,male,1950-04-02,11,,,Ruedi Lustenberger.jpg,Ruedi Lustenberger
Q1351504,Eric Nussbaumer,male,1960-07-11,11,,,Eric Nussbaumer (2019).jpg,
Q1353536,Marianne Slongo,female,1948-06-09,11,,,Marianne Slongo.jpg,
Q1355143,Philipp Kutter,male,1975-08-31,11,,,Philipp Kutter 2014.jpg,
Q1358187,Kathy Riklin,female,1952-10-21,11,,,Kathy Riklin.jpg,
Q1360671,Ernst Wohlwend,male,1947-01-14,11,,,Com LC1501-00W-043-001.tif,
Q1369110,Jacqueline Badran,female,1961-11-12,11,,,"Jacqueline Badran (2018, cropped).jpg",Jacqueline Badran
Q1370037,Esther Egger-Wyss,female,1952-10-02,11,,,Esther Egger-Wyss.jpg,
Q1370309,Peter Hegglin,male,1960-12-25,11,,,Peter Hegglin (2019).jpg,
Q1387808,Gerhard Pfister,male,1962-10-01,11,,,Gerhard Pfister 2019.jpg,Gerhard Pfister
Q1390570,Fabio Pedrina,male,1954-11-27,11,,,Fabio Pedrina (2007).jpg,
Q1416853,Petra Gössi,female,1976-01-12,11,,,Petra Gössi (2019).jpg,Petra Gössi
Q1417673,Gregor Rutz,male,1972-10-12,11,,,Rutz.JPG,
Q1436706,Hans Fünfschilling,male,1940-01-19,11,,,Hans Fünfschilling.jpg,
Q1447989,Martin Candinas,male,1980-08-20,11,,,"Martin Candinas (2019, cropped).jpg",
Q1460168,Pierre Paupe,male,1937-07-24,11,2016-03-09,11,Pierre Paupe.jpg,
Q1464137,Pierre-Alain Gentil,male,1952-07-12,11,2008-09-23,11,Pierre-Alain Gentil.jpg,
Q1475381,Olivier Feller,male,1974-08-30,11,,,Olivier Feller (2019).jpg,
Q1486902,Roger Köppel,male,1965-03-21,11,,,Roger Köppel 2019.jpg,Roger Köppel
Q1487049,Rosmarie Dormann,female,1947-03-27,11,,,Rosmarie Dormann.jpg,
Q1488433,Gabi Huber,female,1956-02-29,11,,,Gabi Huber (2007).jpg,
Q1490290,Gabriele Gendotti,male,1954-10-10,11,,,Gabriele Gendotti (cropped).jpg,
Q1492208,Vreni Müller-Hemmi,female,1951-03-29,11,,,Vreni Müller-Hemmi.jpg,
Q1505282,Rico Wenger,male,1944-09-02,11,2002-06-10,11,,
Q15123025,Rebecca Ruiz,female,1982-02-04,11,,,Rebecca Ana Ruiz.jpg,Rebecca Ruiz
Q1514490,Karl Vogler,male,1956-03-24,11,,,Karl Vogler.jpg,
Q1536747,Manuela Weichelt-Picard,female,1967-07-21,11,,,Manuela Weichelt (2019).jpg,
Q1541414,Marie-Thérèse Weber-Gobet,female,1957-01-08,11,,,Marie-Thérèse Weber-Gobet (2007).jpg,
Q1547066,Alois Gmür,male,1955-04-03,11,,,AloisGmür.jpg,
Q15734513,Paul Widmer,male,1949,9,,,,
Q1580292,Hans Hofmann,male,1939-03-03,11,,,Hans Hofmann.jpg,
Q15805663,Diana Gutjahr,female,1984-01-13,11,,,Diane Gutjhar.jpg,
Q15809173,Fabio Regazzi,male,1962-06-22,11,,,Fabio Regazzi (2019).jpg,
Q15809769,Flavia Wasserfallen,female,1979-02-07,11,,,Flavia Wasserfallen (2019).jpg,Flavia Wasserfallen
Q15815388,Hermann Weyeneth,male,1943-07-26,11,,,Hermann Weyeneth.jpg,
Q15818580,Guillaume Barazzone,male,1982-01-13,11,,,"Guillaume Barazzone, 2013 (cropped).JPG",Guillaume Barazzone
Q15819575,Hans Wicki,male,1964-02-18,11,,,Hans Wicki (2019).jpg,
Q15820891,Jean-Paul Gschwind,male,1952-10-31,11,,,Jean-Paul Gschwind.jpg,
Q1582128,Hans Rudolf Gysin,male,1940-12-29,11,,,Hans Rudolf Gysin (2007).jpg,
Q15821850,Josias Gasser,male,1952-11-17,11,,,Josias Gasser.jpg,
Q15833802,Marco Romano,male,1982-11-06,11,,,Marco Romano 2019.jpg,
Q1583861,Hansjörg Hassler,male,1953-09-23,11,,,Hansjörg Hassler (2007).jpg,
Q15849165,Stephanie Baumann,female,1951-11-05,11,,,Stephanie Baumann - Bibliothek am Guisanplatz.jpg,
Q15852245,Urs Schläfli,male,1963-07-02,11,,,UrsSchläfli.jpg,
Q1591536,Tim Guldimann,male,1950-09-19,11,,,Guldimann4300.tif,Tim Guldimann
Q1594370,Heidi Z'graggen,female,1966-02-01,11,,,Heidi Z'graggen (2019).jpg,
Q1600981,Heinz Siegenthaler,male,1955-10-11,11,,,Heinz Siegenthaler (2019).jpg,
Q16021674,Thomas Hefti,male,1959-10-30,11,,,Thomas Hefti (2019).jpg,
Q1605682,Ursula Schneider Schüttel,female,1961-11-26,11,,,Ursula Schneider Schüttel (2019).jpg,
Q16064320,Fabian Molina,male,1990-07-08,11,,,Fabian Molina 2019.jpg,Fabian Molina
Q1607104,Peter Weigelt,male,1956-02-19,11,,,Peter Weigelt - Bibliothek am Guisanplatz.jpg,
Q16101788,Martina Munz,female,1955-12-26,11,,,Martina Munz 2 (2019).jpg,
Q16267411,Anne Mahrer,female,1948-06-05,11,,,Anne Mahrer.jpg,
Q16269596,Roger Golay,male,1959,9,,,Portrait de Roger Golay.jpg,
Q162767,Eveline Widmer-Schlumpf,female,1956-03-16,11,,,Eveline Widmer-Schlumpf 2011.jpg,Eveline Widmer-Schlumpf
Q16321145,Werner Müller,male,1959,9,,,,
Q1646725,Walter Müller,male,1948-04-25,11,,,Walter Mueller.jpg,
Q16509215,Reto Müller,male,1978-07-18,11,,,MuellerReto.jpg,
Q1666675,Werner Messmer,male,1945-10-25,11,,,Werner Messmer (2007).jpg,
Q16669767,Philippe Nantermod,male,1984-03-27,11,,,Philippe Nantermod 2 (2019).jpg,
Q16672268,Raymond Clottu,male,1967-12-18,11,,,Raymond Clottu.jpg,
Q16739430,Pierre-Alain Fridez,male,1957-11-20,11,,,"Pierre-Alain Fridez, 2019.jpg",
Q1679016,Jakob Freund,male,1946-06-08,11,,,,
Q1681792,Jan Gnägi,male,1991-08-11,11,,,,
Q1684932,Jean-Jacques Schilt,male,1943-06,10,,,,
Q1685106,Jean-Nils de Dardel,male,1943-11-04,11,,,JeanNilsDeDardel-ParlamentCH-Portrait260-2282.jpg,
Q1698211,Johannes Randegger,male,1941-03-22,11,,,Johannes Randegger.jpg,
Q1699373,Lisbeth Fehr,female,1938-04-14,11,,,Lisbeth Fehr.jpg,
Q1715531,Pierre Triponez,male,1943-08-07,11,,,Pierre Triponez (2007).jpg,
Q1717884,Pierre Salvi,male,1957-08-07,11,,,,
Q1721882,Louis Schelbert,male,1952-10-31,11,,,Louis Schelbert (2007).jpg,
Q1725330,Philipp Hadorn,male,1967-02-06,11,,,Philipp Hadorn.jpg,
Q17274306,Barbara Haering,female,1953-09-20,11,,,Barbara Haering.jpg,
Q17305234,Peter Vollmer,male,1946-04-14,11,,,Peter Vollmer.jpg,
Q17305567,Werner Hösli,male,1961-08,10,,,Werner Hösli.jpg,
Q17305571,Thomas Matter,male,1966-03-23,11,,,Thomas Matter.jpg,
Q1734542,Ursula Koch,female,1941-07-01,11,,,"ETH-BIB-Ursula Koch, Stadträtin Zürich-Com LC1500-0818-003.tif",Ursula Koch
Q1771134,Markus Ritter,male,1967-04-19,11,,,Markus Ritter 2019.jpg,
Q1787401,Lili Nabholz,female,1944-12-31,11,,,Lili Nabholz.jpg,
Q1794227,Kurt Wasserfallen,male,1947-04-27,11,2006-12-02,11,,
Q18018671,Beat Walti,male,1968-11-22,11,,,Beat Walti (2019).jpg,
Q18018872,Bruno Pezzatti,male,1951-03-04,11,,,"Bruno Pezzatti (2015, cropped).jpg",
Q18020671,Hans-Peter Portmann,male,1963-02-22,11,,,Hans-Peter Portmann (2019).jpg,
Q18132152,Nik Gugger,male,1970-05-01,11,,,Nik Gugger.jpg,
Q1824984,Lilian Studer,female,1977-12-20,11,,,"Lilian Studer (2019, cropped).jpg",
Q18412785,Ruth-Gaby Vermot-Mangold,female,1941-03-11,11,,,Ruth-Gaby Vermot-Mangold.jpg,
Q18413490,Valérie Piller Carrard,female,1978-09-09,11,,,Valérie Piller Carrard (2019).jpg,Valérie Piller Carrard
Q18413556,Walter Hess,male,1949-10-05,11,,,,
Q18536320,Rudolf Imhof,male,1940-06-18,11,2014-10-06,11,,
Q18630717,Sibel Arslan,female,1980-06-23,11,,,Sibel Arslan (2019).jpg,Sibel Arslan
Q1866477,Livia Leu Agosti,female,1961,9,,,Livia Leu Agosti (2015).jpg,Livia Leu Agosti
Q1871039,Lothar Ziörjen,male,1955-02-24,11,,,Lothar Ziörjen.jpg,
Q1873745,Lucrezia Meier-Schatz,female,1952-01-04,11,,,Lucrezia Meier-Schatz (2007).jpg,
Q1883801,Magdalena Martullo-Blocher,female,1969-08-13,11,,,Magdalena Martullo-Blocher.jpg,Magdalena Martullo-Blocher
Q1885978,Maja Ingold,female,1948-05-23,11,,,Maja Ingold.jpg,
Q1901891,Markus Wäfler,male,1948-12-21,11,,,Markus Wäfler.jpg,
Q1901898,Markus Zemp,male,1954-06-25,11,,,Markus Zemp (2007).jpg,
Q1904632,Martin Naef,male,1970-11-10,11,,,Martin Naef.jpg,
Q1910152,Matthias Michel,male,1963-03-20,11,,,Matthias Michel (2019).jpg,
Q1911278,Maurice Chevrier,male,1961-03-28,11,,,Maurice Chevrier (2007).jpg,
Q1918164,Meinrado Robbiani,male,1951-03-20,11,,,Meinrado Robbiani (2007).jpg,
Q1933122,Mike Egger,male,1992-08-02,11,,,Mike Egger (2019).jpg,
Q19365452,Jon Pult,male,1984-10-12,11,,,Jon Pult (2019).jpg,
Q19502656,Irène Kälin,female,1987-02-06,11,,,Irène Kälin (2019).jpg,Irène Kälin
Q1955511,Mustafa Atici,male,1969-10-02,11,,,Mustafa Atici.jpg,Mustafa Atici
Q19721447,Grégoire Junod,male,1975,9,,,"Grégoire Junod, 2021 (cropped).png",
Q19840724,Marcel Dobler,male,1980-08-29,11,,,Marcel Dobler 2019 mit Hintergrund.jpg,
Q1996858,Norbert Hochreutener,male,1946-06-10,11,,,Norbert Hochreutener (2007).jpg,
Q20192072,Min Li Marti,female,1974-06-01,11,,,Min Li Marti parlament 3084.jpg,Min Li Marti
Q2036940,Othmar Reichmuth,male,1964-01-24,11,,,Othmar Reichmuth (2019).jpg,
Q2039735,Otto Laubacher,male,1943-12-31,11,,,Otto Laubacher.jpg,
Q2058461,Paul-André Roux,male,1960-04-24,11,,,,
Q2059910,Paul Günter,male,1943-05-30,11,,,Paul Günter.jpg,
Q2074918,Peter Flück,male,1957-04-21,11,,,,
Q2076119,Peter Jossen,male,1955-01-26,11,,,,
Q20810835,Christine Häsler,female,1963-01-11,11,,,Christine Häsler Politikerin.jpg,Christine Häsler
Q20961905,Raymond Loretan,male,1955-05-20,11,,,,
Q21032066,Marianne Binder-Keller,female,1958-06-15,11,,,Marianne Binder-Keller (2019).jpg,
Q21032118,Andrea Gmür-Schönenberger,female,1964-07-17,11,,,Andrea Gmür-Schönenberger (2019).jpg,Andrea Gmür-Schönenberger
Q21032279,Priska Wismer-Felder,female,1970-10-02,11,,,Priska Wismer-Felder (2019).jpg,
Q21061273,Beat Rieder,male,1963-02-12,11,,,Beat Rieder.jpg,
Q21152666,Lisa Mazzone,female,1988-01-25,11,,,Lisa Mazzone (2019).jpg,Lisa Mazzone
Q21162577,Frédéric Borloz,male,1966-04-22,11,,,Frédéric Borloz.jpg,
Q21170951,Pierre-André Page,male,1960-04-19,11,,,Pierre-André Page (2019).jpg,
Q21180030,Mauro Tuena,male,1972-01-25,11,,,Mauro Tuena (2015).jpg,
Q21180045,Bruno Walliser,male,1966-04-11,11,,,Bruno Walliser.jpg,
Q21180052,Claudio Zanetti,male,1967-06-16,11,,,Claudio Zanetti (2015).jpg,
Q21180065,Barbara Steinemann,female,1976-06-18,11,,,BarbaraSteinemann.jpg,
Q21180915,Marcel Dettling,male,1981-02,10,,,Marcel Dettling (2019).jpg,
Q21181009,Thomas Burgherr,male,1962-08-01,11,,,Thomas Burgherr (2019).jpg,
Q21264986,David Zuberbühler,male,1979-02-20,11,,,David Zuberbühler (2019).jpg,
Q21268698,Barbara Keller-Inhelder,female,1968-08-24,11,,,Barbara.Inhelder.jpg,
Q21268794,Christian Imark,male,1982-01-29,11,,,Christian Imark.jpg,
Q21269511,Franz Grüter,male,1963-07-29,11,,,"Nationalrat Franz Grüter, Schweizer Politiker der SVP.jpg",
Q21283173,Manfred Bühler,male,1979-04-10,11,,,"Manfred Bühler (2015, cropped)2.jpg",
Q21294488,Jean-Luc Addor,male,1964-04-22,11,,,Jean-Luc Addor Original.jpg,
Q21294570,Philippe Bauer,male,1962-04-09,11,,,Philippe Bauer (2019).jpg,
Q21294587,Michaël Buffat,male,1979-09-27,11,,,Michaël Buffat.jpg,
Q21294613,Marco Chiesa,male,1974-10-10,11,,,"Marco Chiesa (2018, cropped).jpg",Marco Chiesa
Q21294635,Denis de la Reussille,male,1960-10-24,11,,,Denis de la Reussille (2019).jpg,
Q21294675,Benoît Genecand,male,1964-01-28,11,2021-08-11,11,Benoît Genecand 2015.jpg,Benoît Genecand
Q21294744,Géraldine Marchand-Balet,female,1971-01-18,11,,,Géraldine Marchand-Balet (cropped).jpg,
Q21294778,Jacques Nicolet,male,1965,9,,,Jacques Nicolet.jpg,
Q21294822,Franz Ruppen,male,1971-02-24,11,,,Franz Ruppen (2019).jpg,
Q21294826,Werner Salzmann,male,1962-11-05,11,,,Werner Salzmann (2019).jpg,
Q21294873,Laurent Wehrli,male,1965-06-04,11,,,Laurent Wehrli.jpg,
Q2138047,Regine Aeppli,female,1952-10-05,11,,,,
Q21514758,Christine Schraner Burgener,female,1963-09-25,11,,,Christine Schraner Burgener.jpg,Christine Schraner Burgener
Q21528856,Walter Thurnherr,male,1963-07-11,11,,,Walter Thurnherr (2022).jpg,Walter Thurnherr
Q2167528,Rosmarie Quadranti,female,1957-07-18,11,,,Portrait Nationalrätin Rosmarie Quadranti 2015.tif,
Q21693665,Matthias Jauslin,male,1962-04-20,11,,,Matthias Jauslin (2019).jpg,
Q21694713,Laurence Fehlmann Rielle,female,1955-09-11,11,,,Laurence Fehlmann Rielle (2019).jpg,
Q2174073,Rudolf Weiersmüller,male,1939-08-10,11,2004-12-13,11,,
Q2174654,Ruedi Baumann,male,1947-11-11,11,,,Ruedi Baumann (cropped).jpg,
Q2221105,Sandra Sollberger-Muff,female,1973-10-27,11,,,Sandra Sollberger 2018.jpg,
Q22691968,Pierre-Yves Fux,male,1967-07-02,11,,,,
Q2271524,Sep Cathomas,male,1945-04-02,11,,,Sep Cathomas (2007).jpg,
Q23059252,Priska Seiler Graf,female,1968-08-29,11,,,Priska Seiler Graf (2019).jpg,
Q23059253,Mattea Meyer,female,1987-11-09,11,,,Mattea Meyer (2019).jpg,Mattea Meyer
Q23059257,Regine Sauter,female,1966-04-16,11,,,Regine Sauter (2019).jpg,
Q23060196,Damian Müller,male,1984-10-25,11,,,Damian-müller-portrait.jpg,
Q23060461,Angelo Barrile,male,1976-08-22,11,,,Angelo Barrile (2019).jpg,Angelo Barrile
Q23060463,Jonas Fricker,male,1977-03-30,11,,,Jonas Fricker (cropped).jpg,
Q23060472,Thierry Burkart,male,1975-08-21,11,,,Thierry Burkart (2018).jpg,
Q23060473,Duri Campell,male,1963-04-05,11,,,,
Q23061004,Erich Ettlin,male,1962-05-30,11,,,Erich Ettlin 2013.jpg,
Q23309213,Christian Ferrazino,male,1954,9,,,,
Q23639138,Hermann Hess,male,1951,9,,,,
Q23641707,Jean Spielmann,male,1944-05-27,11,,,,
Q2422004,Thomas Ammann,male,1964-07-13,11,,,Thomas Ammann NR-Kandidat.jpg,
Q2422846,Thomas Böhni,male,1964-12-24,11,,,Thomas Böhni.jpg,
Q2424519,Thomas Hardegger,male,1956-04-02,11,,,Thomas Hardegger.jpg,
Q2425188,Thomas Jordan,male,1963-01-28,11,,,Thomas J. Jordan at the World Economic Forum.jpg,Thomas Jordan (economist)
Q2425986,Thomas Maier,male,1975-08-01,11,,,Thomas Maier glp.jpg,
Q2431095,Tiana Angelina Moser,female,1979-04-06,11,,,Tiana Angelina Moser.jpg,
Q2454519,Trix Heberlein,female,1942-07-17,11,,,Trix Heberlein.jpg,Trix Heberlein
Q24699807,Christelle Luisier Brodard,female,1974-09-27,11,,,,
Q24703491,Michael Künzle,male,1965-03-05,11,,,Portraitfoto M. Künzle.jpg,
Q24703507,Nicolas Walder,male,1966-05-02,11,,,Nicolas Walder (2019).jpg,
Q24706368,Tamara Funiciello,female,1990-03-20,11,,,Tf-2019.jpg,Tamara Funiciello
Q2475778,Ulrich Fischer,male,1940-02-02,11,,,Ulrich Fischer.jpg,
Q2543985,Walter Donzé,male,1946-05-05,11,,,Walter Donzé (2007).jpg,
Q2544304,Walter Frey,male,1943-07-30,11,,,Walter Frey.jpg,
Q2561999,Werner Marti,male,1957-04-20,11,,,NR Werner Marti.jpg,Werner Marti
Q2638946,Albert Vitali,male,1955-06-26,11,2020-06-12,11,Albert Vitali (2019).jpg,Albert Vitali
Q2647135,Aline Trede,female,1983-08-26,11,,,Aline Trede.jpg,
Q275490,Ruth Humbel,female,1957-07-23,11,,,Ruth Humbel Näf.jpg,Ruth Humbel
Q2798507,Roland Fischer,male,1965-04-05,11,,,"Roland Fischer (Swiss politician, 2019).jpg",
Q2830223,Alain Ribaux,male,1962-02-24,11,,,Alain Ribaux.jpg,
Q2850749,Anne-Catherine Menétrey,female,1938-01-29,11,,,Anne-Catherine Menétrey-Savary.jpg,
Q28846129,Hans-Ulrich Bigler,male,1958-04-05,11,,,Hans-Ulrich Bigler.jpg,
Q28859800,Barbara Mühlheim,female,1959-05-07,11,,,,
Q29044353,Giovanni Merlini,male,1962-05-27,11,,,Giovanni Merlini.jpg,
Q2958437,Charles Augsburger,male,1942-08,10,,,,
Q29803308,Simon Stadler,male,1988-05-02,11,,,Simon Stadler.jpg,
Q29870672,Thomas Egger,male,1967-08-15,11,,,"Thomas Egger (Nationalrat, 2017).jpg",
Q30017107,Andri Silberschmidt,male,1994-02-26,11,,,Andri Silberschmidt (2019).jpg,
Q30118138,Pierre Alain Schnegg,male,1966,9,,,,
Q30118254,Samuel Bendahan,male,1980-06-11,11,,,Samuel Bendahan (2019).jpg,
Q3085473,François Nordmann,male,1942-05-13,11,,,"ETH-BIB-François Nordmann, Botschafter in Guatemala-Com LC1500-0735-008-002.tif",
Q3129527,Heinz Brand,male,1955-09-06,11,,,Heinz Brand.jpg,
Q3168266,Jean-Noël Rey,male,1949-12-23,11,2016-01-16,11,Jean-Noël Rey (1990) by Erling Mandelmann.jpg,Jean-Noël Rey
Q3169227,Jean-Pierre Dorand,male,1956,9,,,,
Q3181394,John Dupraz,male,1945-07-08,11,,,John Dupraz.jpg,John Dupraz
Q3259501,Lorenzo Quadri,male,1974-11-05,11,,,Lorenzo Quadri (2019).jpg,
Q3298593,Mathias Reynard,male,1987-09-07,11,,,Mathias Reynard (2019).jpg,
Q3301761,Mauro Poggia,male,1959-04-25,11,,,Mauro Poggia.jpg,Mauro Poggia
Q33314429,Claudio Caratsch,male,1936-04-28,11,2020-04-21,11,,
Q3382756,Pierre-Alain Clément,male,1951-04-21,11,,,Pierre-Alain Clement 2015.jpg,
Q3384428,Pierre Chiffelle,male,1957-03-23,11,,,Pierre Chiffelle.jpg,
Q3386893,Pierre Rusconi,male,1949-12-03,11,,,Pierre Rusconi.jpg,
Q34339136,Sarah Gabi Schönenberger,female,1978-08-13,11,,,,
Q3436801,Roberta Pantani,female,1965-09-19,11,,,Roberta Pantani.jpg,
Q347303,Adalbert Durrer,male,1950-11-17,11,2008-04-19,11,"ETH-BIB-Adalbert Durrer, Regierungsratskandidat Obwalden-Com LC1500-0905-001.tif",
Q353273,Filippo Lombardi,male,1956-05-29,11,,,Filippo Lombardi (2007).jpg,Filippo Lombardi (politician)
Q3565885,Walter Schmied,male,1953-01-09,11,,,Walter Schmied.jpg,
Q3571733,Yannick Buttet,male,1977-07-12,11,,,Yannick Buttet (2016).jpg,
Q358447,Luc Recordon,male,1955-09-20,11,,,Luc Recordon (2007).jpg,Luc Recordon
Q374396,This Jenny,male,1952-05-04,11,2014-11-15,11,This Jenny (2007).jpg,
Q375806,Adriano Imfeld,male,1954-12-04,11,,,Adriano Imfeld.jpg,
Q380063,Johann Schneider-Ammann,male,1952-02-18,11,,,Johann Schneider-Ammann 2011.jpg,Johann Schneider-Ammann
Q402548,Marianne Streiff-Feller,female,1957-08-17,11,,,Marianne Streiff 2019.jpg,Marianne Streiff-Feller
Q40643979,Hansjörg Brunner,male,1966-11-23,11,,,,
Q41230314,Rocco Cattaneo,male,1958-12-06,11,,,Rocco Cattaneo (2019).jpg,
Q422099,Margret Kiener Nellen,female,1953-04-17,11,,,Margret Kiener Nellen (2007).jpg,
Q45812562,Brigitte Crottaz,female,1957-10-06,11,,,Brigitte Crottaz Original.jpg,
Q46351629,Benjamin Roduit,male,1962-11-22,11,,,Benjamin Roduit (2019).jpg,
Q464007,Ruth Metzler,female,1964-05-23,11,,,Portrait Ruth Metzler-Arnold.jpg,Ruth Metzler
Q466874,Corina Casanova,female,1956-01-04,11,,,Corina Casanova 2011.jpg,Corina Casanova
Q468835,Chiara Simoneschi-Cortesi,female,1946-04-21,11,,,"Chiara Simoneschi-Cortesi, NRP, cropped.jpg",Chiara Simoneschi-Cortesi
Q47980874,Jean-François Paroz,male,1960,9,,,,Jean-François Paroz
Q49316204,Marianne Maret,female,1958-06-15,11,,,Marianne Maret (2019).jpg,
Q493598,Andrea Caroni,male,1980-04-19,11,,,Andrea Caroni Original.jpg,
Q496410,Andreas Brönnimann,male,1955-03-27,11,,,Andreas Broennimann.jpg,
Q497462,Andreas Glarner,male,1962-10-09,11,,,Andreas Glarner 2019.jpg,
Q50353755,Michael Töngi,male,1967-03,10,,,Michael Töngi Original.jpg,
Q50424583,Nicolo Paganini,male,1966-06-08,11,,,Nicolo Paganini (2019).jpg,
Q518149,André Daguet,male,1947-06-01,11,2015-04-30,11,"André Daguet (Nationalrat, 2007).jpg",
Q52380346,Alexandre de Senarclens,male,1975-06-04,11,,,,
Q52442637,Céline Vara,female,1984-10-04,11,,,Céline Vara 2019.jpg,Céline Vara
Q528262,Sylvia Flückiger-Bäni,female,1952-06-01,11,,,Sylvia Flückiger-Bäni.jpg,Sylvia Flückiger-Bäni
Q54025416,Carole Anne Kast,female,1974,9,,,C.-A Kast.webp,
Q542575,Doris Fiala,female,1957-01-29,11,,,Doris Fiala (2015).jpg,
Q549875,Anita Lachenmeier-Thüring,female,1959-10-16,11,,,Anita lachenmeier.jpg,
Q55595492,Ana Roch,female,1973,9,,,,
Q55669433,Adrian Wüthrich,male,1980-05-07,11,,,,
Q57909196,Muriel Favre-Torelloz,female,1963,9,,,Muriel Favre-Torelloz.jpg,
Q58280,Didier Burkhalter,male,1960-04-17,11,,,Didier Burkhalter 2011.jpg,Didier Burkhalter
Q58894782,Daniel Frei,male,1979-02-05,11,,,Daniel Frei 2015 Ausschnitt.jpg,
Q59140652,Corina Gredig,female,1987-09-08,11,,,"Corina Gredig, 2018 (cropped).jpg",
Q59615268,Samira Marti,female,1994-01-23,11,,,Samira Marti (2018).jpg,Samira Marti
Q60485089,Philipp Matthias Bregy,male,1978-07-07,11,,,Philipp Matthias Bregy (2019).jpg,
Q605874,Kaspar Villiger,male,1941-02-05,11,,,Kaspar Villiger 2002.jpg,Kaspar Villiger
Q60632892,Valentin Zellweger,male,1962,9,,,Ambassadors’ Roundtable on Investing in the SDGs (44841160144).jpg,
Q61196213,Benjamin Giezendanner,male,1982-04,10,,,Benjamin Giezendanner (2019).jpg,
Q61596185,Gabriela Suter,female,1972-12-12,11,,,Gabriela Suter (2019).jpg,
Q61596208,Pia Hollenstein,female,1950-09-13,11,,,,
Q61708598,Susanne Vincenz-Stauffacher,female,1967-01-21,11,,,Susanne Vincenz-Stauffacher (2019).jpg,
Q617120,Pankraz Freitag,male,1952-12-12,11,2013-10-05,11,Pankrazfreitag wikibild.jpg,
Q61807649,Kilian Baumann,male,1980-12-14,11,,,Kilian Baumann.jpg,
Q62019246,Erich Müller,male,1938-04-01,11,2019-02-28,11,,
Q62590173,Franziska Roth,female,1966-04-17,11,,,Franziska Roth (2019).jpg,
Q62606925,Daniel Wyrsch,male,1963-05-18,11,,,,
Q63449,Urs Gasche,male,1955-03-15,11,,,Urs Gasche.jpg,
Q63453,Ursula Wyss,female,1973-02-08,11,,,Ursula Wyss 2.jpg,Ursula Wyss
Q63686528,Nicolas Rochat Fernandez,male,1982-12-09,11,,,Nicolas Rochat Fernandez.jpg,
Q6373721,Verena Herzog,female,1956-02-07,11,,,Verena Herzog 2019.jpg,
Q64617510,Martin Haab,male,1962-05-03,11,,,Martin Haab.jpg,
Q6469306,Claudia Friedl,female,1960-07-19,11,,,Claudia Friedl (2019).jpg,
Q6484053,Verena Hubmann,female,1944-05-15,11,,,Vreni Hubmann.jpg,
Q65966461,Felix Wettstein,male,1958,9,,,Felix Wettstein.png,
Q66500771,Therese Schläpfer,female,1959-04-14,11,,,Therese Schläpfer.jpg,
Q66547307,Barbara Schaffner,female,1968-07-28,11,,,Portrait Barbara Schaffner.jpg,
Q66788376,Remo Gysin,male,1945-02-04,11,,,Remo Gysin - ETH-Bibliothek Com LC1500-0690-001.tif,
Q67135643,Thomas Süssli,male,1966-09-24,11,,,Brigadier Thomas Süssli.jpg,Thomas Süssli
Q677663,Ricardo Lumengo,male,1962-02-22,11,,,Ricardo Lumengo.jpg,Ricardo Lumengo
Q677774,Toni Bortoluzzi,male,1947-02-16,11,,,Toni Bortoluzzi (2007).jpg,
Q677887,Jean-Philippe Maitre,male,1949-06-18,11,2006-02-01,11,Jean-Philippe Maitre.jpg,Jean-Philippe Maitre
Q67942617,Marionna Schlatter,female,1980,9,,,Marionna Schlatter (2019).jpg,Marionna Schlatter
Q690192,Giuliano Bignasca,male,1945-04-10,11,2013-03-07,11,Giuliano Bignasca 1995.jpg,Giuliano Bignasca
Q690939,Carlo Schmid,male,1950-03-11,11,,,"ETH-BIB-Carlo Schmid, Standeskommission Kanton Appenzell-Com LC1500-0983-001.tif",Carlo Schmid-Sutter
Q693281,Fritz Schiesser,male,1954-04-23,11,,,Fritz Schiesser.jpg,Fritz Schiesser
Q693305,Ruedi Noser,male,1961-04-14,11,,,"Ruedi Noser (2015, cropped).jpg",Ruedi Noser
Q693332,Ivo Bischofberger,male,1958-02-24,11,,,Ivo Bischofberger (2007).jpg,Ivo Bischofberger
Q69974966,Martin Haas,male,1935-05-18,11,2019-10-13,11,Com LC1501-00H-017-001.tif,
Q71716789,Christine Badertscher,female,1982-11-01,11,,,Christine Badertscher (2019).jpg,
Q71782088,Simone de Montmollin,female,1968-07-20,11,,,Simone de Montmollin (2019).jpg,Simone de Montmollin
Q71788578,Christophe Clivaz,male,1969-01-07,11,,,Christophe Clivaz (2019).jpg,
Q71792676,Delphine Klopfenstein Broggini,female,1976,9,,,Delphine Klopfenstein Broggini (2019).jpg,
Q71794148,Sidney Kamerzin,male,1975-03-19,11,,,Sidney Kamerzin (2019).jpg,
Q71795735,Léonore Porchet,female,1989-07-09,11,,,Léonore Porchet (2019).jpg,Léonore Porchet
Q71799433,Christian Dandrès,male,1981-02-13,11,,,Christian Dandrès (2019).jpg,
Q71800029,Vincent Maitre,male,1981-01-12,11,,,Vincent Maitre (2019).jpg,
Q71800926,Michel Matter,male,1964-12-31,11,,,Michel Matter (2019).jpg,
Q71813085,Sophie Michaud Gigon,female,1975-01-20,11,,,Sophie Michaud Gigon (2019).jpg,Sophie Michaud Gigon
Q71813104,Marie-France Roth Pasquier,female,1968-04-25,11,,,Marie-France Roth Pasquier.jpg,
Q71815070,François Pointet,male,1969-06-25,11,,,François Pointet (2019).jpg,
Q71822599,Baptiste Hurni,male,1986-04-04,11,,,Baptiste Hurni (2019).jpg,
Q71822625,Fabien Fivaz,male,1978-02-25,11,,,Fabien Fivaz (2019).jpg,
Q71825194,Damien Cottier,male,1975-04-03,11,,,Damien Cottier (2019).jpg,
Q71860572,Mathias Zopfi,male,1983-12-14,11,,,Mathias Zopfi.jpg,
Q71934847,Martina Bircher,female,1984-04-13,11,,,Martina Bircher.jpg,
Q71957069,Franziska Ryser,female,1991-09-22,11,,,Franziska Ryser (2019).jpg,Franziska Ryser
Q71974203,Meret Schneider,female,1992,9,,,Meret Schneider (2019).jpg,
Q71977592,Kurt Egger,male,1956,9,,,KurtEgger.png,
Q72012369,Gerhard Andrey,male,1976-01-21,11,,,Gerhard Andrey (2019).jpg,
Q72063373,Stéfanie Prezioso,female,1969-01-25,11,,,Stéfanie Prezioso (2019).jpg,
Q72089261,Céline Widmer,female,1978-05-26,11,,,Céline Widmer (2019).jpg,
Q72102985,Sandra Locher Benguerel,female,1975-09-16,11,,,Sandra Locher Benguerel.jpg,
Q72112238,Greta Gysin,female,1983-10-06,11,,,Greta Gysin.jpg,
Q72154488,Jörg Mäder,male,1975-07-20,11,,,Jörg Mäder (2019).jpg,
Q72553954,Johanna Gapany,female,1988-07-25,11,,,Johanna Gapany (2019).jpg,Johanna Gapany
Q73417223,Esther Friedli,female,1977-06-04,11,,,Esther Friedli (2019).jpg,
Q73746500,Monika Rüegger,female,1968-03-25,11,,,Monika Rüegger-Hurschler.jpg,
Q73883,Christian Wasserfallen,male,1981-06-30,11,,,Christian Wasserfallen (2019).jpg,
Q73904977,Anna Giacometti,female,1961-09,10,,,Anna Giacometti (2019).jpg,
Q74144,Alexander Tschäppät,male,1952-04-16,11,2018-05-04,11,Alexander Tschäppät.jpg,Alexander Tschäppät
Q74410576,Valentine Python,female,1975-06,10,,,Valentine Python (2019).jpg,Valentine Python
Q74429417,Isabelle Pasquier,female,1973-03-17,11,,,Isabelle Pasquier (2019).jpg,
Q74519,Jürg Grossen,male,1969-08-24,11,,,GrossenJuergHintergrund-1187.jpg,Jürg Grossen
Q74657043,Judith Bellaïche,female,1971-02-02,11,,,Judith Bellaïche (2019).jpg,
Q74657073,Melanie Mettler,female,1977-12-03,11,,,Melanie Mettler.jpg,
Q75758638,Robert Keller,male,1938-11-09,11,,,,
Q758134,Attilio Bignasca,male,1943-11-01,11,2020-03-29,11,Attilio Bignasca (2007).jpg,Attilio Bignasca
Q76435729,Florence Brenzikofer,female,1975,9,,,Florence Brenzikofer (2019).jpg,
Q76468675,Stefanie Heimgartner,female,1987-04-25,11,,,Stefanie Heimgartner.jpg,
Q76891689,Jean-Pierre Gallati,male,1966-08-24,11,,,Jean-Pierre Gallati (2019).jpg,
Q77073222,Manuel Strupler,male,1980-04-12,11,,,Manuel Strupler.jpg,
Q77073224,Alex Farinelli,male,1981-12-16,11,,,Alex Farinelli (2019).jpg,
Q77073229,Bruno Storni,male,1954-08-17,11,,,Bruno Storni (2019).jpg,
Q77073233,Piero Marchesi,male,1981-09-19,11,,,"Piero Marchesi (2019, cropped).jpg",
Q77073241,Thomas Brunner,male,1960-07-25,11,,,Thomas Brunner (Politiker) Original.jpg,
Q77074759,Andreas Gafner,male,1971-03-31,11,,,Andreas Gafner (2019).jpg,
Q77074847,Lars Guggisberg,male,1977-07-19,11,,,Lars Guggisberg.jpg,
Q77074962,Katja Christ,female,1972-08-01,11,,,Katja Christ (2019).jpg,
Q77074965,Thomas Rechsteiner,male,1971-11-14,11,,,Thomas Rechsteiner (2019).jpg,
Q77074968,Maja Riniker,female,1978-05-23,11,,,Maja Riniker (2019).jpg,
Q805606,Balthasar Glättli,male,1972-02-12,11,,,Balthasar Glättli 2020.jpg,Balthasar Glättli
Q813059,Beat Flach,male,1965-01-21,11,,,Beat Flach (2019).jpg,
Q813067,Beat Jans,male,1964-07-12,11,,,Beat Jans 2019.jpg,Beat Jans
Q817011,Benedikt Würth,male,1968-01-20,11,,,Benedikt Würth.jpg,
Q817029,Benedikt von Tscharner,male,1937-07-18,11,2019-11-12,11,,Benedict de Tscharner
Q81967,Lorenz Hess,male,1961-06-28,11,,,Lorenz Hess 2019.jpg,
Q81968,Corrado Pardini,male,1965-06-19,11,,,Corrado Pardini.jpg,
Q825146,Bernhard Guhl,male,1972-06-10,11,,,Bernhard Guhl.jpg,
Q867613,Nadine Masshardt,female,1984-10-04,11,,,Nadine Masshardt.jpg,
Q86914282,Alois Huber,male,1962-11-21,11,,,"Alois Huber (2019, cropped).jpg",
Q870066,Peter Spuhler,male,1959-01-09,11,,,"Peter Spuhler, 2007.jpg",Peter Spuhler
Q916004,Brigitta Gadient,female,1960-03-14,11,,,Brigitta Gadient (2007).jpg,
Q93495767,Käthi Bangerter,female,1937-07-13,11,,,Käthi Bangerter.jpg,
Q94122602,Marie Barbey-Chappuis,female,1981-05-14,11,,,220426 marie-barbey-chappuis 13.jpg,
Q96396900,Bruno Spinner,male,1948-01-09,11,2009-07-25,11,,
Q96944156,Anton Thalmann,male,1948-05-28,11,,,,
Q99214371,Hansueli Raggenbass,male,,,,,,
