id,name,gender,dob,dobp,dod,dodp,image,enwiki
Q100156038,Alcira Figueroa,female,,,,,Alcira Elsa Figueroa.png,
Q101210427,Patricia Mounier,female,1963-08-06,11,,,Patricia Mounier.jpg,
Q101413635,María Luján Rey,female,1969-08-04,11,,,María Luján Rey.png,
Q102347072,Soher El Sukaria,female,1975-05-16,11,,,Soher El Sukaria.png,Soher El Sukaria
Q104234791,Emiliano Estrada,male,,,,,Emiliano Rafael Estrada.jpg,
Q1042890,Carlos Espínola,male,1971-10-05,11,,,Carlos Mauricio Espínola.jpg,Carlos Espínola (sailor)
Q104414846,Gustavo Hein,male,1972,9,,,Gustavo René Hein.png,Gustavo Hein
Q104419733,Dina Rezinovsky,female,1987-01-29,11,,,Dina Esther Rezinovsky.png,Dina Rezinovsky
Q104433320,Ignacio Agustín Torres,male,1988-05-04,11,,,Ignacio Agustín Torres.png,Ignacio Torres (politician)
Q104696491,Pablo Daniel Blanco,male,,,,,Pablo Daniel Blanco.png,
Q104760474,Daniela Vilar,female,1984,9,,,Daniela Marina Vilar.png,Daniela Vilar
Q104901318,Julio Ferreyra,male,1942,9,,,Julio Ferreyra - Diputado.png,Julio Ferreyra
Q104906639,Alejandro Cacace,male,,,,,Alejandro Cacace.png,
Q105081696,Héctor Polino,male,1933-02-14,11,2022-09-18,11,Héctor Polino.jpg,Héctor Polino
Q105681968,Adriana Cáceres,female,1982,9,,,Adriana Cintia Cáceres.png,Adriana Cáceres
Q105758004,Rossana Chahla,female,,,,,Rossana Chahla.png,
Q105902993,Carolina Losada,female,1971-12-16,11,,,Carolina Losada - Te cuento al mediodia (cropped).jpg,Carolina Losada
Q105969717,Martín Soria,male,1975-12-15,11,,,Ministro Martín Soria 2021.jpg,Martín Soria
Q106674728,Alexis Guerrera,male,1971-02-02,11,,,Ministro Alexis Raúl Guerrera (2021).jpg,Alexis Guerrera
Q106686072,Felipe Alvarez,male,1980,9,,,Diego Felipe Álvarez.png,
Q107209202,Victoria Tolosa Paz,female,1973-06-24,11,,,Victoria Tolosa Paz HCDN.png,Victoria Tolosa Paz
Q107493370,Luis Ilarregui,male,1955,9,,,Luis Alfredo Ilarregui.jpg,
Q107646264,Carolina Yutrovic,female,1964-09-12,11,,,Inés Carolina Yutrovic.png,Carolina Yutrovic
Q107674589,Mónica Litza,female,,,,,Mónica Edith Litza.png,Mónica Litza
Q107719053,Gabriela Estévez,female,1978-02-11,11,,,Gabriela Beatriz Estévez.png,Gabriela Estévez
Q107736916,Enrique Estévez,male,1983-07-12,11,,,Enrique Eloy Estevez.jpg,Enrique Estévez
Q107746592,Carlos Gutiérrez,male,1953-10-27,11,,,Carlos Mario Gutiérrez.png,Carlos Gutiérrez (Argentine politician)
Q107802947,Nicolás Rodríguez Saá,male,1984-05-10,11,,,Nicolás Marcelo Rodríguez Saa.png,Nicolás Rodríguez Saá
Q108013737,Maximiliano Gabriel Gregorio Cernadas,male,1960-03-17,11,,,,
Q108028101,Federico Frigerio,male,1987-04-05,11,,,DSC 0121-2 (2).jpg,Federico Frigerio
Q108101212,Francisco Guevara,male,1992-03-18,11,,,Francisco Alejandro Guevara Olivera.png,Francisco Guevara
Q108165085,Carlos Zapata,male,1957-01-30,11,,,CarlosZapata2020.jpg,
Q108261189,Jorge Sarghini,male,1953-06-11,11,,,Jorge Emilio Sarghini.png,Jorge Sarghini
Q108299590,Dante López Rodríguez,male,1969-12-13,11,,,Dante Edgardo López Rodríguez.png,Dante López Rodríguez
Q108305550,Aldo Leiva,male,1963-01-10,11,,,Aldo Adolfo Leiva.png,Aldo Leiva
Q108322391,Nancy Aracely Sand Giorasi,female,1964-01-04,11,,,Nancy Sand.png,Nancy Sand
Q108324373,María Rosa Martínez,female,1955-09-29,11,,,María Rosa Martínez.png,María Rosa Martínez
Q108373971,Susana Graciela Landriscini,female,1952-05-16,11,,,Susana Graciela Landriscini.png,Graciela Landriscini
Q108377000,Luis Di Giacomo,male,1954-04-29,11,,,Luis Di Giácomo.png,Luis Di Giacomo
Q108386730,Martín Berhongaray,male,1978-03-06,11,,,Martín Antonio Berhongaray.png,Martín Berhongaray
Q108401294,Liliana Patricia Yambrún,female,1957-10-13,11,,,Liliana Patricia Yambrun.png,Liliana Yambrún
Q108425883,Eduardo Gabriel Fernández,male,1952-06-09,11,,,Eduardo Gabriel Fernández.png,Eduardo Fernández (Argentine politician)
Q108426848,María Dolores Martínez,female,1978-05-16,11,,,María Dolores Martínez.png,Dolores Martínez
Q108438078,Alejandra Vucasovich,female,1958-01-28,11,,,María Alejandra Vucasovich.png,
Q108468366,Hernan Patino Mayer,male,1947-12-03,11,,,,
Q108468800,María Noemí Sosa,female,1950,9,,,,
Q108540459,Álvaro de Lamadrid,male,1972-02-05,11,,,Álvaro Héctor de Lamadrid.png,
Q108540628,Ricardo Antonio Guerra,male,1959-06-13,11,,,Ricardo Antonio Guerra senador.png,
Q108540638,Stella Maris Olalla,female,1943-03-07,11,,,Stella Maris Olalla.png,
Q108540647,María Eugenia Duré,female,1980-03-17,11,,,María Eugenia Duré.png,María Eugenia Duré
Q108557748,Pamela Calletti,female,,,,,Calletti.png,
Q108578670,Jaime Perczyk,male,1964,9,,,Jaime Perczyk (cropped).jpg,Jaime Perczyk
Q108611599,Osvaldo Jaldo,male,1958-04-19,11,,,Osvaldo Jaldo.jpg,
Q109950773,Leila Chaher,female,,,,,,
Q110010013,Javier Figueroa,male,1962-05-10,11,,,,
Q110050625,Martín Tetaz,male,1974-12-20,11,,,Martín Alberto Tetaz.png,Martín Tetaz
Q110058594,Dionisio Scarpín,male,1972-05-24,11,,,Dionisio Scarpín.gif,
Q110062469,Carlos Alberto Linares,male,1961-10-03,11,,,Carlos Linares.png,
Q110070958,Flavio Sergio Fama,male,,,,,Flavio Sergio Fama.gif,
Q110071083,Guillermo Eduardo Andrada,male,,,,,Guillermo Eduardo Andrada.gif,
Q110071139,Antonio José Rodas,male,1961-04-06,11,,,Antonio José Rodas.png,
Q110071179,Víctor Zimmermann,male,,,,,Victor Zimmermann.png,
Q110071482,Edith Terenzi,female,1959-06-07,11,,,Edith Terenzi.png,
Q110071905,Carmen Álvarez Rivero,female,1965-07-28,11,,,Carmen Álvarez Rivero.png,
Q110072156,Mercedes Gabriela Valenzuela,female,,,,,Mercedes Valenzuela.png,
Q110072258,Edgardo Darío Kueider,male,,,,,Edgardo Darío Kueider.png,
Q110072488,Daniel Pablo Bensusán,male,,,,,,
Q110072511,María Victoria Huala,female,,,,,María Victoria Huala.png,
Q110073249,Gabriela González Riollo,female,,,,,Gabriela González Riollo.gif,
Q110073537,Marcelo Néstor Lewandowski,male,,,,,Marcelo Lewandowski.png,
Q110073872,Sandra Mariela Mendoza,female,,,,,Sandra Mariela Mendoza.png,
Q110101993,Silvia Sayago,female,1955-03-02,11,2021-12-12,11,Silvia Sayago.png,Silvia Sayago
Q110104134,Daniel Agustín Brué,male,,,,,Daniel Agustín Brué.png,
Q110112123,Paola Vessvessian,female,1971-03-19,11,,,Marcela Paola Vessvessian.png,Paola Vessvessian
Q110164788,Natalia Zaracho,female,1989-07-05,11,,,Natalia Zaracho.png,Natalia Zaracho
Q110191758,Ricardo Daniel Daives,male,,,,,Ricardo Daniel Daives.png,
Q110219598,Diego Sartori,male,1959-01-08,11,,,Diego Horacio Sartori.png,Diego Sartori
Q110249925,Gabriela Brouwer de Koning,female,1980-12-17,11,,,Gabriela Brouwer.jpg,
Q110323995,Alicia Tate,female,1946-03-02,11,,,Alicia Tate.jpg,
Q110324077,Daniel Carbonetto,male,1947,9,2015-03-04,11,Daniel Carbonetto.jpg,
Q110389891,Carlos Alberto Fernández,male,1957-02-05,11,,,Carlos Alberto Fernández (diputado de Misiones).png,
Q110459291,Constanza Alonso,female,1986-02-02,11,,,Constanza María Alonso.png,Constanza Alonso
Q110561315,Paula Omodeo,female,1986-08-19,11,,,Paula Omodeo.png,
Q110727342,Federico Angelini,male,1977-02-19,11,,,Federico Angelini.png,
Q110799631,Mónica Urquiza,female,1965-05-05,11,,,,Mónica Urquiza
Q110822156,María Luisa Montoto,female,1952-03-28,11,,,María Luisa Montoto de Rogel.png,María Luisa Montoto
Q110933584,Germán Martínez,male,1975-02-22,11,,,Germán Pedro Martínez.png,Germán Martínez (Argentine politician)
Q111424753,Bernardo José Herrera,male,,,,,Bernardo José Herrera.png,
Q111476790,José Luis Moretti,male,,,,,José Luis Moretti.jpg,
Q111478730,Adriana Noemí Ruarte,,,,,,,
Q111478733,Alejandro Daniel Bermejo,,,,,,,
Q111478734,Ayelén Spósito,,,,,,,
Q111478736,Carlos Alberto Vivero,,,,,,,
Q111478738,Carlos Aníbal Cisneros,,,,,,,
Q111478740,Carlos Ramiro Gutiérrez,,,,,,,
Q111478741,Carlos Ybrhain Ponce,,,,,,,
Q111478743,Claudia Beatriz Ormachea,,,,,,,
Q111478745,Claudia Gabriela Márquez,,,,,,,
Q111478747,Domingo Luis Amaya,,,,,,,
Q111478749,Esteban Mateo Bogdanich,male,,,,,,
Q111478751,Estela Beatriz Hernández,,,,,,,
Q111478752,Florencia Lampreabe,,,,,,,
Q111478754,Francisco Sánchez,,,,,,,
Q111478756,Gabriela Mabel Lena,,,,,,,
Q111478757,Gerardo Cipolini,,,,,,,
Q111478761,Guillermo Oscar Carnaghi,,,,,,,
Q111478763,Hernán Pérez Araujo,,,,,,,
Q111478765,Héctor Orlando Bárbaro,,,,,,,
Q111478767,Héctor Oscar Fernández,,,,,,,
Q111478768,Ingrid Jetter,,,,,,,
Q111478770,Jimena Hebe Latorre,,,,,,,
Q111478772,Jorge Guillermo Verón,,,,,,,
Q111478774,Jorge Raúl Rizzotti,,,,,,,
Q111478775,Jorge Vara,,,,,,,
Q111478777,Juan Martín,,,,,,,
Q111478779,Laura Carolina Castets,,,,,,,
Q111478781,Lidia Inés Ascárate,,,,,,,
Q111478782,Lisandro Bormioli,,,,,,,
Q111478784,Marcelo Koenig,,,,,,,
Q111478786,Mariana Stilman,,,,,,,
Q111478788,Mario Alberto Leito,,,,,,,
Q111478789,Marisa Lourdes Uceda,,,,,,,
Q111478791,María Graciela Parola,,,,,,,
Q111478793,María Jimena López,,,,,,,
Q111478794,María de las Mercedes Joury,,,,,,,
Q111478795,Mónica Edith Frade,,,,,,,
Q111478796,Nelly Ramona Daldovo,,,,,,,
Q111478797,Pedro Cristian Dantas,,,,,,,
Q111478798,Sebastián García de Luca,male,,,,,,
Q111478799,Romina Maricel Uhrig,female,1988-01-27,11,,,Romina Maricel Uhrig.png,Romina Uhrig
Q111478800,Rubén Manzi,,,,,,,
Q111478801,Sebastián Nicolás Salvador,,,,,,,
Q111478802,Víctor Hugo Romero,,,,,,,
Q111478803,Ximena García,,,,,,,
Q111481637,Agustina Lucrecia Propato,,,,,,,
Q111481638,Agustín Domingo,,,,,,,
Q111481639,Agustín Fernández,,,,,,,
Q111481640,Ana Clara Romero,,,,,,,
Q111481641,Anahí Costa,,,,,,,
Q111481643,Aníbal Tortoriello,,,,,,,
Q111481644,Brenda Vargas Matyi,,,,,,,
Q111481645,Claudio Orlando Vidal,,,,,,,
Q111481646,Danya Tavela,,,,,,,
Q111481647,Eber Albano Pérez Plaza,,,,,,,
Q111481648,Fabián Antonio Borda,,,,,,,
Q111481649,Fernando Carbajal,male,,,,,FernandoCarabajal.png,
Q111481650,Florencia Naiara Klipauka Lewtak,,,,,,,
Q111481651,Francisco Manuel Monti,,,,,,,
Q111481652,Gabriel Felipe Chumpitaz,male,,,,,Gabriel Chumpitaz Diputado.jpg,
Q111481653,Gabriela Gisel Besana,,,,,,Gabriela Besana.png,
Q111481654,Gabriela Pedrali,,,,,,,
Q111481655,Germana María Figueroa Casas,,,,,,,
Q111481656,Gustavo Bouhid,,,,,,,
Q111481657,Gustavo Carlos Miguel González,,,,,,,
Q111481658,Ignacio Jorge García Aresca,,,,,,,
Q111481660,Jorge Ricardo Herrera,,,,,,,
Q111481661,Juan Carlos Polini,,,,,,,
Q111481662,Karina Ethel Bachey,,,,,,,
Q111481663,Lisandro Nieri,,,,,,,
Q111481664,Lucio Yapor,,,,,,,
Q111481665,Magalí Mastaler,,,,,,,
Q111481666,Manuel Ignacio Aguirre,,,,,,,
Q111481667,Marcela Antola,,,,,,,
Q111481668,Marcela Inés Coli,,,,,,,
Q111481669,Marcos Gustavo Carasso,,,,,,,
Q111481670,Marilú Quiroz,,,,,,,
Q111481671,Martín Arjol,,,,,,,
Q111481672,María Eugenia Alianello,,,,,,,
Q111481673,María José Zanglá Urteaga,,,,,,,
Q111481674,María Liliana Paponet,,,,,,,
Q111481675,María Luisa Chomiak,,,,,,,
Q111481676,María Sotolano,,,,,,,
Q111481677,María Victoria Borrego,,,,,,,
Q111481678,María Victoria Tejeda,,,,,,,
Q111481679,Matías Taccetta,,,,,,,
Q111481680,Natalia Marcela Souto,female,,,,,,
Q111481681,Natalia de la Sota,female,,,,,,
Q111481682,Nilda Moyano,female,,,,,,
Q111481683,Pablo Cervi,male,,,,,,
Q111481684,Pedro Jorge Galimberti,,,,,,,
Q111481685,Roberto Antonio Sánchez,,,,,,,
Q111481686,Rogelio Iparraguirre,,,,,,,
Q111481688,Sabrina Ajmechet,,,,,,,
Q111481689,Sergio Omar Palazzo,,,,,,,
Q111481690,Susana Alicia Laciar,,,,,,,
Q111481691,Tanya Yanet Bertoldi,,,,,,,
Q111481692,Tomás Ledesma,,,,,,,
Q111481693,Varinia Lis Marín,,,,,,,
Q111481694,Álvaro Fernando Martínez,,,,,,,
Q111481948,Eduardo Toniolli,,,,,,Eduardo Toniolli.png,
Q111492729,José María Torello,male,1960-02-19,11,,,,José Torello
Q111493090,Guillermo Pereda,male,1964-01-11,11,,,,
Q11184187,Rogelio Frigerio,male,1970-01-07,11,,,Rogelio Frigerio (cropped).jpg,Rogelio Frigerio
Q114580430,Kelly Olmos,female,1952-12-12,11,,,AFMINISTRAS5 (cropped).jpg,Kelly Olmos
Q114582959,Ayelén Mazzina,female,1989-09-07,11,,,Mazzina (cropped).jpg,Ayelén Mazzina
Q114828877,Micaela Moran,,,,,,,
Q115009397,Santiago Maggiotti,male,1974,9,,,,
Q115009491,Flavia Royón,female,,,,,,
Q1160834,Daniel Giacomino,male,1964-06-28,11,,,Daniel Giacomino.jpg,Daniel Giacomino
Q1162679,Daniel Scioli,male,1957-01-13,11,,,Daniel Scioli October 2015.jpg,Daniel Scioli
Q11682640,Hugo Yasky,male,1949,9,,,Hugo Yasky.jpg,Hugo Yasky
Q11682645,Humberto Schiavoni,male,1958-07-10,11,,,Humberto Schiavoni.jpg,Humberto Schiavoni
Q12164058,Eduardo de Pedro,male,1976-11-11,11,,,De Pedro.jpg,Eduardo de Pedro
Q12201446,Rubén Américo Martí,male,1941-03-27,11,2013-04-21,11,,
Q1261399,Ricardo Alfonsín,male,1951-11-02,11,,,Ricardo Alfonsín.jpg,Ricardo Alfonsín
Q1263181,Hernán Lorenzino,male,1972-03-05,11,,,HernanLorenzino.jpg,Hernán Lorenzino
Q1280001,Luis Juez,male,1963-09-13,11,,,Luis Juez 2011-06-22.jpg,Luis Juez
Q1403237,Felipe Solá,male,1950-07-23,11,,,Felipe Solá 2019.jpg,Felipe Solá
Q15192668,Pablo Sebastián López,male,1975-11-08,11,,,Pablo Sebastián López.jpg,Pablo Sebastián López
Q1524240,Gildo Insfrán,male,1951-01-19,11,,,Gildo Insfran.jpg,Gildo Insfrán
Q15260378,Carlos Casamiquela,male,1948-06-09,11,2020-09-12,11,Carlos Casamiquela.jpg,Carlos Casamiquela
Q1566440,Fabián Ríos,male,1964-02-08,11,2022-10-03,11,Roberto Fabián Ríos.jpg,Fabián Ríos (politician)
Q15702157,Nicolás del Caño,male,1980-02-06,11,,,Sesión 13-06-2018 Diputado Nicolas Del Caño.jpg,Nicolás del Caño
Q15714675,Cristian Ritondo,male,1966-07-27,11,,,Cristian Ritondo.jpg,Cristian Ritondo
Q15714680,Pablo Kosiner,male,1964,9,,,Pablo Francisco Juan Kosiner.png,
Q15719117,Máximo Kirchner,male,1977-02-16,11,,,Sesión 13-06-2018 Diputado Maximo Kirchner (cropped).jpg,Máximo Kirchner
Q1588965,Julio Alak,male,1958-01-09,11,,,Julio Alak 2021.jpg,Julio Alak
Q16142825,Norma Abdala de Matarazzo,female,1948-04-13,11,,,Nabdala.jpg,Norma Abdala de Matarazzo
Q16198916,Fernando Espinoza,male,1968-12-30,11,,,Espinoza en 2018 (cropped).jpg,Fernando Espinoza (politician)
Q16297772,Claudia Alicia Bernazza,female,1960-06-12,11,,,Claudia Alicia Bernazza.png,Claudia Bernazza
Q16297791,Rosana Bertone,female,1972-05-09,11,,,Rbertone.jpg,Rosana Bertone
Q16298048,Mario Callejo,male,1951-08-17,11,,,Callejo.jpg,
Q16298697,Patricia de Ferrari,female,1958-05-09,11,,,,
Q16299011,Gastón Erice,male,1955-07-19,11,,,Erice Gastón.png,
Q16300508,Germán Garavano,male,1969-10-23,11,,,German-garavano.jpg,Germán Garavano
Q16300546,Claudia Ledesma Abdala de Zamora,female,1974-09-14,11,,,Claudia Ledesma Abdala 24-06-2021 cropped.png,Claudia Ledesma Abdala
Q16300569,Sandra Giménez,female,1967-09-02,11,,,Sandra Gimenez.png,Sandra Giménez
Q16300843,Héctor María Gutiérrez,male,1953-04-09,11,,,,
Q16300926,Josefina González,female,1976-02-17,11,,,Josefina Victoria González.png,Josefina González
Q16301016,Facundo Manes,male,1969-01-11,11,,,Facundo Manes - La Neurociencia de la Creatividad - (27411957132) (cropped).jpg,
Q16301366,Magdalena Odarda,female,1965-12-28,11,,,MagdalenaOdarda.jpg,Magdalena Odarda
Q16301521,César Milani,male,1954-11-30,11,,,MilaniEA.jpg,
Q16301672,Mario Negri,male,1954-06-02,11,,,Mnegri medium.jpg,Mario Negri
Q16301760,Silvia Risko,female,1966-04-06,11,,,Silvia L Risko.png,
Q16302129,Federico Sturzenegger,male,1966-02-11,11,,,Federico Sturzenegger.JPG,Federico Sturzenegger
Q16302727,Rodolfo Urtubey,male,1959-03-27,11,,,Urtubey.png,
Q16566094,Facundo Moyano,male,1984-12-25,11,,,Facundo Moyano en la Cámara de Diputados de la República Argentina.jpg,Facundo Moyano
Q16582151,Jorge Enríquez,male,1947-10-03,11,,,Jorge Ricardo Enríquez.png,
Q16599648,Mariano Recalde,male,1972-04-08,11,,,Mariano Recalde 2018 IMG 4564.jpg,Mariano Recalde
Q16605530,Mauricio Gómez Bull,male,,,,,CFK sobre la construcción de represas en Sta Cruz.jpg,
Q16617179,Paula Penacca,female,1980,9,,,Paula Penacca (Legislatura).jpg,Paula Penacca
Q16913151,Sandra Mendoza,female,1963-04-20,11,,,Sandra Marcela Mendoza.png,
Q170899,Néstor Kirchner,male,1950-02-25,11,2010-10-27,11,Presidente Nestor Kirchner (cropped).jpg,Néstor Kirchner
Q1710644,Juan Schiaretti,male,1949-06-19,11,,,Juan Schiaretti (cropped).jpg,Juan Schiaretti
Q173238,Carlos Reutemann,male,1942-04-12,11,2021-07-07,11,Reutemann 1981.jpg,Carlos Reutemann
Q17477925,Miguel Ángel Bazze,male,1955-04-30,11,,,DiputadoMiguelBazze.jpg,Miguel Ángel Bazze
Q176160,Carlos Soria,male,1949-03-01,11,2012-01-01,11,CarlosSoria.jpg,Carlos Soria
Q17624215,Pablo Tonelli,male,1954-06-13,11,,,Pablo Gabriel Tonelli.png,Pablo Tonelli
Q17624268,Carlos Manfredotti,male,1953-11-15,11,,,Carlos Manfredotti.png,
Q17634375,Héctor Flores,male,1953-12-08,11,,,"Héctor ""Toty"" Flores.jpg",Héctor Toty Flores
Q17635652,Juan Casañas,male,1963-04-30,11,,,Juan Francisco Casañas.png,
Q17635667,Juan Zabaleta,male,1967-04-29,11,,,Ministro Juan Horacio Zabaleta (cropped).jpg,Juan Zabaleta
Q17987536,José Antonio Romero Feris,male,1941-02-25,11,,,José Antonio Romero Feris (cropped).jpg,
Q18224545,Pablo Javkin,male,1971-11-19,11,,,Pablo Javkin1.jpeg,
Q18224574,Hugo Passalacqua,male,1957-11-20,11,,,Hugo Passalacqua (2015) (cropped).jpg,Hugo Passalacqua
Q18224934,Cornelia Schmidt-Liermann,female,1963-11-06,11,,,Cornelia Schmidt-Liermann.png,Cornelia Schmidt-Liermann
Q185107,Carlos Menem,male,1930-07-02,11,2021-02-14,11,Menem con banda presidencial.jpg,Carlos Menem
Q18711852,Eduardo Alberto Aguilar,male,1971,9,,,Eduardo Aguilar-2011.JPG,
Q18711856,Adolfo Bermejo,male,1960-11-29,11,,,Adolfo Bermejo Senador.png,
Q18711860,Salvador Cabral,male,1943-10-07,11,2020-02-01,11,Salvador Cabral.png,
Q18711889,Guillermo Juan Pereyra,male,1943-06-25,11,,,Guillermo Pereyra.png,
Q18711897,Gerardo Antenor Montenegro,male,1960,9,,,Gerardo Montenegro.png,
Q18711904,Marta Borello,female,1949-05-25,11,,,Marta Borello.jpg,
Q18711909,Silvia Beatriz Elías de Pérez,female,1964,9,,,Silvia Elías de Pérez senadora.png,Silvia Elías de Pérez
Q18711912,Hilda Clelia Aguirre,female,1960-04-11,11,,,Hilda Clelia Aguirre - Diputados.png,
Q18711914,Inés Blas,female,1959-04-21,11,,,Ines Blas.png,Inés Blas
Q18711917,Maria Cristina del Valle Fiore Viñuales,female,1974-02-16,11,,,Fiore Viñuales.png,Cristina Fiore
Q18711918,Sigrid Elisabeth Kunath,female,1969-06-06,11,,,Sigrid Kunath.jpg,
Q18711919,María Ester Labado,female,,7,,,Maria Labado.png,
Q18711924,Mirtha María Teresita Luna,female,1964-02-19,11,,,Teresita Luna.png,Teresita Luna
Q18711932,Carmen Lucila Crexell,female,1972-08-10,11,,,Carmen Crexell.png,Carmen Lucila Crexell
Q18715134,Jacobo Alberto Abrameto,male,,,,,,
Q18715171,Jorge Alfredo Agúndez,male,,,,,,
Q18715173,Augusto Alasino,male,1947,9,,,Augusto Alasino.png,
Q18715421,Juan Carlos Altuna,male,,,,,,
Q18718817,Lylia Arancio de Beller,female,1960-02-27,11,,,Lylia Mónica Arancio De Beller.jpg,
Q18729009,Nancy Avelín,female,,,,,Nancy Avelín.jpg,
Q18729145,Raúl Baglini,male,1949-12-23,11,2021-01-03,11,Raúl Baglini.jpg,Raúl Baglini
Q18729175,Manuel Baladrón,male,,,,,,
Q18729193,Graciela Yolanda Bar,female,1948-06-20,11,,,Graciela Bar.jpg,
Q18744922,Daniel Baum,male,1950-03-26,11,,,,
Q18745670,Norma Nélida Bermejo,female,1949-03-17,11,,,,
Q18745693,Ricardo Alberto Branda,male,1950,9,,,Ricardo Branda - Senador.png,
Q18755631,Remo Constanzo,male,,,,,,
Q18755636,Oraldo Norvel Britos,male,1933-08-24,11,,,Oraldo Britos.jpg,Oraldo Britos
Q18755760,Fernando Venancio Cabana,male,1930-03-03,11,,,Fernando Venancio Cabana.gif,
Q18756484,Marcelo Emilio Cantarero,male,1943,9,,,Emilio Marcelo Cantarero.png,
Q18756543,Mabel Luisa Caparrós,female,1956-01-09,11,,,Mabel Luisa Caparrós.jpg,Mabel Caparrós
Q18756784,José Fernando Francisco Carbonell,male,1950-07-28,11,,,,
Q18759661,Eduardo Ramón Contato Carol,male,,7,,,,
Q18761869,Carlos Leonardo de la Rosa,male,1944-03-02,11,2022-10-27,11,Senador Carlos Leonardo de la Rosa.gif,Carlos de la Rosa
Q18762177,Pedro del Piero,male,,,,,,
Q18762192,Arturo Rolando di Pietro,male,1942-03-11,11,2000-12-23,11,,
Q18810438,Edgardo José Gagliardi,male,1936-11-27,11,,,Edgardo Gagliardi.jpg,
Q18811461,Raúl Alfredo Galván,male,,,,,,
Q18811475,José María García Arecha,male,,,,,,
Q18822404,María Graciela de la Rosa,female,1955-07-22,11,,,María Graciela de la Rosa.png,
Q18822532,Carlos Maestro,male,1945-10-10,11,,,Carlos Maestro.jpg,
Q18888559,Deolide Carmen Gómez de Bertone,female,1940,9,,,,
Q18888590,Pablo G. González,male,1968-06-13,11,,,Pablo Gerardo González.jpg,Pablo Gerardo González
Q18918000,Oscar Santiago Lamberto,male,1944-11-02,11,,,,
Q18937360,Alberto Ramón Maglietti,male,,,,,,
Q18937447,Luis Eduardo Martinazzo,male,,,,,Luis Eduardo Martinazzo.jpg,
Q18945924,Tomás Rubén Pruyas,male,1945-08-08,11,,,Tomás Rubén Pruyas.jpg,
Q18947037,Néstor Daniel Rostán,male,1947,9,,,Néstor Daniel Rostán.gif,
Q19006869,Agustín Rossi,male,1959-10-18,11,,,Agustín Rossi 2020.jpg,Agustín Rossi
Q19015852,Enrique J. M. Martínez Almudévar,male,1934-07-04,11,2021-08-11,11,Enrique José Mario Martínez Almudévar.gif,
Q19015930,Jorge José Massat,male,1955-05-09,11,2008-10-09,11,Jorge José Massat.jpg,
Q19015986,Juan Ignacio Melgarejo,male,,,,,,
Q19016026,Javier Reynaldo Meneghini,male,1949-04-08,11,2013-10-05,11,Javier Reynaldo Meneghini.gif,
Q19016072,Jorge Federico Mikkelsen-Löth,male,1946-09-19,11,,,Jorge Federico Mikkelsen-Löth.jpg,
Q19016128,Luis Arturo R. Molinari Romero,male,,,,,,
Q19058295,Raúl Ernesto Ochoa,male,1946-03-15,11,,,,
Q19118373,Ernesto René Oudin,male,1938-05-28,11,,,Ernesto René Oudín.jpg,
Q19118393,Gerardo Luis Palacios,male,1960-12-19,11,,,Gerardo Luis Palacios.jpg,
Q19118406,Ángel Francisco Pardo,male,1942-09-17,11,2012-05-22,11,Ángel Francisco Pardo.gif,
Q19118433,Juan Carlos Passo,male,1961-12-20,11,,,,
Q19245981,Carlos Alfonso Prades,male,,,,,,
Q19255174,Miguel Ángel Robles,male,1928,9,2017-08-16,11,,
Q19255224,Manuel Augusto Rodríguez,male,1945,9,,,,
Q19255290,Marcelo Juan Romero,male,1963-10-20,11,,,Marcelo Juan Romero.jpg,
Q19255311,José María Sáez,male,,,2011-09-04,11,,
Q19255355,Hugo Abel Sager,male,1962-08-27,11,,,Hugo Sager (cropped).jpg,
Q19255384,Osvaldo Rubén Sala,male,1944-07-03,11,,,Osvaldo Sala.png,
Q19255463,Humberto Elías Salum,male,,,,,,
Q19255524,Julio Argentino San Millán,male,1954-07-20,11,,,Julio Argentino San Millán - Senador.png,
Q19259921,Carlos José Antonio Sergnese,male,,,,,,
Q19260041,Alberto Máximo Tell,male,,,,,,
Q19260080,Héctor Omar Torino,male,1956-03-03,11,,,Héctor Omar Torino.jpg,
Q19260602,Omar Muhamad Vaquir,male,1934-10-30,11,2008-04-01,11,Omar Muhamad Vaquir - Senador.png,
Q19260621,Daniel Alberto Varizat,male,1953-06-19,11,,,Daniel Alberto Varizat.jpg,
Q19260742,Pedro Guillermo Villarroel,male,1937-05-30,11,2014-12-02,11,Pedro Guillermo Villarroel.jpg,
Q19260745,Jorge Antonio Villaverde,male,1944-06-27,11,,,Jorge Villaverde.jpg,
Q19260747,Pablo Héctor Walter,male,,,,,,
Q19260757,Horacio Aníbal Zalazar,male,1934-11-19,11,,,Horacio Aníbal Zalazar - Senador.png,
Q19260765,Alcides Humberto López,male,1942-09-26,11,2012-09-12,11,Alcides Humberto López.jpg,
Q19260863,Ruggero Preto,male,1947-08-25,11,,,Ruggero Preto.gif,
Q19261440,Beatriz Susana Halak,female,1950-05-15,11,,,Beatriz Susana Halak.jpg,
Q19261489,Marcela Fabiana Lescano,female,,,,,Marcela Fabiana Lescano - Senadora.png,
Q19261539,Floriana Nélida Martín,female,1935,9,,,Floriana Nélida Martín.jpg,
Q19261567,Nélida Susana Martínez Peláez,female,1951-11-01,11,,,Nélida Susana Martínez Peláez.jpg,
Q19261613,Mabel Hilda Müller,female,,,,,Mabel Hilda Müller - Diputados.jpg,
Q19261624,Elva Azucena Paz,female,1942,9,,,Elva Azucena Paz.jpg,
Q19261649,Beatriz Irma Raijer,female,,,,,Beatriz Irma Raijer.jpg,
Q19263817,Felipe Rodolfo Sapag,male,1943-02-09,11,,,Felipe Rodolfo Sapag.gif,
Q19263894,Eduardo Enrique Torres,male,,,,,,
Q19264115,Juan Carlos Loza,male,1920-07-10,11,2100,7,Juan Carlos Loza.jpg,
Q19264170,Silvia Sapag,female,1949-02-22,11,,,Silvia Sapag - Diputada.jpg,Silvia Sapag
Q19276513,Eduardo Aníbal Moro,male,1940-06-24,11,,,,
Q193062,Raúl Alfonsín,male,1927-03-12,11,2009-03-31,11,Argentina.RaulAlfonsin.01.jpg,Raúl Alfonsín
Q1932735,Miguel Ángel Pichetto,male,1950-10-24,11,,,MAP Foto Oficial AGN.jpg,Miguel Ángel Pichetto
Q19521806,Daniel Gollán,male,1955-06-05,11,,,Daniel Gollán.png,Daniel Gollan
Q19601030,Andrés Zottos,male,1961-11-30,11,,,Andrés Zottos.png,Andrés Zottos
Q19760254,Raúl Jalil,male,1963-08-25,11,,,Raúl Jalil 2019.jpg,Raúl Jalil
Q19897814,Eduardo Cáceres,male,1975-01-30,11,,,Eduardo Cáceres diputado Argentino.jpg,
Q20012995,Alfredo Olmedo,male,1965-12-05,11,,,Alfredo Olmedo.jpg,Alfredo Olmedo
Q20014668,Eduardo Vischi,male,1970-11-03,11,,,Eduardo Vischi.jpg,
Q20015252,Patricia Giménez,female,1962-10-15,11,,,Patri2.JPG,
Q20015265,Gladys González,female,1973-05-30,11,,,Gladys González senadora.png,Gladys González
Q20015616,Omar Perotti,male,1959-09-16,11,,,Omar Perotti - Senado debate IVE - 8 ago 2018.jpg,Omar Perotti
Q20016052,Mirta Tundis,female,1956-09-07,11,,,Dipu Mirta Tundis.jpg,Mirta Tundis
Q20016443,Omar Gutiérrez,male,1967-09-24,11,,,Matías Lammens y Omar Gutiérrez (cropped).jpg,Omar Gutiérrez
Q20016593,Silvia Majdalani,female,1958-11-02,11,,,Silvia Majdalani - Diputados.jpg,Silvia Majdalani
Q20017012,Julio Solanas,male,1953-01-31,11,,,Julio Rodolfo Solanas.png,
Q20018279,Rodrigo de Loredo,male,1980-02-21,11,,,Rodrigo de Loredo.png,
Q20090781,Juan Carlos Giordano,male,1962,9,,,Juan Carlos Giordano.jpg,Juan Carlos Giordano
Q20441940,Ricardo Luis Cundom,male,1955-10-14,11,,,Gral Ricardo Cundom.jpg,
Q20644683,Facundo Garretón,male,1974-01-13,11,,,,
Q20644688,Christian Gribaudo,male,1973-04-04,11,,,GribaudoChristian.jpg,
Q20645466,Juliana Awada,female,1974-04-03,11,,,Juliana Awada.jpg,Juliana Awada
Q20667914,Alberto Ciampini,male,1953-11-07,11,,,Alberto-Ciampini-Diputado-Nacional-FpV-Nqn.jpg,
Q20735856,Sergio Uñac,male,1970-02-15,11,,,Sergio Uñac en Casa Rosada.jpg,Sergio Uñac
Q20737416,Juan Fernando Brügge,male,1962-06-24,11,,,Juan Fernando Brügge.jpg,Juan Fernando Brügge
Q20739476,Marcos Peña,male,1977-03-15,11,,,Marcos Peña.jpg,Marcos Peña
Q20744471,Guillermo Kane,male,1981-10-12,11,,,Guillermo Kane (2018).jpg,Guillermo Kane
Q20898197,Daniel Salvador,male,1951-10-31,11,,,Daniel Salvador.jpg,
Q20969944,Sergio Casas,male,1971-01-13,11,,,Sergio Casas (cropped).jpg,Sergio Casas
Q20969964,Domingo Peppo,male,1958-07-06,11,,,Domingo Peppo.jpg,Domingo Peppo
Q21002940,Gustavo Sáenz,male,1969-04-14,11,,,Gustavo Sáenz.png,Gustavo Sáenz
Q21074953,Liliana Mazure,female,1950,9,,,LilianaMazure.jpg,
Q21105472,Gustavo Bordet,male,1962-02-21,11,,,Gustavo bordet.jpg,Gustavo Bordet
Q21279728,Oscar Herrera Ahuad,male,1971-08-20,11,,,Oscar Herrera Ahuad.png,Oscar Herrera Ahuad
Q21280633,Ramiro Tagliaferro,male,1971-07-17,11,,,Ramiro Tagliaferro.png,
Q2130489,Ramón Javier Mestre,male,1972-07-02,11,,,Ramón Javier Mestre.jpg,Ramón Javier Mestre
Q21480472,Silvina Batakis,female,1968-12-27,11,,,Batakisministra (cropped).jpg,Silvina Batakis
Q21480721,Javier David,male,,7,,,Néstor Javier David.png,
Q21480801,Verónica Magario,female,1969-05-26,11,,,Marc Stanley y Verónica Magario (cropped).jpg,Verónica Magario
Q21558728,Fernando de Andreis,male,1976-01-10,11,,,Fernando de Andreis 2013.jpg,Fernando de Andreis
Q21591711,Julio Martínez,male,1962-03-23,11,,,Julio Martínez UCR.png,
Q21601187,Gustavo Santos,male,1957-02-07,11,,,Licenciado Gustavo Santos inicio.jpg,Gustavo Santos (politician)
Q21614815,Emilio Monzó,male,1965-09-26,11,,,Emonzo.jpg,Emilio Monzó
Q21649452,Soledad Sosa,female,1986-06-01,11,,,SoledadSosaPic.jpg,Soledad Sosa
Q21662521,Omar De Marchi,male,1966-05-28,11,,,DiputadoDemarchi.retratooficial.jpg,Omar De Marchi
Q21855006,Alejandro Abraham,male,,,,,,
Q21855134,Cecilia Nahón,female,1974-05-17,11,,,Embajadora Cecilia Nahón.jpg,Cecilia Nahón
Q21855237,Carla Carrizo,female,1966,9,,,Ccarrizo.jpg,Carla Carrizo
Q21856018,Samanta María Celeste Acerenza,female,,,,,,
Q21856040,Oscar Gilberto Alegre,male,,,,,,
Q21856044,Berta Hortensia Arenas,female,,,,,,
Q21856045,Elva Susana Balbo,female,,,,,,
Q21856053,Karina Banfi,female,1972-02-27,11,,,Karina Banfi.jpg,Karina Banfi
Q21856054,Luis María Bardeggia,male,,,,,,
Q21856055,Jorge Barreto,male,,,,,,
Q21856056,Ramón Bernabey,male,,,,,,
Q21856058,Ivana María Bianchi,female,,,,,,
Q21856060,Luis Gustavo Borsani,male,,,,,,
Q21856061,María Cristina Britez,female,1981-03-05,11,,,María Cristina Britez.png,
Q21856062,María Gabriela Burgos,female,1971-06-03,11,,,Gabriela Burgos.JPG,
Q21856065,Guillermo Ramón Carmona,male,1967-06-26,11,,,Guillermo Ramón Carmona.png,Guillermo Carmona
Q21856066,Analuz Ailen Carol,female,1984-05-30,11,,,Analuz carol primerplano.jpg,Analuz Carol
Q21856082,Remo Carlotto,male,1962-12-21,11,,,Remo Gerardo Carlotto.png,
Q21856084,Nilda Mabel Carrizo,female,1979-01-13,11,,,Mabel Carrizo 2019.png,Mabel Carrizo
Q21856085,María Soledad Carrizo,female,1977,9,,,María Soledad Carrizo.png,Soledad Carrizo
Q21856086,Graciela Caselles,female,,,,,Graciela Caselles.jpg,
Q21856087,Sandra Daniela Castro,female,1985-01-13,11,,,Sandra Daniela Castro.png,
Q21856088,Enrique Roberto Castro Molina,male,,,2016-05-24,11,,
Q21856089,Luis Francisco Cigogna,male,,,,,,
Q21856090,Marcos Cleri,male,,,,,,
Q21856091,Jorge Marcelo D'Agostino,male,,,,,,
Q21856092,Marcelo D'Alessandro,male,,,,,,
Q21856093,Héctor Ricardo Daer,male,,,,,,
Q21856094,Lucila de Ponti,female,1985-09-03,11,,,Lucila María de Ponti.png,
Q21856115,Edgardo Fernando Depetri,male,1961-04-27,11,,,Edgardo Fernando Depetri.png,
Q21856116,Daniel Di Stefano,male,,,,,,
Q21856117,Juan Carlos Díaz Roig,male,,,,,,
Q21856118,Julián Dindart,male,,,,,,
Q21856120,Claudio Martín Doñate,male,1975-10-12,11,,,Claudio Martín Doñate senado.png,
Q21856121,Guillermo Durand Cornejo,male,,,,,Guillermo Mario Durand Cornejo.png,
Q21856122,Alejandro Echegaray,male,,,,,,
Q21856123,María Ehcosor,female,,,,,,
Q21856125,Eduardo Alberto Fabiani,male,,,,,,
Q21856126,Gustavo Rodolfo Fernández Mendía,male,,,,,,
Q21856128,Araceli Ferreyra,female,1966-10-07,11,,,Araceli Ferreyra.png,
Q21856129,Silvina Patricia Frana,female,,,,,,
Q21856139,Jorge Daniel Franco,male,,,,,,
Q21856141,Francisco Abel Furlán,male,,,,,,
Q21856142,Ana Carolina Gaillard,female,1981-10-12,11,,,Carolina Gaillard 2021.png,Carolina Gaillard
Q21856143,Miriam Graciela Gallardo,female,,,,,Miriam Graciela Gallardo.png,
Q21856144,María Teresa García,female,1956-02-09,11,,,María Teresa García.png,
Q21856145,Yanina C. Gayol,female,,,,,Yanina Celeste Gayol.png,
Q21856146,Lautaro Gervasoni,male,,,,,,
Q21856147,Horacio Goicoechea,male,,,,,,
Q21856148,Álvaro Gustavo Gonzalez,male,1958-10-12,11,,,AGG.jpg,Álvaro González (politician)
Q21856149,Adrián Eduardo Grana,male,,,,,,
Q21856150,Alejandro Ariel Grandinetti,male,1966,9,,,Alejandro Ariel Grandinetti.png,
Q21856151,Leonardo Grosso,male,1983-04-01,11,,,Leonardo Grosso.png,Leonardo Grosso
Q21856152,María Isabel Guerín,female,,,,,María Isabel Guerín.png,
Q21856153,Sandro Adrián Guzmán,male,,,,,,
Q21856155,Martín Osvaldo Hernández,male,,,,,,
Q21856156,José Alberto Herrera,male,,,,,José Alberto Herrera.png,
Q21856157,Anabella Ruth Hers Cabral,female,,,,,,
Q21856158,Juan Manuel Huss,male,,,,,,
Q21856159,Santiago Nicolás Igon,male,1977-10-24,11,,,Santiago Igon.jpg,Santiago Igon
Q21856160,Lucas Ciriaco Incicco,male,,,,,,
Q21856162,Evita Nélida Isa,female,,,,,,
Q21856168,Manuel Humberto Juárez,male,,,,,Manuel Humberto Juarez.jpg,
Q21856169,Myrian del Valle Juárez,female,,,,,,
Q21856170,Daniel Ricardo Kroneberger,male,1961-06-12,11,,,Daniel Ricardo Kroneberger.png,Daniel Kroneberger
Q21856171,Elia Nelly Lagoria,female,,,,,,
Q21856172,Luciano Andrés Laspina,male,1972-08-08,11,,,Luciano Andrés Laspina.png,
Q21856173,Marco Lavagna,male,1974,9,,,Marco Lavagna.jpg,
Q21856174,Daniel Andrés Lipovetzky,male,1967-12-02,11,,,Sesión 13-06-2018 Diputado Lipovetzky (cropped).jpg,
Q21856175,Ana Llanos,female,,,,,,
Q21856176,Leandro López Koenig,male,,,,,,
Q21856177,Silvia Gabriela Lospennato,female,1977-12-21,11,,,Silvia Gabriela Lospennato.png,Silvia Lospennato
Q21856178,Inés Beatriz Lotto de Vecchietti,female,1953-01-01,11,,,Inés Beatriz Lotto.png,
Q21856179,Oscar Alberto Macias,male,,,,,,
Q21856180,Teresita Madera,female,,,,,,
Q21856181,Hugo María Marcucci,male,1964,9,,,,
Q21856182,Silvia Alejandra Martínez,female,,,,,,
Q21856183,Oscar Anselmo Martínez,male,,,,,,
Q21856184,Ana Laura Martínez,female,,,,,Ana Laura Martínez.png,
Q21856185,Gustavo José Martínez Campos,male,,,,,,
Q21856186,Leonor María Martínez Villada,female,1950-06-05,11,,,Sesión 13-06-2018 Diputada Villada Martinez.jpg,Leonor Martínez Villada
Q21856188,María Lucila Masin,female,1984-05-31,11,,,María Lucila Masin.png,Lucila Masin
Q21856189,Vanesa Laura Massetani,female,1982,9,,,Vmassetani.jpg,Vanesa Massetani
Q21856190,Nicolás María Massot,male,1984-07-16,11,,,Nicolás Massot.jpg,Nicolás Massot
Q21856192,Mayra Mendoza,female,1983-11-26,11,,,Sesión 13-06-2018 Diputad Mendoza 43.jpg,Mayra Mendoza
Q21856193,Verónica Mercado,female,,,,,,
Q21856194,Diego Matías Mestre,male,1978,9,,,Diego Mestre.jpg,Diego Mestre
Q21856195,Pedro Rubén Miranda,male,,,,,,
Q21856211,Karina Alejandra Molina,female,,,,,,
Q21856212,Marcelo Monfort,male,,,,,,
Q21856213,Mariana Morales,female,1985,9,,,Mariana Elizabet Morales.png,
Q21856214,Cecilia Moreau,female,1976-12-05,11,,,Cmoreau.jpg,Cecilia Moreau
Q21856215,Carlos Moreno,male,,,,,,
Q21856216,Miguel Nanni,male,,,,,Miguel Nanni.png,
Q21856217,Graciela Navarro,female,1958,9,,,Graciela Navarro 2019.png,Graciela Navarro
Q21856218,Adriana Mónica Nazario,female,,7,,,Adriana Nazario 2019.jpg,
Q21856219,José Carlos Núñez,male,,,,,,
Q21856220,Cristian Rodolfo Oliva,male,,,,,Cristian Rodolfo Oliva.png,
Q21856221,Héctor Enrique Olivares,male,1958-02-18,11,2019-05-12,11,Héctor Enrique Olivares.png,Héctor Enrique Olivares
Q21856222,José Fernando Orellana,male,,,,,,
Q21856223,Marcela Fabiana Passo,female,,,,,,
Q21856224,Luis Mario Pastori,male,,,,,,
Q21856225,Mirta Pastoriza,female,,,,,Mirta Ameliana Pastoriza.png,
Q21856226,Juan Manuel Pedrini,male,1960,9,,,Juan Manuel Pedrini.png,
Q21856227,Juan Manuel Pereyra,male,,,,,,
Q21856228,Martín Alejandro Pérez,male,,,,,,
Q21856229,Raúl Joaquín Pérez,male,1958-09-10,11,,,Raúl Joaquín Pérez.png,
Q21856230,Luis Alfonso Petri,male,1977,9,,,Luis Alfonso Petri.png,
Q21856231,Carla Betina Pitiot,female,,,,,Carla Betina Pitiot.png,
Q21856232,Francisco Omar Plaini,male,,,,,,
Q21856234,Pedro Javier Pretto,male,,,,,,
Q21856235,Amado Quintar,male,,,,,,
Q21856236,Analía Rach Quiroga,female,1984-03-19,11,,,Analía Rach Quiroga.png,Analía Rach Quiroga
Q21856258,María Fernanda Raverta,female,1976,9,,,Fernanda Raverta designada titular de ANSES 2020.jpg,Fernanda Raverta
Q21856259,José Luis Riccardo,male,,,,,José Luis Riccardo.png,
Q21856260,Olga María Rista,female,1956-06-20,11,,,Olga María Rista.png,
Q21856261,Alberto Roberti,male,1955-10-20,11,2018-05-17,11,,
Q21856262,Matías David Rodríguez,male,1981-12-14,11,,,Matías David Rodríguez.png,Matías David Rodríguez
Q21856263,Rodrigo Martín Rodríguez,male,,,,,,
Q21856264,Carlos Gastón Roma,male,,,,,,
Q21856265,Oscar Alberto Romero,male,,,,,,
Q21856266,Blanca Araceli Rossi,female,,,,,Blanca Araceli Rossi.png,
Q21856267,Carlos Gustavo Rubin,male,,,,,,
Q21856269,José Arnaldo Ruiz Aragón,male,1987-01-14,11,,,José Ruiz Aragón.jpg,José Ruiz Aragón
Q21856270,Adrián San Martín,male,,,,,,
Q21856271,Walter Marcelo Santillán,male,,,,,,
Q21856272,Gisela Scaglia,female,,,,,,
Q21856273,Liliana Schwindt,female,1963-05-13,11,,,María Liliana Schwindt.png,Liliana Schwindt
Q21856274,Carlos Américo Selva,male,,,,,,
Q21856275,María de las Mercedes Semhan,female,,,,,,
Q21856276,Eduardo Jorge Seminara,male,,,,,,
Q21856277,Alejandro Francisco Snopek,male,1972-02-25,11,,,Alejandro Francisco Snopek.png,
Q21856278,Guillermo Snopek,male,1975,9,,,Guillermo Snopek.jpg,Guillermo Snopek
Q21856279,Mirta Alicia Soraire,female,,,,,,
Q21856280,María Emilia Soria,female,1985-07-20,11,,,Maria Emilia Soria.jpg,María Emilia Soria
Q21856281,Victoria Soledad Sosa Capurro,female,,,,,,
Q21856282,Ricardo Adrián Spinozzi,male,,,,,,
Q21856283,Jorge Taboada,male,,,,,,
Q21856284,Luis Rodolfo Tailhade,male,1970,9,,,Luis Rodolfo Tailhade.png,Rodolfo Tailhade
Q21856285,Héctor Olindo Tentor,male,,,,,,
Q21856286,Susana María Toledo,female,,,,,Susana María Toledo.png,
Q21856287,Héctor Daniel Tomas,male,,,,,,
Q21856288,Néstor Nicolás Tomassi,male,,,,,,
Q21856289,Pablo Torello,male,1959-02-12,11,,,Pablo Torello HCDN.jpg,Pablo Torello
Q21856290,Francisco Javier Torroba,male,1955,9,,,Francisco Javier Torroba.png,
Q21856291,Gabriela Troiano,female,,,,,,
Q21856292,Paula Marcela Urroz,female,1955-05-22,11,,,Paula Urroz sesión de Diputados.jpg,
Q21856293,Gustavo Adolfo Valdés,male,1968-10-15,11,,,Gustavo Valdés.jpg,Gustavo Valdés
Q21856294,Juan Carlos Villalonga,male,1960-05-06,11,,,Diputado Nacional Juan Carlos Villalonga.png,
Q21856295,María Inés Villar Molina,female,,,,,,
Q21856296,María Teresita Villavicencio,female,1975,9,,,María Teresita Villavicencio.png,
Q21856297,Luana Volnovich,female,1979-09-26,11,,,Luana Volnovich.jpg,Luana Volnovich
Q21856298,Marcelo Germán Wechsler,male,,,,,,
Q21856299,Sergio Javier Wisky,male,,,,,,
Q21856300,Waldo Wolff,male,1968-09-21,11,,,Waldo Ezequiel Wolff.png,
Q21856301,Sergio Raúl Ziliotto,male,1962-09-24,11,,,Sergio Raúl Ziliotto.png,Sergio Ziliotto
Q22230762,Enrique Amrein,male,1959-05-11,11,,,BrigadierEnriqueAmrein.JPG,
Q22230767,Marcelo Srur,male,1957-03-29,11,,,AlmiranteMarceloSrur.jpg,Marcelo Srur
Q22251998,Diego Suñer,male,1960-04-28,11,,,GeneralDiegoSueñer.JPG,
Q22252165,Bari del Valle Sosa,male,1959-02-08,11,,,VGM Bari del Valle Sosa.jpg,
Q22329411,Eduardo Valdés,male,1956,9,,,Eduardo Valdés.jpg,Eduardo Valdés
Q2324263,Abel Posse,male,1934-01-07,11,,,Parentini Posse.jpg,Abel Posse
Q23304232,Juan Manuel Irrazábal,male,1960,9,,,Irrazabal.png,
Q23411111,Albor Cantard,male,1961,9,,,Albor Cantard AUGM.jpeg,Albor Cantard
Q2347235,Antonio Cafiero,male,1922-09-12,11,2014-10-13,11,Antonio Cafiero 1988.png,Antonio Cafiero
Q23807442,Laura Rodríguez Machado,female,1965-04-09,11,,,Laura Rodriguez Machado.JPG,Laura Rodríguez Machado
Q23906959,Magdalena Sierra,female,1966-06-25,11,,,MagdalenaSierra.jpg,Magdalena Sierra
Q2429045,Victoria Donda,female,1979-09-17,11,,,Victoria Analía Donda Pérez.png,Victoria Donda
Q2454290,Tristán Bauer,male,1959-06-22,11,,,Tristán Bauer 2020.jpg,Tristán Bauer
Q24572317,Victoria Villarruel,female,1975-04-13,11,,,Victoria Villarruel.png,Victoria Villarruel
Q24821342,Mariana Zuvic,female,1974-10-18,11,,,Mariana de Jesús Zuvic.png,Mariana Zuvic
Q24960878,José Luis Patiño,male,1964,9,,,Diputado Jose Luis Patiño.jpg,
Q25983942,Diego Ramiro Guelar,male,1950,9,,,GuelarFinal.jpg,
Q2642828,Alberto Fernández,male,1959-04-02,11,,,Alberto fernandez presidente (cropped).jpg,Alberto Fernández
Q270025,Elisa Carrió,female,1956-12-26,11,,,Elisa Carrio.jpg,Elisa Carrió
Q27306974,Gabriela Romina Albornoz,female,,,,,Gabriela Romina Albornoz.png,
Q27307210,Gustavo Héctor Arrieta,male,1965-06-01,11,,,,
Q27307685,Brenda Lis Austin,female,1981-10-11,11,,,Brenda-Austin.jpg,Brenda Austin
Q27307792,Pamela Verasay,female,1980-04-26,11,,,Verasay.png,Pamela Verasay
Q27308136,Marta Varela,female,1950-09-25,11,,,Marta Varela.png,
Q27308652,Alonso Horacio Fernando,male,,,,,,
Q27309047,María de los Ángeles Sacnún,female,1970-08-17,11,,,María de los Ángeles Sacnun.png,María de los Ángeles Sacnun
Q27640049,Ernesto Félix Martínez,male,1956-06-21,11,,,Ernesto Martínez senador.png,Ernesto Félix Martínez
Q28058759,Nicolás Dujovne,male,1967-05-18,11,,,NicolasDujovne (cropped).jpg,Nicolás Dujovne
Q280765,Agustín Calleri,male,1976-09-14,11,,,Agustín Calleri 2018 (cropped).jpg,Agustín Calleri
Q2836761,Alicia Castro,female,1949-07-27,11,,,Argentine Ambassador to the United Kingdom (8594323985) (cropped).jpg,Alicia Castro
Q2837184,Normando Costantino,male,1952,9,,,Costantino N.jpg,Normando Costantino
Q2841182,Mario Cafiero,male,1956-01-21,11,2020-09-13,11,Mario Cafiero.jpg,Mario Cafiero
Q2843155,Carlos Kunkel,male,1945-11-06,11,,,Carlos Kunkel.jpg,Carlos Kunkel
Q2843714,Horacio Rodríguez Larreta,male,1965-10-29,11,,,Horacio-Rodriguez-Larreta (cropped).jpg,Horacio Rodríguez Larreta
Q2844048,Gabriel Katopodis,male,1967-03-06,11,,,Ministro Gabriel Katopodis - 2020.jpg,Gabriel Katopodis
Q2857937,Aníbal Fernández,male,1957-01-09,11,,,Anibal4 (19325887625).jpg,Aníbal Fernández
Q28736720,Andrés Ernesto Guzmán,male,,7,,,Andreeguz.png,
Q28865307,Veronica Couly,female,,,,,,
Q28865310,Orieta Cecilia Vera Gonzalez,female,,,,,,
Q2888825,Isabel Viudes,female,1944-05-11,11,,,Isabel Viudes.jpg,Isabel Viudes
Q29019697,José Luis Espert,male,1961-11-21,11,,,José Luis Espert (cropped).png,José Luis Espert
Q29071553,Aldo Strada,male,1955,9,2017-01-17,11,Aldo Strada.jpg,
Q29121872,Rodolfo Suárez,male,1963-04-20,11,,,Rodolfo Suarez es el nuevo gobernador de la provincia (cropped).jpg,Rodolfo Suárez
Q2918563,Margarita Stolbizer,female,1955-03-17,11,,,Margarita Stolbizer.png,Margarita Stolbizer
Q29263357,Leandro Santoro,male,1976-01-11,11,,,Leandro Santoro.jpg,Leandro Santoro
Q294578,Eduardo Duhalde,male,1941-10-05,11,,,Duhalde23012007.jpg,Eduardo Duhalde
Q295007,Fernando de la Rúa,male,1937-09-15,11,2019-07-09,11,Fernando de la Rúa con bastón y banda de presidente.jpg,Fernando de la Rúa
Q30089194,Jorge Faurie,male,1951-12-24,11,,,Jura de Faurie.jpg,Jorge Faurie
Q30111728,Nicolás Eduardo Becerra,male,1943-01-25,11,,,,
Q30243948,Rolando Figueroa,male,1969-04-14,11,,,Rolando Figueroa Vicegobernador de la Provincia de Neuquén.jpg,Rolando Figueroa
Q30331229,Matías Kulfas,male,1972-04-08,11,,,Matías Kulfas 2020.jpg,Matías Kulfas
Q30347207,Itai Hagman,male,1983,9,,,ItaiHagman.jpg,Itai Hagman
Q3048310,Eduardo Brizuela del Moral,male,1944-08-20,11,2021-08-25,11,Brizuela del Moral.jpg,Eduardo Brizuela del Moral
Q3052342,Nilda Celia Garré,female,1945-11-03,11,,,Nilda Garré.jpg,Nilda Garré
Q3058874,Esteban Righi,male,1938-09-04,11,2019-03-05,11,Esteban Righi.jpg,Esteban Righi
Q3071423,Francisco de Narváez,male,1963-09-22,11,,,Francisco de Narvaez.jpg,Francisco de Narváez
Q3072494,Juan Manuel Abal Medina,male,1968-05-05,11,,,JuanManuelAbalMedina.jpg,Juan Manuel Abal Medina Jr.
Q30905503,Alejandro Finocchiaro,male,1967-08-27,11,,,Alejandro Finocchiaro en 2018.jpg,Alejandro Finocchiaro
Q312358,Adolfo Rodríguez Saá,male,1947-07-25,11,,,Arodriguezsaa.jpg,Adolfo Rodríguez Saá
Q312505,Héctor Baldassi,male,1966-01-05,11,,,Héctor Baldassi.png,Héctor Baldassi
Q32249562,Nathalia González Seligra,female,1979-01-31,11,,,Nathalia Inés González Seligra.jpg,Nathalia González Seligra
Q33296854,Alejandra Rodenas,female,1963-09-26,11,,,Alejandra Rodenas Diputada.png,Alejandra Rodenas
Q33297240,Paula Mariana Oliveto Lago,female,1973-02-10,11,,,Paula Oliveto.png,Paula Oliveto
Q336226,Eduardo Camaño,male,1946-06-17,11,,,Eduardo Camaño.jpg,Eduardo Camaño
Q3417215,Rafael Bielsa,male,1953-02-15,11,,,Rafael Bielsa 2.jpg,Rafael Bielsa
Q34207613,Fernanda Vallejos,female,1979-03-09,11,,,Fernanda Vallejos.png,Fernanda Vallejos
Q3479675,Sergio Massa,male,1972-04-28,11,,,Sergio Massa (49619868597) (cropped).jpg,Sergio Massa
Q357257,Ramón Puerta,male,1951-09-09,11,,,Ramón Puerta 90.jpg,Ramón Puerta
Q3608136,Alberto Balestrini,male,1947-03-09,11,2017-04-11,11,Alberto Balestrini.jpg,Alberto Balestrini
Q367833,Hugo Cóccaro,male,1954-05-04,11,2019-07-21,11,Hugo Cóccaro.jpg,Hugo Cóccaro
Q37006507,Martín Grande,male,1959,9,,,Martín Grande.png,
Q3740202,Alberto Weretilneck,male,1962-10-11,11,,,Albertoweretilneck.jpg,Alberto Weretilneck
Q3754443,Axel Kicillof,male,1971-09-25,11,,,Axel Kicillof 20190328.jpg,Axel Kicillof
Q40649,Cristina Fernández de Kirchner,female,1953-02-19,11,,,Cristinakirchnermensaje2010.jpg,Cristina Fernández de Kirchner
Q40686953,Hugo Alberto Franco,male,1944-07-03,11,,,,
Q4122225,José Alperovich,male,1955-04-14,11,,,José-Alperovich.jpg,José Alperovich
Q4122243,Juan Manuel Urtubey,male,1969-09-06,11,,,Urtubey en Quinta de Olivos (cropped).jpg,Juan Manuel Urtubey
Q4122381,Luis Beder Herrera,male,1951-05-26,11,,,Luis Beder Herrera.jpg,Luis Beder Herrera
Q4137510,José Luis Gioja,male,1949-12-04,11,,,Gioja mini.jpg,José Luis Gioja
Q41555861,Alicia Irma Besada,female,,,,,,
Q41555885,Ana Isabel Copes,female,,,,,,
Q41555886,Eduardo Raul Conesa,male,,,,,,
Q41555890,Federico Augusto Masso,male,,,,,,
Q41555893,Graciela Cousinet,female,,,,,,
Q41555896,Lucila Beatriz Dure,female,,,,,,
Q41555900,Marcelo Adolfo Sorgente,male,,,,,,
Q41555902,Maria Clara Del Valle Vega,female,,7,,,María Clara del Valle Vega senado.png,
Q41555905,Maria Paula Lopardo,female,,,,,,
Q41555908,Martin Maquieyra,male,1988-11-10,11,,,Martín Maquieyra 2021.png,Martín Maquieyra
Q41555911,Monica Edith Litza,female,,,,,,
Q41555918,Norman Dario Martinez,male,1974-09-03,11,,,Norman Darío Martínez.png,Darío Martínez
Q41555921,Ramon Alberto Tovares,male,,,,,,
Q41555924,Ramon Alfredo Dominguez,male,,,,,,
Q41555928,Stella Maris Huczak,female,,,,,,
Q41557559,Franco Agustin Caviglia,male,1961-03-16,11,,,,
Q41557561,Julio Raffo,male,,,,,,
Q41557566,Maria Eugenia Brezzo,female,,,,,,
Q41557572,Maria Florencia Peñaloza Marianetti,female,,,,,,
Q41557580,Silvia Renee Horne,female,,,,,,
Q41557584,Sixto Osvaldo Bermejo,male,,,,,,
Q41587390,Carlos Alberto Caserio,male,1950-05-25,11,,,Carlos Caserio.png,Carlos Alberto Caserio
Q41587404,Fernando Aldo Salino,male,,,,,,
Q41587416,Gerardo Alberto Bellocq,male,,,,,,
Q41587454,Mario Raymundo Fiad,male,1957,9,,,Paris - Marche pour la Vie 2019 - 19.jpg,Mario Fiad
Q41587466,Martin Rodrigo Gill,male,,,,,,
Q41658526,Ana Claudia Almirón,female,1984,9,,,Ana Claudia Almiron.png,Ana Almirón
Q41658530,Anabel Fernández Sagasti,female,1984-04-03,11,,,Anabel Fernández Sagasti.png,Anabel Fernández Sagasti
Q41658534,Beatriz Graciela Mirkin,female,1955-08-09,11,,,Mirkin.png,
Q41658537,Dalmacio Mera Figueroa,male,1970-11-13,11,,,Dalmacio Mera.png,Dalmacio Mera
Q41658542,Daniel Aníbal Lovera,male,1965-02-07,11,,,Daniel Lovera.jpg,Daniel Lovera
Q41658546,José Anatolio Ojeda,male,1962-03-01,11,,,José Ojeda (cropped).jpg,
Q41658550,Juan Mario Pais,male,1955-11-07,11,,,Juan Mario Pais.png,Juan Mario Pais
Q41658558,María Teresa Margarita González,female,1961-07-30,11,,,María Teresa Margarita González.png,
Q41658560,Nancy Susana González,female,1961-02-10,11,,,Nancy González (cropped).jpg,Nancy González (politician)
Q41658565,Norma Haydée Durango,female,1952,9,,,Norma Durango.png,Norma Durango
Q41658568,Virginia María García,female,,,,,Virginia María García.png,Virginia María García
Q41658575,Silvia del Rosario Giacoppo,female,1959-05-01,11,,,Giacoppo.png,Silvia del Rosario Giacoppo
Q41658584,Alfredo Héctor Luenzo,male,1957,9,,,Alfredo Luenzo.png,Alfredo Luenzo
Q41658592,Miriam Ruth Boyadjian,female,1966-08-06,11,,,Senadora argentina Miriam Boyadjian.jpg,
Q41776986,Atilio Francisco Salvador Benedetti,male,1955,9,,,Atilio Francisco Salvador Benedetti.png,Atilio Benedetti
Q41787670,Pablo Carro,male,1965-03-29,11,,,Pablo Carro 2021.png,Pablo Carro
Q4198981,Héctor Icazuriaga,male,1955-01-09,11,,,H. Icazuriaga jefe SI.jpg,Héctor Icazuriaga
Q42310144,Gabriel Solano,male,1974-06-04,11,,,GsolanoPerfil.jpg,
Q42432723,Luis Miguel Etchevehere,male,1963-04-06,11,,,Luis Miguel Etchevehere (cropped).jpg,
Q42451221,Mariano Arcioni,male,1970-04-02,11,,,Mariano Arcioni (cropped).jpg,Mariano Arcioni
Q42609962,Fernando Oris de Roa,male,1952,9,,,Fernando Oris de Roa.jpg,
Q43078686,Romina Del Plá,female,1972-04-02,11,,,RdelplaAborto.jpg,Romina Del Plá
Q440580,Alicia Kirchner,female,1946-07-18,11,,,Alicia Kirchner em janeiro de 2016.JPG,Alicia Kirchner
Q4408025,Jorge Sapag,male,1951-07-18,11,,,Jorge Sapag -presidenciagovar- 4JUL07.jpg,Jorge Sapag
Q451948,Carlos Ruckauf,male,1944-07-10,11,,,Carlos Ruckauf (cropped).png,Carlos Ruckauf
Q452112,Amado Boudou,male,1962-11-19,11,,,Amado Boudou en ejercicio de la presidencia.png,Amado Boudou
Q456351,Julio Cobos,male,1955-04-30,11,,,Julio Cobos.jpg,Julio Cobos
Q46155959,José Luis Villán,male,1960-12-12,11,,,AlteVillan.jpg,
Q4678262,Ada Itúrrez de Cappellini,female,1946-01-05,11,,,Itúrrez de Cappellini.png,Ada Itúrrez de Cappellini
Q4678283,Ada Maza,female,1951-08-15,11,,,Ada Mercedes Maza.jpg,Ada Maza
Q4685482,Adriana Bortolozzi,female,1949-01-03,11,,,Adriana Raquel Bortolozzi de Bogado.jpg,Adriana Bortolozzi
Q470603,Aníbal Ibarra,male,1958-03-01,11,,,Anibal Ibarra.jpg,Aníbal Ibarra
Q47108965,Cristina López Valverde,female,1959-02-15,11,,,Cristina Del Carmen López Valverde senadora.png,
Q47116103,Ramiro Fernandez Patri,male,,,,,,
Q47117877,Juan Manuel Lopez,male,1983-09-16,11,,,Juan Manuel López - HCND.png,Juan Manuel López (politician)
Q47117980,Daniel Fernando Arroyo,male,1966-10-06,11,,,Daniel Arroyo 2019.jpg,Daniel Arroyo
Q4712180,Alberto Rodríguez Saá,male,1949-08-21,11,,,Alberto Rodriguez Saa.jpg,Alberto Rodríguez Saá
Q4713147,Alcira Argumedo,female,1940-05-07,11,2021-05-02,11,Alcira argumedo.jpg,Alcira Argumedo
Q47141966,Fabio José Quetglas,male,,,,,,
Q47141983,Marcela Campagnoli,female,1957-11-11,11,,,Marcela Campagnoli.png,Marcela Campagnoli
Q47142006,Natalia Soledad Villa,female,1979-04-15,11,,,Natalia Soledad Villa.png,Natalia Villa
Q47142019,Juan Aicega,male,1963-06-15,11,,,Juan Aicega.png,
Q47142035,Josefina Mendoza,female,1992-05-16,11,,,Josefina Mendoza.png,Josefina Mendoza
Q47142046,Hernán Berisso,male,1970-02-09,11,,,,
Q47142057,Ezequiel Fernández Langan,male,1978-07-20,11,,,Ezequiel Fernández Langan.png,Ezequiel Fernández Langan
Q47142077,María Carla Piccolomini,female,1980,9,,,María Carla Piccolomini.png,María Carla Piccolomini
Q47142093,Pablo Miguel Ansaloni,male,1971-05-09,11,,,Pablo Miguel Ansaloni.png,Pablo Ansaloni
Q47142105,Martín Nicolás Medina,male,1985,9,,,,
Q47142127,Eduardo Bucca,male,1979-06-23,11,,,Eduardo Bucca.png,Eduardo Bucca
Q47142273,Vanesa Siley,female,1984-08-19,11,,,Vanesa Siley 2021.png,Vanesa Siley
Q47142291,Mónica Macha,female,1972-02-17,11,,,Mónica Macha.jpg,Mónica Macha
Q47142307,Laura Valeria Alonso,female,,,,,,
Q47142315,Walter Correa,male,1965-10-30,11,,,Walter Correa.png,Walter Correa
Q47142397,Laura Russo,female,1981-11-01,11,,,Laura Russo.png,Laura Russo (politician)
Q47142407,Gustavo Arturo Saadi,male,,,,,,
Q47142422,Silvana Micaela Ginocchio,female,1965-10-10,11,,,Silvana Micaela Ginocchio.png,Silvana Ginocchio
Q47142443,Elda Pértile,female,1953-06-03,11,,,Elda Pértile.jpg,Elda Pértile
Q47142456,Juan Mosqueda,male,,,,,,
Q47142461,Gustavo Menna,male,1965,9,,,Gustavo Menna - Diputado.png,
Q47142563,Carmen Polledo,female,1952-11-14,11,,,Carmen Polledo.png,Carmen Polledo
Q47142613,Jose Alejandro Garcia,male,,,,,,
Q47142696,Gabriel Alberto Frizza,male,,,,,,
Q47142712,Alejandra María Vigo,female,1957-09-22,11,,,Alejandra Vigo 2019.png,Alejandra Vigo
Q47142723,Paulo Leonardo Cassinerio,male,1979-06-17,11,,,Paulo Leonardo Cassinerio.png,Paulo Cassinerio
Q47142758,Estela Mercedes Regidor Belledone,female,1970-03-24,11,,,Estela Mercedes Regidor Belledone.png,Estela Regidor
Q47142775,Sofía Brambilla,female,,,,,,
Q47142783,Jorge Antonio Romero,male,,,,,,
Q47143052,Alicia Fregonese,female,,,,,,
Q47143071,Jorge Enrique Lacoste,male,,,,,,
Q47143098,Juan José Bahillo,male,,,,,,
Q47143118,Mayda Cresto,female,1972-02-06,11,,,Mayda Cresto.png,Mayda Cresto
Q47143149,Mario Horacio Arce,male,,,,,,
Q47143184,Osmar Antonio Monaldi,male,,,,,,
Q47143208,José Luis Martiarena,male,,,,,,
Q47143222,Ariel Rauschenberger,male,1966-04-26,11,,,Ariel Rauschenberger.png,Ariel Rauschenberger
Q47143336,Melina Aida Delú,female,1976-06-18,11,,,Melina Aida Delú.png,Melina Delú
Q47143377,Julio Enrique Sahad,male,,,,,,
Q47143393,Danilo Adrián Flores,male,,,,,,
Q47143414,Claudia Najul,female,,,,,,
Q47143430,Federico Raúl Zamarbide,male,,,,,,
Q47143468,José Luis Ramón,male,1964,9,,,Dr. José Luis Ramón.jpg,José Luis Ramón
Q47143499,Omar Chafí Félix,male,,,,,,
Q47143573,Ricardo Wellbach,male,1962-02-15,11,,,Ricardo Wellbach.png,Ricardo Wellbach
Q47144819,Flavia Morales,female,,,,,,
Q47144830,David Pablo Schlereth,male,,,,,,
Q47144879,Alma Sapag,female,1952-10-02,11,,,Alma Chani Sapag.png,Alma Sapag
Q47144927,Lorena Matzen,female,,,,,Lorena Matzen.png,
Q47144945,Sergio Napoleón Leavy,male,1963-11-22,11,,,,Sergio Leavy
Q47145004,Walberto Enrique Allende,male,1955-06-09,11,,,Walberto Enrique Allende.png,Walberto Allende
Q47145056,Karim Augusto Alume Sbodio,male,,,,,,
Q47145081,Victoria Rosso,female,,,,,,
Q47145093,Juan Benedicto Vázquez,male,,,,,,
Q47145111,Roxana Nahir Reyes,female,1965-12-21,11,,,Roxana Reyes 2021.png,Roxana Reyes
Q47145158,Antonio José Carambia,male,,,,,,
Q47145338,María Lucila Lehman,female,1983-05-28,11,,,Lucila Lehmann.png,Lucila Lehmann
Q47145361,Gonzalo Pedro Antonio del Cerro,male,1943-06-29,11,,,Gonzalo Pedro Antonio del Cerro.png,
Q47145411,Medina Gladys,female,,,,,,
Q47145509,Beatriz Luisa Ávila,female,1966-10-05,11,,,Beatriz Luisa Ávila.png,Beatriz Ávila
Q47145531,Luis Gustavo Contigiani,male,1972-01-21,11,,,Luis Gustavo Contigiani.png,Luis Contigiani
Q47145575,Hugo Orlando Infante,male,1948-03-15,11,2018-12-30,11,Hugo Orlando Infante.png,
Q47167622,José Rubén Uñac,male,1964-03-19,11,,,José Rubén Uñac senador.png,
Q47199903,María Eugenia Catalfamo,female,1987-10-04,11,,,María Eugenia Catalfamo senadora.png,María Eugenia Catalfamo
Q47199960,Ana María Ianni,female,1969-09-21,11,,,Ana María Ianni senadora.png,
Q47200046,María Belén Tapia,female,1973-11-10,11,,,María Belén Tapia senadora.png,
Q47201914,Magdalena Solari Quintana,female,1968-01-23,11,,,Magdalena Solari Quintana.png,Magdalena Solari Quintana
Q4723706,Alfredo Avelín,male,1927-05-01,11,2012-01-26,11,Alfredo Avelín.jpg,Alfredo Avelín
Q4723740,Alfredo Chiaradía,male,1945-02-15,11,,,Alfredo Chiaradía.jpg,Alfredo Chiaradía
Q4723820,Alfredo Martínez,male,1951-09-06,11,,,Alfredo Martinez.jpg,Alfredo Martínez (politician)
Q47439677,Blanca Porcel de Riccobelli,female,1943,9,,,Blanca Porcel de Riccobelli senadora.png,
Q47451468,Carlos Alberto Fernández,male,1959-03-14,11,,,Carlos Alberto Fernández.png,
Q47451525,Javier Campos,male,,,,,,
Q47455147,Pablo Raul Yedlin,male,1966-07-16,11,,,Pablo Raúl Yedlin.png,Pablo Yedlin
Q47455148,Verónica Derna,female,,,,,,
Q47455149,Andrés Alberto Vallone,male,,,,,,
Q47455151,Astrid Hummel,female,1967-12-01,11,,,Astrid Hummel.jpg,
Q47455152,Hector Antonio Stefani,male,,,,,,
Q4776459,Antonio Bonfatti,male,1950-12-01,11,,,A. Bonfatti.jpg,Antonio Bonfatti
Q48216423,Gisela Marziotta,female,1975-03-19,11,,,Gisela Marziotta 2019.jpg,Gisela Marziotta
Q4837851,Lucía Corpacci,female,1958-12-04,11,,,Lucía Corpacci.jpg,Lucía Corpacci
Q4837917,Jorge Capitanich,male,1964-11-28,11,,,Basterra y Capitanich (cropped).jpg,Jorge Capitanich
Q4838027,Ricardo Colombi,male,1957-08-30,11,,,Ricardo Colombi.jpg,Ricardo Colombi
Q4838179,Eduardo Fellner,male,1954-06-16,11,,,Efellner.jpg,Eduardo Fellner
Q4838357,Óscar Jorge,male,1936-07-14,11,,,Oscar Mario Jorge (La Pampa).jpg,Óscar Jorge
Q4838458,Maurice Closs,male,1971-06-10,11,,,Maurice-Closs.JPG,Maurice Closs
Q4838522,Claudio Poggi,male,1963-10-07,11,,,Claudio Javier Poggi.png,Claudio Poggi
Q4838621,Daniel Peralta,male,1955-07-01,11,,,Daniel Peralta -presidenciagovar- 12SEP07.jpg,Daniel Peralta
Q4838698,Gerardo Zamora,male,1964-01-06,11,,,Gerardo Zamora y Andrés Ibarra (cropped).jpg,Gerardo Zamora
Q4838844,Fabiana Ríos,female,1964-03-31,11,,,Fabiana Ríos sola.jpg,Fabiana Ríos
Q48873003,Claudio Pasqualini,male,1960-07-23,11,,,Claudio Ernesto Pasqualini.jpg,
Q4924764,Blanca Osuna,female,1950-10-25,11,,,Blanca Osuna (cropped).jpg,Blanca Osuna
Q5041735,Carlos Alfredo Magariños,male,1962-08-16,11,,,Awarding ceremony.jpg,Carlos Magariños
Q5041910,Carlos Castagneto,male,1960-11-01,11,,,Carlos Daniel Castagneto.png,Carlos Castagneto
Q5041983,Carlos Delcio Funes,male,1931,9,2001-07-29,11,Carlos Delcio Funes.jpg,Carlos Delcio Funes
Q5042165,Carlos Heller,male,1940-10-17,11,,,Carlos heller.jpg,Carlos Heller
Q5042309,Carlos Mac Allister,male,1968-03-06,11,,,Cmacallister.jpg,Carlos Mac Allister
Q5042622,Carlos Sancho,male,,,,,,Carlos Sancho
Q5042759,Carlos Verna,male,1946-05-08,11,,,Carlos Verna cropped.jpg,Carlos Verna
Q5058463,Celso Jaque,male,1960-09-24,11,,,Celso Jaque.jpg,Celso Jaque
Q508497,Fernando Solanas,male,1936-02-16,11,2020-11-06,11,"Fernando Solanas, 1985.jpg",Fernando Solanas
Q51003630,Roberto Salvarezza,male,1952-01-30,11,,,Roberto Salvarezza.jpg,Roberto Salvarezza
Q5186335,Cristina Cremer de Busti,female,1949,9,,,Maria Cristina Cremer de Busti.jpg,Cristina Cremer de Busti
Q5217139,Daniel Filmus,male,1955-06-03,11,,,Daniel Filmus Ministro.jpg,Daniel Filmus
Q5218500,Daniel Pérsico,male,1961-10-31,11,,,Daniel Persico.png,Daniel Pérsico
Q5226298,Darío Alessandro,male,1951-12-25,11,2021-05-19,11,Darío Pedro Alessandro.jpg,Darío Alessandro
Q52395487,Javier Milei,male,1970-10-22,11,,,Javier Milei en una entrevista de TN.png,Javier Milei
Q5271125,Diana Conti,female,1956-03-29,11,,,Diana Conti - Diputados.jpg,Diana Conti
Q5274589,Diego Bossio,male,1979-09-09,11,,,DiegoBossio.jpg,Diego Bossio
Q5274808,Diego Santilli,male,1967-04-06,11,,,Diego Santilli (cropped).jpg,Diego Santilli
Q5340508,Eduardo Angeloz,male,1931-10-18,11,2017-08-23,11,Eduardo Angeloz.JPG,Eduardo Angeloz
Q5340693,Eduardo Menem,male,1938-04-30,11,,,Eduardo Menem.jpg,Eduardo Menem
Q5379731,Enrique J.A. Candioti,male,1936-05-23,11,,,Enrique Candioti.png,Enrique J.A. Candioti
Q538049,Martín Balza,male,1934-06-13,11,,,MartínBalza1990.jpg,Martín Balza
Q5386230,Eric Calcagno,male,1967-04-09,11,,,Calcagno Eric.jpg,Eric Calcagno
Q5400763,Esteban Bullrich,male,1969-05-26,11,,,Ebullrich.jpg,Esteban Bullrich
Q5402890,Darío Giustozzi,male,1964-03-15,11,,,Dariogiustozzi2018.jpg,
Q5427799,Fabio Biancalani,male,1961-09-22,11,,,Fabio Biancalani.jpg,Fabio Biancalani
Q5474594,Julián Domínguez,male,1963-11-24,11,,,,Julián Domínguez
Q5483783,Gerardo Morales,male,1959-07-18,11,,,Gerardo Morales.png,Gerardo Morales (politician)
Q5483821,Francisco Pérez,male,1967-05-15,11,,,Francisco «Paco» Pérez.jpg,Francisco Pérez (governor)
Q5489320,Luis Alberto Falcó,male,1949-09-26,11,2007-07-28,11,Luis Falcó.jpg,Luis Falcó
Q5495211,Gabriela Cerruti,female,1965-12-09,11,,,Gabriela Cerruti.jpg,Gabriela Cerruti
Q55071319,Dante Sica,male,1957-09-04,11,,,Dante Sica.jpg,
Q5515970,Gabriela Michetti,female,1965-05-28,11,,,Gabriela Michetti.jpg,Gabriela Michetti
Q5575797,José Octavio Bordón,male,1945-12-22,11,,,Jose Octavio Bordon.jpg,José Octavio Bordón
Q55773927,Estela Mary Neder,female,1957-12-12,11,,,Estela Mary Neder.png,Estela Neder
Q55825598,Fernando Asencio,male,1972-04-15,11,,,Fernando Rodrigo Asencio.jpg,
Q55825599,Sebastián Bragagnolo,male,1980-11-07,11,,,Sebastián Bragagnolo.jpg,
Q55825601,Rosa Rosario Muñoz,female,1950-11-06,11,,,Rmunoz.jpg,
Q55825603,Nadia Lorena Ricci,female,,,,,,
Q5591576,Graciela Ocaña,female,1960-09-16,11,,,Graciela Ocaña.jpg,Graciela Ocaña
Q5616172,Guillermo Jenefes,male,1950-09-07,11,,,"Guillermo Jenefes - Senador, 2004.png",Guillermo Jenefes
Q561837,Mauricio Macri,male,1959-02-08,11,,,Mauricio Macri 2016.jpg,Mauricio Macri
Q5640199,Horacio Massaccesi,male,1948-09-12,11,,,Horacio Massaccesi 1995.png,Horacio Massaccesi
Q5640784,José Manuel Cano,male,1965-07-15,11,,,Diputadocano.jpg,José Manuel Cano
Q5649262,José Ignacio de Mendiguren,male,1950-08-23,11,,,CFKyMendiguren.jpg,José Ignacio de Mendiguren
Q5662066,Sergio Bergman,male,1962-01-23,11,,,Sergio Bergman Cropped.jpg,Sergio Bergman
Q5664681,Alejandra Gils Carbó,female,1958-06-20,11,,,Gils Carbó (cropped).jpg,Alejandra Gils Carbó
Q5665422,Alejandro Ramos,male,1975-08-02,11,,,Alejandro Ramos.png,
Q5666054,Alex Roberto Ziegler,male,1965-12-28,11,,,Alex Ziegler.jpg,
Q5667299,Andrés Larroque,male,1977-01-26,11,,,Andrés Larroque.png,Andrés Larroque
Q5668101,Alfredo Cornejo,male,1962-03-20,11,,,Alfredo Cornejo 2 (cropped).jpg,Alfredo Cornejo (politician)
Q5668780,Alicia Mabel Ciciliani,female,1956-02-09,11,,,Alicia Ciciliani.jpg,
Q5668850,Alicia Terada,female,1956-12-26,11,,,Alicia Terada.png,Alicia Terada
Q5670529,Rafael Romá,male,1953-01-18,11,,,Rafael Romá.jpg,
Q5704014,Ariel Basteiro,male,1960,9,,,Sergio Basteiro.jpg,
Q5715314,Aída Beatríz Máxima Ayala,female,1953,9,,,Aída Beatriz Máxima Ayala.png,Aída Ayala
Q5750033,Carlos Cheppi,male,1955,9,,,Cheppi.jpg,Carlos Cheppi
Q5750070,Carlos Corach,male,1935-04-24,11,,,Carlos Corach (cropped).jpg,Carlos Corach
Q5751313,Carlos Paz,male,1953-04-20,11,,,PazjuraJEMGA.jpg,
Q5751612,Carlos Rohde,male,1947-12-08,11,,,,
Q57584346,Hernán Lacunza,male,1969-02-25,11,,,Hernán Lacunza en A DOS VOCES 02.jpg,Hernán Lacunza
Q5791547,Cristina Álvarez Rodríguez,female,1967-12-28,11,,,María Cristina Alvárez Rodríguez.png,Cristina Álvarez Rodríguez
Q5798525,Daniel Martin,male,1955-09-27,11,,,Valte. Martin.jpg,
Q58073,Héctor Timerman,male,1953-12-16,11,2018-12-30,11,Timerman en sept 2015 (cropped).jpg,Héctor Timerman
Q5814956,Dulce Granados,female,1958-09-14,11,,,Dulce Granados.jpg,
Q5818962,Eduardo Amadeo,male,1947-05-01,11,,,Eduardo Amadeo.jpg,
Q5818985,Eduardo Arnold,male,1947-10-14,11,,,Eduardo Arnold.jpg,Eduardo Arnold
Q5819618,Eduardo Raúl Costa,male,1961-08-27,11,,,Ecosta.jpg,
Q5819717,Eduardo Schiaffino,male,1951-06-25,11,,,,
Q58234260,Patricio del Corro,male,1983-05-14,11,,,Patricio del Corro.png,
Q5833657,Enrique Olivera,male,1940-02-09,11,2014-11-04,11,Enrique Olivera.jpg,Enrique Olivera
Q584828,Alicia Lemme,female,1954,9,,,Mlemme.jpg,Alicia Lemme
Q5849619,Juan Carlos Bacileff Ivanoff,male,1949,9,,,Bacileff Ivanoff.jpg,Juan Carlos Bacileff Ivanoff
Q5855240,Facundo Suárez Lastra,male,1954-02-24,11,,,Facundo076.jpg,Facundo Suárez Lastra
Q5857789,Federico Pinedo,male,1955-12-29,11,,,Federico Pinedo (cropped).jpg,Federico Pinedo
Q5859724,Fernando Iglesias,male,1957-05-14,11,,,Sesión 13-06-2018 Diputado Fernando Adolfo Iglesias.jpg,Fernando Iglesias (Argentine politician)
Q5860291,Fernando Sánchez,male,1973-09-07,11,,,Fernándo Sánchez en Palermo.jpg,
Q5873430,Gabriel Mariotto,male,1964-11-09,11,,,GabrielMariotto.jpg,
Q5878337,Gerardo Milman,male,1966-09-21,11,,,Jerrymilman.jpg,
Q5883959,Graciela Camaño,female,1953-04-25,11,,,Graciela Camaño dip.jpg,Graciela Camaño
Q5883976,Graciela Giannettasio,female,1950-10-20,11,2022-04-05,11,Graciela Giannettasio.jpg,Graciela Giannettasio
Q5888761,Guillermo Montenegro,male,1962-12-30,11,,,Guillermo Montenegro 2019.jpg,Guillermo Montenegro
Q5889685,Gustavo José Bevilacqua,male,1962-05-12,11,,,Gustavo Bevilacqua.png,
Q5896197,Hernán Lombardi,male,1960-05-04,11,,,Hernan Lombardi - Foto 2.jpg,Hernán Lombardi
Q5897839,Victoria Montenegro,female,1976-01-31,11,,,Victoria Montenegro (Legislatura).jpg,Victoria Montenegro
Q5901967,Horacio Pietragalla Corti,male,1976-03-11,11,,,Horacio Pietragalla Corti.png,
Q5902461,Horacio Usandizaga,male,1940-06-15,11,,,Horacio Usandizaga.JPG,Horacio Usandizaga
Q5906285,Héctor Maya,male,1945-11-24,11,,,Héctor María Maya.png,
Q5906382,Héctor Recalde,male,1938-05-28,11,,,Hrecalde.jpg,Héctor Recalde
Q5906402,Héctor Roquel,male,1949,9,2018-02-27,11,PIRINCHO.jpg,
Q591796,Ángel Rozas,male,1950-03-22,11,,,Angel Rozas.JPG,Ángel Rozas
Q5925147,Jaime Linares,male,1951-03-03,11,,,JaimeLinares.jpg,
Q5932407,Joaquín Stella,male,1942-10-01,11,2017-10-17,11,,
Q5934565,Jorge Banicevich,male,1945-09-21,11,,,Jorge Banicevich.jpg,Jorge Banicevich
Q5935055,Jorge Ferraresi,male,1961-08-26,11,,,Ministro Jorge H. Ferraresi.jpg,Jorge Ferraresi
Q5935181,Jorge Godoy,male,1946-01-17,11,,,A J. Godoy.jpg,Jorge Godoy
Q5935527,Jorge Macri,male,1965-03-05,11,,,Macri recibe a Jorge Macri (cropped).jpg,
Q5935872,Jorge Raúl Yoma,male,1953,9,,,Jorge Yoma.jpg,
Q5936162,Jorge Triaca,male,1974-03-30,11,,,Triaca.JPG,Jorge Triaca Jr.
Q5937328,José Adrián Pérez,male,1971-09-07,11,,,Adrián Pérez 2019 (cropped).jpg,
Q5938352,José Arturo Estabillo,male,1949-08-07,11,,,José Arturo Estabillo.jpg,
Q5939927,José Gabriel Dumón,male,1945-12-13,11,2019-04-29,11,Gabriel Dumon.jpg,
Q5940059,José Genoud,male,1947-07-26,11,2008-09-25,11,José Genoud (cropped).jpg,
Q5948039,Juan Cabandié,male,1978-03-16,11,,,Ministro Juan Cabandié en 2020.jpg,Juan Cabandié
Q5948411,Juan Carlos Marino,male,1963-10-23,11,,,Juan Carlos Marino.jpg,Juan Carlos Marino (Argentine politician)
Q5955126,Julio Catalán Magni,male,1968-08-14,11,,,Julio Catalán Magni - Diputados.jpg,
Q5955152,Julio César Humada,male,1936-02-01,11,2015-05-19,11,Dr. Julio César Humada.jpg,
Q5955633,Julio Pereyra,male,1951-08-05,11,,,Julio Pereyra.jpg,
Q5971596,Laura Alonso,female,1972-12-23,11,,,Laura Alonso Diputada Argentina.jpg,Laura Alonso (politician)
Q5973474,Leopoldo Moreau,male,1946-11-05,11,,,"Leopoldo Moreau en los ""Foros por una Nueva Independencia"" (cropped).jpg",Leopoldo Moreau
Q5982689,Luis Alberto Pozzi,male,1948-04-25,11,,,General Luis Pozzi.jpg,
Q5982872,Luis Barrionuevo,male,1942-03-15,11,,,Luis Barrionuevo.jpg,
Q5982877,Luis Basterra,male,1958-10-14,11,,,Luis Eugenio Basterra.png,Luis Basterra
Q5983869,Luis Maria Kreckler,male,1954-08-16,11,,,Luis Maria Kreckler.JPG,Luis María Kreckler
Q5993110,Manuel Garrido,male,1964,9,,,Manuel Garrido.jpg,Manuel Garrido
Q5995804,Marcelo Fuentes,male,1948-10-06,11,,,Marcelo Fuentes.png,Marcelo Fuentes
Q5995900,Marcelo Ramal,male,1954-10-13,11,,,Marceloramal.png,Marcelo Ramal
Q599714,Ernesto Sanz,male,1956-12-09,11,,,Sanz 2.jpg,Ernesto Sanz
Q5998811,Mario Losada,male,1938-07-13,11,2015-06-27,11,Mario Losada Senador.png,Mario Losada (politician)
Q5998873,Mario Meoni,male,1965-01-22,11,2021-04-23,11,Mario Meoni (cropped).jpg,Mario Meoni
Q6002708,Martín Insaurralde,male,1970-05-30,11,,,Manzur e Insaurralde (cropped).jpg,Martín Insaurralde
Q6002748,Martín Llaryora,male,1972-10-06,11,,,Martín Miguel Llaryora.png,
Q6003481,María Carolina Moisés,female,1975-03-05,11,,,CarolinaMoiséswikipedia.jpg,Carolina Moisés
Q6003917,María Inés Pilatti Vergara,female,1965-08-02,11,,,María Inés Pilatti Vergara.png,María Inés Pilatti Vergara
Q6006648,Matías Lammens,male,1980-04-05,11,,,Matias Lammens 2019.jpg,Matías Lammens
Q6006917,Mauricio D'Alessandro,male,1958-08-03,11,,,Mauricio D'Alessandro.jpg,
Q60215310,Juan Carlos Arcando,male,1961,9,,,"Juan Carlos Arcando, vicegobernador de Tierra del fuego, Antártida e Islas del Atlántico Sur.jpg",Juan Carlos Arcando
Q60242500,Gustavo Lopetegui,male,1959-09-27,11,,,Gustavo Lopetegui.jpg,
Q60324198,Ricardo Lafferriere,male,1949-11-01,11,,,Ricardo Lafferriere.jpg,
Q6035188,Myriam Bregman,female,1972-02-25,11,,,Myriam Bregman.png,Myriam Bregman
Q6043332,Nito Artaza,male,1959-10-01,11,,,"Eugenio ""Nito"" Artaza.jpg",
Q6049818,Olga Inés Brizuela y Doria,female,1971,9,,,Olga Inés Brizuela y Doria (cropped).jpg,
Q6053944,Oscar Parrilli,male,1951-08-13,11,,,Oscar Parrilli.jpg,Oscar Parrilli
Q6056126,Pablo Lanusse,male,1965-11-04,11,,,Pablo Lanusse.png,
Q6068353,Pedro Braillard Poccard,male,1954-04-08,11,,,"Néstor Pedro Braillard Poccard, Vicegobernador.jpg",Pedro Braillard Poccard
Q6069019,Pedro Guillermo Ángel Guastavino,male,1954-07-01,11,,,Pedro Guastavino.png,Pedro Guastavino
Q6108050,Ricardo Buryaile,male,1962-11-29,11,,,Ricardo Buryaile (cropped).jpg,Ricardo Buryaile
Q6108054,Ricardo Bussi,male,1963-04-25,11,,,Ricardo Bussi Diputado.png,Ricardo Bussi
Q6109597,Roberto Bendini,male,1945-07-28,11,2022-04-14,11,Roberto Bendini.jpg,Roberto Bendini
Q6110034,Roberto Ulloa,male,1924-03-01,11,2020-12-08,11,Roberto Ulloa.jpg,Roberto Ulloa
Q6113696,Ruperto Eduardo Godoy,male,1953-03-13,11,,,Ruperto E. Godoy.jpg,
Q6131515,Soledad Martínez,female,1982-09-14,11,,,GP 05399 (Pequeño).jpg,
Q614102,Jorge Sobisch,male,1943-01-16,11,,,Jorge Sobisch in 2005.jpg,Jorge Sobisch
Q61639872,Roberto Crocianelli,male,,7,,,Roberto Crocianelli.jpg,
Q6166169,Walter Barbero,male,1942-04-20,11,,,,
Q62000019,Marcelo Orrego,male,1975-01-29,11,,,Marcelo Orrego.png,Marcelo Orrego
Q62118467,Alejandro Vilca,male,1976-07-05,11,,,Alejandro Vilca Somos Jujuy.png,Alejandro Vilca
Q62560219,Mónica Schlotthauer,female,1963-08-22,11,,,Mónica Leticia Schlotthauer.png,Mónica Schlotthauer
Q62594976,Mercedes Trimarchi,female,1980-08-28,11,,,HCD 7725.jpg,
Q6277643,Jorge Altamira,male,1942-04-14,11,,,Jorge Altamira plaza de mayo.jpg,Jorge Altamira
Q6277681,Jorge Argüello,male,1956-04-20,11,,,Jorge Argüello.jpg,Jorge Argüello
Q6277772,Jorge Busti,male,1947-10-18,11,2021-12-20,11,Jorge Pedro Busti 2017.jpg,Jorge Busti
Q6277842,Jorge Colazo,male,1954-03-04,11,,,Mario Jorge Colazo.jpg,Jorge Colazo
Q6278403,Jorge Obeid,male,1947-11-24,11,2014-01-28,11,Jorge Obeid (HCDN).jpg,Jorge Obeid
Q6293394,José Mayans,male,1957,9,,,Jose Mayans.png,José Mayans
Q6299395,Juan Carlos Romero,male,1950-11-16,11,,,Dr. Juan Carlos Romero.png,Juan Carlos Romero (politician)
Q6300262,Juan Manzur,male,1969-01-08,11,,,Manzur y Trotta (cropped).jpg,Juan Luis Manzur
Q6303405,Judith Forstmann,female,1945,9,2009-04-10,11,,Judith Forstmann
Q6309428,Julio Miranda,male,1946-10-17,11,2021-06-06,11,Julio Miranda Senador.png,Julio Miranda
Q6309576,Julio de Vido,male,1949-12-26,11,,,De vido.JPG,Julio de Vido
Q63119899,Arabela Carreras,female,1970-01-21,11,,,Acto Carga SAOCOM 1B (62).JPG,Arabela Carreras
Q63342179,Alejandra Caballero,female,,,,,,
Q63342213,Mariana Juri,female,1969-03-24,11,,,Mariana Juri.png,
Q63342220,Mara Brawer,female,1962-05-16,11,,,Mara Brawer.png,Mara Brawer
Q63349657,Enzo Luis Pagani,male,1970-01-01,11,2017-03-29,11,,
Q63555682,Sergio Varisco,male,1960-07-10,11,2021-05-27,11,Sergio Varisco.jpg,
Q6389305,María José Bongiorno,female,,7,,,María José Bongiorno.jpg,María José Bongiorno
Q63911419,Alfredo Oscar Schiavoni,male,1963-04-07,11,,,Alfredo Oscar Schiavoni (politician).JPG,
Q63990130,Victoria Morales Gorleri,female,1972-03-01,11,,,Victoria Morales Gorleri.png,Victoria Morales Gorleri
Q64686950,Gustavo Melella,male,1970-12-02,11,,,G. Melella.png,Gustavo Melella
Q64775866,Tania Tamara Lastra,female,,,,,,
Q6527143,Leopoldo Bravo,male,1919-03-15,11,2006-08-04,11,Leopoldo Bravo.jpg,Leopoldo Bravo
Q6547740,Liliana Fellner,female,1957-04-28,11,,,LilianaFellner.jpg,Liliana Fellner
Q6547754,Liliana Negre de Alonso,female,1954-05-18,11,,,LilianaNegreDeAlonso.jpg,Liliana Negre de Alonso
Q6553522,Martín Lousteau,male,1970-12-08,11,,,MLousteau.jpg,Martín Lousteau
Q65970019,Alejandra del Huerto Obeid,female,,,,,,
Q66085313,Ofelia Fernández,female,2000-04-14,11,,,Legisladora Ofelia Fernández.jpg,Ofelia Fernández
Q66092452,Walter Alfredo Agosto,male,1963-08-15,11,,,,
Q66092475,Oscar Edmundo Nicolás Albrieu,male,1949-01-18,11,,,,
Q66092712,Horacio Alberto Alcuaz,male,1949-08-21,11,,,,
Q6700387,Luis Brandoni,male,1940-04-18,11,,,Luis Brandoni.JPG,Luis Brandoni
Q6700989,Luis Petcoff Naidenoff,male,1967-07-13,11,,,Luis Carlos Petcoff Naidenoff.png,Luis Petcoff Naidenoff
Q6763895,Marina Riofrío,female,1958-05-30,11,,,Marina Riofrío.jpg,Marina Riofrío
Q6764548,Mario Barletta,male,1953-12-30,11,,,Mario Barletta.jpg,Mario Barletta
Q6764636,Mario Daniele,male,1961-11-19,11,,,Mario Daniele (cropped).png,Mario Daniele
Q6765031,Mario das Neves,male,1951-04-27,11,2017-10-31,11,Mario Das Neves banda.jpg,Mario das Neves
Q6777833,Martín Sabbatella,male,1970-04-14,11,,,Sabbatella.JPG,Martín Sabbatella
Q6782004,María Eugenia Vidal,female,1973-09-08,11,,,María Eugenia Vidal en 2019 (cropped).jpg,María Eugenia Vidal
Q6782046,María Laura Leguizamón,female,1965-01-21,11,,,María Laura Leguizamón.jpg,María Laura Leguizamón
Q6844641,Miguel Lifschitz,male,1955-09-13,11,2021-05-09,11,Miguel Lifschitz en conferencia.jpg,Miguel Lifschitz
Q68869954,Santiago Cafiero,male,1979-08-30,11,,,Santiago Cafiero 2019.jpg,Santiago Cafiero
Q68872841,Sergio Lanziani,male,1960,9,,,Sergio Lanzani.jpg,
Q68999413,Nicolás Trotta,male,1976-01-20,11,,,Nicolás Alfredo Trotta 2020.jpg,Nicolás Trotta
Q6950244,Mónica Fein,female,1957-06-03,11,,,Monica Fein en 2015 (cropped).jpg,Mónica Fein
Q6960043,Ricardo Brinzoni,male,1945-10-06,11,2005-10-24,11,Ricardo Brinzoni ca. 94-95.png,Ricardo Brinzoni
Q7030362,Nicolás Fernández,male,1958-12-16,11,,,Nicolás Alejandro Fernández.jpg,Nicolás Fernández (politician)
Q7071481,Néstor Pitrola,male,1952-04-01,11,,,Nestorpitrola.jpg,Néstor Pitrola
Q70873898,Claudio Moroni,male,1959-12-01,11,,,Claudio Moroni jura como ministro (cropped).jpg,Claudio Moroni
Q7105913,Oscar Castillo,male,1954-01-18,11,,,Oscar Castillo.png,Oscar Castillo
Q7106223,Oscar Raúl Aguad,male,1950-05-07,11,,,Oscar Aguad Dip.jpg,Oscar Aguad
Q721561,Jorge Taiana,male,1950-05-31,11,,,Rousseff recebe presidente do Parlamento do Mercosul Jorge Taiana 02 (cropped).jpg,Jorge Taiana
Q72204055,Marcelo Stubrin,male,1951-01-31,11,,,Marcelo Stubrin.jpg,
Q72707787,Ricardo Quintela,male,1960,9,,,RQ WIkipedia.jpg,Ricardo Quintela
Q72756276,Fabiola Yáñez,female,1981-07-14,11,,,Fabiola Yáñez em 2022.jpg,Fabiola Yáñez
Q733743,Carlos Álvarez,male,1948-12-26,11,,,Carlos Chacho Álvarez (cropped).jpg,Carlos Álvarez (Argentine politician)
Q7348343,Sergio Buil,male,1965-09-02,11,,,Sergio-Buil.jpg,
Q7351592,Roberto Basualdo,male,1957-12-15,11,,,,Roberto Basualdo
Q7357213,Rodolfo Terragno,male,1943-11-16,11,,,Rodolfoterragno.jpg,Rodolfo Terragno
Q7373214,Roy Nikisch,male,1951,9,,,Roy Nikisch.JPG,Roy Nikisch
Q7376501,Rubén Marín,male,1934-05-01,11,,,Rubén Marín.jpg,Rubén Marín
Q7454170,Sergio Acevedo,male,1956-01-05,11,,,Sergio Acevedo - Diputados.jpg,Sergio Acevedo
Q75105745,Bettina Romero,female,1978-07-19,11,,,BettinaRomeroCD.jpg,
Q75135153,Mariano Sabino San Pedro,male,,,,,,
Q75135796,Norberto Amilcar García,male,,,,,,
Q75573930,Héctor Luis Vitale,male,,,,,,
Q7561705,Sonia Escudero,female,1953-12-14,11,,,Sonia Margarita Escudero.jpg,Sonia Escudero
Q75637063,Víctor Daniel Monfasani,male,1958-08-13,11,,,,
Q75761706,Lisandro Bonelli,male,1976-11-26,11,,,Lisandro Bonelli.png,
Q75845494,Mario Pablo Giacobbe,male,,,,,,
Q76824320,Alicia Aparicio,female,1954,9,,,Alicia Aparicio.jpg,Alicia Aparicio
Q77247669,Roberto Mirabella,male,1966-11-26,11,,,Roberto Mario Mirabella.jpg,Roberto Mirabella
Q77390252,Héctor Andrés Quinteros,male,1973-10-28,11,,,,
Q77432169,Elizabeth Gómez Alcorta,female,1972-11-18,11,,,Elizabeth Gómez Alcorta.jpg,Elizabeth Gómez Alcorta
Q77432458,Marcela Losardo,female,1958-08-24,11,,,Marcela Losardo 2019.jpg,Marcela Losardo
Q77435999,Julio Vitobello,male,1957-03-02,11,,,Julio Vitobello 2020.jpg,Julio Vitobello
Q77441055,Juan José Amondarain,male,,,,,,
Q77442751,Eduardo Marcelo Torres,male,,,,,,
Q77605455,Martín Guzmán,male,1982-10-12,11,,,"Martín Guzmán (cropped, portrait).jpg",Martín Guzmán
Q77605707,Sabina Frederic,female,1965-10-13,11,,,Sabina frederic.jpg,Sabina Frederic
Q77759623,Roberto Birri,male,1955-07-03,11,,,,
Q7964257,Walter Barrionuevo,male,1954-03-01,11,,,Barrionuevo 2.jpg,Walter Barrionuevo
Q7977024,Wbaldino Acosta,male,1938,9,2007-08-01,11,Wbaldino Acosta 2.png,Wbaldino Acosta
Q79906973,Andrés De Leo,male,1967,9,,,Andrés De Leo.jpg,
Q81549870,Juan Carlos Alderete,male,1952-09-19,11,,,Jornada Nacional contra la Pobreza - Juan Carlos Alderete - Corriente Clasista y Combativa.jpg,Juan Carlos Alderete
Q8195340,Alfredo Atanasof,male,1949-11-24,11,,,Alfredo Atanasof.jpg,Alfredo Atanasof
Q8195420,Alfredo de Angeli,male,1957-02-16,11,,,Alfredo de Angeli senador.png,Alfredo de Angeli
Q82392562,Fernando Pérez,male,1981-11-16,11,,,,
Q82396566,Jorge Leonardo Santiago,male,1969-11-09,11,,,,
Q8345845,Chrystian Colombo,male,1952,9,,,,Chrystian Colombo
Q84706374,José Emilio Neder,male,1954,9,,,José Emilio Neder (2013) crop.jpg,José Emilio Neder
Q84899709,Guadalupe Tagliaferri,female,1974-06-26,11,,,Guadalupe Tagliaferri.png,Guadalupe Tagliaferri
Q85015520,Maximiliano Ferraro,male,1976,9,,,Maximiliano Ferraro.jpg,Maximiliano Ferraro
Q85119056,Emiliano Yacobitti,male,1975-12-15,11,,,Emiliano Benjamín Yacobitti.png,Emiliano Yacobitti
Q85869425,Fabiola Aubone,female,,,,,Ana Fabiola Aubone.png,
Q86449413,Julio Horacio Guardia,male,1962-12-14,11,,,Horacio Julio Guardia-1.jpg,Julio Guardia
Q86458161,Xavier Isaac,male,1962-12-01,11,,,Xavier Isaac FAA (cropped).jpg,Xavier Isaac
Q86466895,Juan Martín Paleo,male,1962-04-04,11,,,Gral Paleo.jpg,Juan Martín Paleo
Q86469710,Agustín Cejas,male,1964-07-18,11,,,Gral Agustín Cejas Jura.jpg,Agustín Humberto Cejas
Q86742963,Rubén Carlos Grenada,male,1956-01-19,11,,,,
Q87343803,Normando Álvarez García,male,1952-09-13,11,,,,Normando Álvarez García
Q8772238,Eduardo Bauzá,male,1939-11-16,11,2019-02-17,11,Eduardo Bauzá.jpg,Eduardo Bauzá
Q87726411,Alberto Emilio Asseff,male,1942-10-31,11,,,Alberto Asseff.jpg,Alberto Asseff
Q88220761,Pedro Villagra Delgado,male,1952-09-27,11,,,Pedro Villagra Delgado.jpg,
Q89366518,Jorge Alberto Chevalier,male,1946,9,,,Brigadier General Jorge Chevalier.jpg,Jorge Chevalier
Q89369863,Juan Carlos Mugnolo,male,1939,9,2013-02-23,11,,
Q89370983,Luis María Carena,male,1956,9,,,Luis Carena.jpg,
Q9015342,Juan Carlos Maqueda,male,1949-12-29,11,,,Juan Carlos Maqueda.jpg,Juan Carlos Maqueda
Q9016431,Juliana Di Tullio,female,1971-10-22,11,,,Jditullio.jpg,Juliana Di Tullio
Q9025155,Luis León,male,1923-03-23,11,2009-01-08,11,Luis León Senador.png,
Q9025171,Luis Lusquiños,male,1951-11-27,11,2017-06-17,11,Lusquiños.jpg,Luis Lusquiños
Q9031691,Mercedes Margarita Oviedo,female,1952-10-29,11,,,,Mercedes Margarita Oviedo
Q9048549,Nanci Parrilli,female,1953-09-07,11,,,Nanci Parrilli.jpg,Nanci Parrilli
Q9054826,Palito Ortega,male,1942-03-08,11,,,Palito Ortega (2).jpg,Palito Ortega
Q90585195,Eusebio Jurczyszyn,male,1943,9,,,,
Q9077444,Silvina García Larraburu,female,1969-01-16,11,,,Silvinalarraburru.jpg,Silvina García Larraburu
Q908305,Domingo Cavallo,male,1946-07-21,11,,,Domingo Cavallo (cropped).jpg,Domingo Cavallo
Q93147520,Carla Vizzotti,female,1972-06-01,11,,,Carla Vizzotti - foto institucional (cropped).jpg,Carla Vizzotti
Q943389,José Carlos Martínez,male,1962-11-29,11,2011-07-07,11,José Martínez Senador.png,José Carlos Martínez (politician)
Q957748,Ricardo López Murphy,male,1951-08-10,11,,,López Murphy 2000.jpg,Ricardo López Murphy
Q96175697,Laura Bernal,female,1956,9,2020-04-26,11,,Laura Bernal (diplomat)
Q962824,Carlos Juárez,male,1917-02-08,11,2010-07-02,11,Carlos Juárez.jpg,Carlos Juárez (politician)
Q963100,Florencio Randazzo,male,1964-03-01,11,,,Randazzo2.jpg,Florencio Randazzo
Q963284,Jorge Telerman,male,1955-11-29,11,,,JorgeTelerman.jpg,Jorge Telerman
Q96623937,Marcelo Casaretto,male,1967,9,,,Marcelo Pablo Casaretto.png,Marcelo Casaretto
Q96625184,Federico Fagioli,male,1991-03-27,11,,,Federico Fagioli.png,Federico Fagioli
Q96742490,Vicente Ernesto Berasategui,male,1934-05-13,11,2018-09-25,11,,
Q96742493,Federico Mirré,male,1938-08-07,11,,,,
Q96923423,Juan Emilio Ameri,male,1973-05-25,11,,,Juanameri.jpg,Juan Emilio Ameri
Q97798204,Verónica Caliva,female,1977-04-12,11,,,Lcaliva.jpg,Verónica Caliva
Q97999604,Lucas Javier Godoy,male,1982-03-25,11,,,Lgodoy.jpg,Lucas Godoy
Q98060325,Virginia Cornejo,female,1951-10-18,11,,,Vcornejo.jpg,Virginia Cornejo
Q981624,Hermes Binner,male,1943-06-05,11,2020-06-26,11,Hermes Juan Binner.png,Hermes Binner
Q98195403,Nora Giménez,female,1957-07-18,11,,,Nora del Valle Giménez.png,
Q98470534,Carolina Píparo,female,1976-09-12,11,,,Carolina Píparo.png,
Q98770550,Alejandro Rodríguez,male,1965-12-27,11,,,Alejandro Esteban Rodriguez.jpg,Alejandro Rodríguez (politician)
Q99358480,Camila Crescimbeni,female,1990-03-22,11,,,Camila Crescimbeni.png,Camila Crescimbeni
Q99457869,Ricardo Sastre,male,1972-01-07,11,,,Ricardo Sastre.png,
