id,name,gender,dob,dobp,dod,dodp,image,enwiki
Q1029449,Camillus Glynn,male,1941-10-04,11,,,,Camillus Glynn
Q1064368,Charles Flanagan,male,1956-11-01,11,,,Charlie Flanagan 2014.jpg,Charles Flanagan
Q107379317,Alison Gilliland,female,1968,9,,,Alison Gilliland 2016.jpg,Alison Gilliland
Q107419832,Sonya McGuinness,female,,,,,,
Q107641354,Maurice O'Connell,male,1936-05-05,11,2019-04-01,11,,Maurice O'Connell (banker)
Q10951943,Seymour Crawford,male,1944-06-01,11,2018-10-21,11,,Seymour Crawford
Q10952174,Noel Treacy,male,1951-12-18,11,2022-02,10,,Noel Treacy
Q10971358,Noel Harrington,male,1970-12-24,11,,,,Noel Harrington
Q109929699,Seán Clancy,male,,,,,"Brigadier General Seán Clancy, GOC Air Corps.jpg",Seán Clancy (Irish general)
Q110304808,David Stapleton,male,,,,,David Stapleton DSM.jpg,
Q110887019,John Hurley,male,,,,,,
Q1110075,Colm Burke,male,1957-01-17,11,,,Colm Burke 2015.jpg,Colm Burke
Q1110087,Colm O'Gorman,male,1966-07-01,11,,,Colmogorman1.jpg,Colm O'Gorman
Q1111220,David Andrews,male,1935-03-15,11,,,David Andrews (politician).jpg,David Andrews (politician)
Q11164108,Joe Callanan,male,1949-01-30,11,,,,Joe Callanan
Q11173726,Peter Power,male,1966-01-26,11,,,Peter Power 2009.jpg,Peter Power (politician)
Q111938522,Colette Connolly,female,,,,,,
Q111938541,Mike Cubbard,male,,,,,,Mike Cubbard
Q112763037,Caroline Conroy,female,1977-02-08,11,,,,Caroline Conroy
Q112763050,Clodagh Higgins,female,,,,,,
Q112763053,Noel Larkin,male,,,,,,
Q112763055,Frank Fahy,male,,,,,,
Q112763381,Pearce Flannery,male,,,,,,
Q1147738,Martin Brady,male,1947-05-07,11,,,,Martin Brady
Q1165622,Dara Calleary,male,1973-05-10,11,,,Dara Calleary (official portrait) 2020 (cropped).jpg,Dara Calleary
Q1166562,Darragh O'Brien,male,1974-07-08,11,,,Darragh O'Brien.jpg,Darragh O'Brien
Q1174055,David J. Cooney,male,1954-04-29,11,,,,David J. Cooney
Q1175932,David Norris,male,1944-07-01,11,,,David Norris politician.jpg,David Norris (politician)
Q1183377,Deirdre Clune,female,1959-06-01,11,,,Deirdre Clune 2014 (cropped).jpg,Deirdre Clune
Q1187575,Denis O'Donovan,male,1955-07-23,11,,,Denis O'Donovan at the Enthronement of Naruhito (1).jpg,Denis O'Donovan
Q1200273,Dermot Earley Snr,male,1948-02-24,11,2010-06-23,11,Dermot Earley 2009.jpg,Dermot Earley Snr
Q1200274,Dermot Lacey,male,1960-02-11,11,,,Dermot Lacey side profile 2014.jpg,Dermot Lacey
Q1200814,Desmond O'Malley,male,1939-02-02,11,2021-07-21,11,,Desmond O'Malley
Q1209149,Diarmuid Wilson,male,1965-11-20,11,,,Diarmuid Wilson.jpg,Diarmuid Wilson
Q1237573,Dominic Hannigan,male,1965-07,10,,,Dominic Hannigan.jpg,Dominic Hannigan
Q1239649,Donal Lyons,male,,7,,,,Donal Lyons
Q1271675,Paschal Donohoe,male,1974-09-19,11,,,Paschal Donohoe TD.jpg,Paschal Donohoe
Q12849,Trevor Sargent,male,1960-07-26,11,,,Trevor Sargent.jpg,Trevor Sargent
Q1301175,Eibhlin Byrne,female,,7,,,,Eibhlin Byrne
Q13156969,Brendan Griffin,male,1982-03-14,11,,,"Brendan Griffin, T.D. Fine Gael (cropped).JPG",Brendan Griffin (Kerry politician)
Q13156970,Brian Walsh,male,1972-09-28,11,,,,Brian Walsh (politician)
Q13157455,Joanna Tuffy,female,1965-03-09,11,,,Joanna Tuffy (cropped).jpg,Joanna Tuffy
Q13157552,Maureen O'Sullivan,female,1951-03-10,11,,,Maureen O'Sullivan (official portrait).jpg,Maureen O'Sullivan (politician)
Q13157830,Stephen Donnelly,male,1975-12-14,11,,,Stephen Donnelly 2016.jpg,Stephen Donnelly
Q13157894,Tony McLoughlin,male,1949-01-19,11,,,Tony McLoughlin.jpg,Tony McLoughlin
Q1345787,Marc MacSharry,male,1973-07-12,11,,,Marc McSharry in 2020.jpg,Marc MacSharry
Q1346309,"Eoin Ryan, Jnr",male,1953-02-24,11,,,,Eoin Ryan Jnr
Q13526416,Helen Keogh,female,1951-06-03,11,,,,Helen Keogh
Q13648706,Michael Colreavy,male,1948-09,10,,,Michael Colreavy 2011.jpg,Michael Colreavy
Q13653269,Nicky McFadden,female,1962-12-25,11,2014-03-25,11,,Nicky McFadden
Q1369468,John Hanafin,male,1960-09-27,11,,,,John Hanafin
Q1389005,Joe Higgins,male,1949-05-20,11,,,"Joe Higgins TD, 2014.jpg",Joe Higgins (politician)
Q1390670,Willie O'Dea,male,1952-11-01,11,,,Willie O'Dea 2009.jpg,Willie O'Dea
Q1390688,Michael Noonan,male,1943-05-21,11,,,Michael Noonan.jpg,Michael Noonan (Fine Gael politician)
Q1399304,Michael O'Kennedy,male,1936-02-21,11,2022-04-15,11,,Michael O'Kennedy
Q1399396,Proinsias De Rossa,male,1940-05-15,11,,,"Proinsias De Rossa, cropped.jpg",Proinsias De Rossa
Q1405662,Gay Mitchell,male,1951-12-30,11,,,Gay Mitchell.jpg,Gay Mitchell
Q1410728,Noel Ahern,male,1944-12-28,11,,,,Noel Ahern
Q1411297,Fidelma Healy Eames,female,1962-07-14,11,,,,Fidelma Healy Eames
Q1418534,Fiona O'Malley,female,1968-01-19,11,,,,Fiona O'Malley
Q142592,Ned O'Sullivan,male,1950-11-25,11,,,Ned O'Sullivan.jpg,Ned O'Sullivan
Q1441678,Francis O'Brien,male,1943-04-07,11,,,,Francis O'Brien (Irish politician)
Q1443220,Frank Fahey,male,1951-06-06,11,,,,Frank Fahey (politician)
Q1443237,Frank Feighan,male,1962-07-04,11,,,Frank Feighan 2014.jpg,Frank Feighan
Q1474714,Paul Gogarty,male,1968-12-20,11,,,Paul Gogarty Green Party.jpg,Paul Gogarty
Q14899977,Oisín Quinn,male,,7,,,Oisin Quinn 2013.jpg,Oisín Quinn
Q1499408,Shane McEntee,male,1956-12-19,11,2012-12-21,11,,Shane McEntee (politician)
Q1514795,Ivan Yates,male,1959-10-23,11,,,,Ivan Yates
Q15444373,Daniel Mulhall,male,1955-04-08,11,,,Daniel Mulhall 8315744 - cropped.jpg,Daniel Mulhall
Q154550,Bertie Ahern,male,1951-09-12,11,,,BertieAhernBerlin2007-bis.jpg,Bertie Ahern
Q1556791,Paddy Burke,male,1955-01-15,11,,,Paddy Burke 2014.jpg,Paddy Burke
Q1565292,Kieran Phelan,male,1949-11-19,11,2010-05-26,11,,Kieran Phelan
Q1572237,John L. Murray,male,1943-05-10,11,,,,John L. Murray (judge)
Q15992782,Harry Blaney,male,1928-02-18,11,2013-04-29,11,,Harry Blaney
Q16095540,Michael D'Arcy,male,1934-03-07,11,,,,Michael D'Arcy
Q16104401,John Browne,male,1936-10-01,11,2019-03-27,11,,John Browne (Fine Gael politician)
Q16104628,Donal Carey,male,1937-10-15,11,,,,Donal Carey
Q16104841,Michael Joe Cosgrave,male,1938-03-09,11,2022-01-09,11,,Michael Joe Cosgrave
Q16105085,Tom Gildea,male,1939-09,10,,,,Tom Gildea
Q16106036,Ned O'Keeffe,male,1942-08-01,11,,,,Ned O'Keeffe
Q16106914,John Dardis,male,1945-07-25,11,,,,John Dardis
Q16136488,Michael Kennedy,male,1949-02-01,11,,,,Michael Kennedy (Dublin politician)
Q16151677,Jerry Cowley,male,1952-11-11,11,,,,Jerry Cowley
Q16185464,Paddy McHugh,male,1953-01-23,11,,,,Paddy McHugh
Q16186226,John V. Farrelly,male,1954-11-04,11,,,,John V. Farrelly
Q16190329,Margaret Cox,female,1963-09-24,11,,,,Margaret Cox
Q16190372,Seán Dorgan,male,1968-03-13,11,,,,Seán Dorgan
Q16190547,Lorraine Higgins,female,1979-08-03,11,,,,Lorraine Higgins
Q16190651,John Kelly,male,1960-02-02,11,,,,John Kelly (Roscommon politician)
Q16196982,Imelda Henry,female,1967-03-05,11,,,,Imelda Henry
Q1635157,Noel Grealish,male,1965-12-16,11,,,Noel Grealish (official portrait) 2020 (cropped).jpg,Noel Grealish
Q1655204,Séamus Brennan,male,1948-02-16,11,2008-07-09,11,Séamus Brennan Jan 2008.jpg,Séamus Brennan
Q1657148,John Paul Kavanagh,male,1956-03-12,11,,,,
Q1669568,Maria Corrigan,female,,7,,,,Maria Corrigan
Q1670096,Simon Coveney,male,1972-06-16,11,,,Simon Coveney 2018.jpg,Simon Coveney
Q1672642,Michael Ahern,male,1949-01-20,11,,,,Michael Ahern (Irish politician)
Q16727814,Seán Canney,male,1960-04-06,11,,,Sean-canney-3.jpg,Seán Canney
Q16733565,Conor O'Boyle,male,1952,9,,,Conor O'Boyle.jpg,Conor O'Boyle
Q1680137,James Carroll,male,1983-08-21,11,,,,James Carroll (Louth politician)
Q1680465,Michael Lowry,male,1954-03-13,11,,,Michael Lowry.jpg,Michael Lowry
Q1681029,James Reilly,male,1955-08-16,11,,,James Reilly April 2014.jpg,James Reilly (Irish politician)
Q16866329,Grace O'Sullivan,female,1962-03-08,11,,,Grace O'Sullivan.jpg,Grace O'Sullivan
Q1689151,Jim McDaid,male,1949-10-03,11,,,Jim McDaid 2011 cropped.jpg,Jim McDaid
Q1689168,Jim Mitchell,male,1946-10-19,11,2002-12-02,11,,Jim Mitchell (politician)
Q1689237,Jim Walsh,male,1947-05-05,11,,,,Jim Walsh (Irish politician)
Q1691642,Joe Walsh,male,1943-05-01,11,2014-11-09,11,,Joe Walsh (Irish politician)
Q16979858,Matt Carthy,male,1977-07-19,11,,,Matt Carthy MEP (46672864762).jpg,Matt Carthy
Q16979875,Ruth Coppinger,female,1967-04-18,11,,,Ruth Coppinger.jpg,Ruth Coppinger
Q16980068,Gabrielle McFadden,female,1967-04-09,11,,,Gabrielle McFadden.jpg,Gabrielle McFadden
Q16980123,Roderic O'Gorman,male,1982-12-12,11,,,Roderic O'Gorman.jpg,Roderic O'Gorman
Q1699564,John Carty,male,1950-08-12,11,2014-01-30,11,,John Carty (Irish politician)
Q1700253,John Gormley,male,1959-08-04,11,,,"John Gormley TD, Minister for the Environment, Heritage and Local Government.jpg",John Gormley
Q1720409,Terry O'Flaherty,female,,7,,,,Terry O'Flaherty
Q1724125,Tom Sheahan,male,1968-09-05,11,,,,Tom Sheahan
Q1728820,Leo Varadkar,male,1979-01-18,11,,,Leo Varadkar TD (cropped).jpg,Leo Varadkar
Q1731879,Sean McCann,male,1950,9,,,Lt Gen McCann at CGSC HoF induction.jpg,Sean McCann (Irish Army general)
Q1738824,Terence Flanagan,male,1975-01-01,11,,,Terence Flanagan.jpg,Terence Flanagan
Q1745824,Royston Brady,male,1972-08-24,11,,,,Royston Brady
Q174662,Mary McAleese,female,1951-06-27,11,,,Mary McAleese.jpg,Mary McAleese
Q1747874,Rory Kiely,male,1934-05-01,11,2018-06-13,11,,Rory Kiely
Q177830,Andrew Montague,male,1968-02-29,11,,,"Andrew Montague, Lord Mayor of Dublin.jpg",Andrew Montague (Irish politician)
Q1792782,Noel Coonan,male,1951-01-06,11,,,,Noel Coonan
Q179332,Gerry Breen,male,1957-10-20,11,,,,Gerry Breen
Q1799423,Labhrás Ó Murchú,male,1939-08-14,11,,,,Labhrás Ó Murchú
Q1802106,Rory O'Hanlon,male,1934-02-07,11,,,,Rory O'Hanlon
Q180763,Michael Bell,male,1936-10-01,11,2011-05-20,11,,Michael Bell (Irish politician)
Q181017,Ben Briscoe,male,1934-03-11,11,,,,Ben Briscoe
Q18217265,Gerard Craughwell,male,1953-11-22,11,,,Bregenz- Subsidiarityconference-Gerard P Craughwell-01a.jpg,Gerard Craughwell
Q1822660,Liam Aylward,male,1952-09-27,11,,,"Flickr - DEEEP Project - MEP Liam Aylward, Ireland.jpg",Liam Aylward
Q1822676,Liam T. Cosgrave,male,1956-04-30,11,,,,Liam T. Cosgrave
Q18267375,Michael Fitzmaurice,male,1969-09-18,11,,,Michael Fitzmaurice.jpg,Michael Fitzmaurice (politician)
Q1827764,Lisa McDonald,female,1974-07-09,11,,,,Lisa McDonald
Q185272,Brian Cowen,male,1960-01-10,11,,,Brian Cowen at White House on Saint Patrick's Day 2009.jpg,Brian Cowen
Q1900009,Mark Daly,male,1973-03-12,11,,,Зустріч Президента України з головами обох палат парламенту Ірландії 11.jpg,Mark Daly (politician)
Q1903595,Martin Cullen,male,1954-11-02,11,,,Martin Cullen.jpg,Martin Cullen
Q1911246,Maurice Ahern,male,1938,9,,,,Maurice Ahern
Q1911289,Maurice Cummins,male,1953-02-25,11,,,,Maurice Cummins
Q1927431,Michael Fitzpatrick,male,1942-10-12,11,2011-10-14,11,,Michael Fitzpatrick (Kildare politician)
Q1928579,Michael McDowell,male,1951-05-29,11,,,McDowell says NO! (9826113044) (cropped).jpg,Michael McDowell (politician)
Q1928683,Michael Mulcahy,male,1960-06-23,11,,,,Michael Mulcahy (politician)
Q1929419,Michael Smith,male,1940-11-08,11,,,,Michael Smith (Irish politician)
Q19667349,Bríd Smith,female,1961-09-18,11,,,Bríd Smith.jpg,Bríd Smith
Q1984551,Niall Ó Brolcháin,male,1965-04-14,11,,,Niall O Brolchain Mayor Galway.jpg,Niall Ó Brolcháin
Q1995359,Noel Davern,male,1945-12-24,11,2013-10-27,11,,Noel Davern
Q19956665,Malcolm Byrne,male,1974-04-25,11,,,Malcolm Byrne1.jpg,Malcolm Byrne
Q1996590,Nora Owen,female,1945-06-01,11,,,,Nora Owen
Q2038800,Ruairi Quinn,male,1946-04-02,11,,,Ruairi Quinn (cropped).jpg,Ruairi Quinn
Q204172,Vincent Jackson,male,1966-03-01,11,,,,Vincent Jackson (politician)
Q205100,Mark Dearey,male,1963-03-19,11,,,Mark Deery.jpeg,Mark Dearey
Q2056456,Pat Carey,male,1947-11-09,11,,,Pat Carey 2011 cropped.jpg,Pat Carey
Q2058966,Paul Bradford,male,1963-12-01,11,,,,Paul Bradford
Q20713424,Críona Ní Dhálaigh,female,,7,,,Críona Ní Dhálaigh.jpg,Críona Ní Dhálaigh
Q2074266,Peter Callanan,male,1935-06-29,11,2009-10-11,11,,Peter Callanan
Q20744658,Noel Rock,male,1987-11-11,11,,,Noel Rock.jpg,Noel Rock
Q2120114,Pádraic McCormack,male,1942-05-15,11,,,,Pádraic McCormack
Q21284907,Cormac Devlin,male,1980-08-30,11,,,Cllr Cormac Devlin Hi Res.jpg,Cormac Devlin
Q2149121,Richard Boyd Barrett,male,1967-02-06,11,,,Richard Boyd Barrett (official 2016 portrait).jpg,Richard Boyd Barrett
Q2150485,Richard Ryan,male,1946,9,,,,Richard Ryan (diplomat)
Q2159037,Robert Troy,male,1982-01-24,11,,,Robert Troy.jpg,Robert Troy
Q21642364,Máiría Cahill,female,1981,9,,,,Máiría Cahill
Q2165795,Ronan Keane,male,1932-07-20,11,,,,Ronan Keane
Q221888,Seán Barrett,male,1944-08-09,11,,,Seán Barrett Ceann Comhairle 2015.png,Seán Barrett (politician)
Q2276016,Seán Doherty,male,1944-06-29,11,2005-06-07,11,,Seán Doherty (Roscommon politician)
Q2276044,Seán Kenny,male,1942-10-01,11,,,,Seán Kenny (politician)
Q2276876,Shane Ross,male,1949-07-11,11,,,Shane Ross (official portrait).jpg,Shane Ross
Q22966979,Catherine Martin,female,1972-12-07,11,,,Catherine Martin TD.jpg,Catherine Martin (politician)
Q22978595,Gino Kenny,male,1972-06-25,11,,,Gino Kenny.jpg,Gino Kenny
Q23006293,Imelda Munster,female,1968-02-24,11,,,Imelda Munster 2015.jpg,Imelda Munster
Q23006296,Shane Cassells,male,1971-03-26,11,,,Shane Cassells (official portrait).jpg,Shane Cassells
Q23006297,Kathleen Funchion,female,1981-04-22,11,,,Kathleen Funchion 2015.jpg,Kathleen Funchion
Q23006298,Michael Harty,male,1955-04-07,11,,,Michael Harty.jpg,Michael Harty (politician)
Q23006301,Frank O'Rourke,male,1969-06-11,11,,,Frank O'Rourke.jpg,Frank O'Rourke (politician)
Q23006305,Maria Bailey,female,1976-04-10,11,,,Maria Bailey TD.jpg,Maria Bailey
Q23006306,John Brady,male,1973-07-18,11,,,John Brady 2015.jpg,John Brady (Sinn Féin politician)
Q23006307,John Brassil,male,1963-05-16,11,,,John Brassil.jpg,John Brassil
Q23006308,Declan Breathnach,male,1959-06-01,11,,,Declan Breathnach 2016 (cropped).jpg,Declan Breathnach
Q23006310,Colm Brophy,male,1973-01-09,11,,,Colm Brophy.jpg,Colm Brophy
Q23006311,James Browne,male,1975-11-09,11,,,James Browne politician.jpg,James Browne (Fianna Fáil politician)
Q23006312,Pat Buckley,male,1968-07-13,11,,,Pat Buckley 2016.jpg,Pat Buckley (Irish politician)
Q23006313,Peter Burke,male,1982-10-22,11,,,Peter Burke politician.jpg,Peter Burke (politician)
Q23006314,Mary Butler,female,1963-01-27,11,,,Mary Butler.jpg,Mary Butler (politician)
Q23006315,Jackie Cahill,male,1957-08-05,11,,,Jackie Cahill.jpg,Jackie Cahill
Q23006316,Pat Casey,male,1962-03-11,11,,,Pat Casey.jpg,Pat Casey (politician)
Q23006317,Lisa Chambers,female,1986-08-24,11,,,Lisa Chambers (official portrait).jpg,Lisa Chambers
Q23006318,Jack Chambers,male,1990-11-21,11,,,Jack Chambers.jpg,Jack Chambers (politician)
Q23006319,Michael Collins,male,1958-07-15,11,,,Michael Collins politician.jpg,Michael Collins (Schull politician)
Q23006320,Danny Healy-Rae,male,1954-07-16,11,,,Danny Healy-Rae.jpg,Danny Healy-Rae
Q23006321,Martin Kenny,male,1971-10-01,11,,,Martin Kenny 2015 (cropped).jpg,Martin Kenny
Q23006322,John Lahart,male,1960-10-08,11,,,John Lahart.jpg,John Lahart
Q23006323,James Lawless,male,1976-08-19,11,,,James Lawless TD.jpg,James Lawless
Q23006324,Josepha Madigan,female,1970-05-21,11,,,Josepha Madigan.jpg,Josepha Madigan
Q23006325,Denise Mitchell,female,1976-11-22,11,,,Denise Mitchell 2015.jpg,Denise Mitchell
Q23006326,Kevin Moran,male,1963-05-12,11,,,Kevin Boxer Moran.jpg,"Kevin ""Boxer"" Moran"
Q23006327,Aindrias Moynihan,male,1967-10-17,11,,,Aindrias Moynihan.jpg,Aindrias Moynihan
Q23006328,Margaret Murphy O'Mahony,female,1969-10-07,11,,,Margaret Murphy O'Mahony.jpg,Margaret Murphy O'Mahony
Q23006329,Eugene Murphy,male,1965-08-26,11,,,Eugene Murphy.jpg,Eugene Murphy
Q23006330,Tom Neville,male,1975-09-25,11,,,Tom Neville 2016.png,Tom Neville (politician)
Q23006332,Carol Nolan,female,1978-05-23,11,,,Carol Nolan 2015.jpg,Carol Nolan
Q23006333,Jim O'Callaghan,male,1968-01-05,11,,,Jim O'Callaghan.jpg,Jim O'Callaghan
Q23006334,Kate O'Connell,female,1980-01-03,11,,,Kate O'Connell in 2014.jpg,Kate O'Connell
Q23006335,Kevin O'Keeffe,male,1964-03-09,11,,,Kevin O'Keeffe.jpg,Kevin O'Keeffe (politician)
Q23006336,Donnchadh Ó Laoghaire,male,1989-06-14,11,,,Donnchadh Ó Laoghaire 2014.jpg,Donnchadh Ó Laoghaire
Q23006337,Fiona O'Loughlin,female,1965-09-08,11,,,Fiona O'Loughlin.jpg,Fiona O'Loughlin (politician)
Q23006338,Louise O'Reilly,female,1973-07-28,11,,,Louise O'Reilly TD (32890052618) (cropped).jpg,Louise O'Reilly
Q23006339,Anne Rabbitte,female,1970-04-11,11,,,Anne Rabbitte.jpg,Anne Rabbitte
Q23006341,Niamh Smyth,female,1972-04-19,11,,,Niamh Smyth (portrait).jpg,Niamh Smyth
Q23884109,Cian O'Callaghan,male,1979-05-10,11,,,Cian O'Callaghan 2020.jpg,Cian O'Callaghan
Q24006725,Lynn Ruane,female,1984-10-20,11,,,Lynn Ruane TD.jpg,Lynn Ruane
Q24049120,Alice Mary Higgins,female,1975-06-17,11,,,Alice-Mary Higgins.jpg,Alice Mary Higgins
Q24053488,Fintan Warfield,male,1992-03-16,11,,,Fintan Warfield 2015.jpg,Fintan Warfield
Q24053506,Tim Lombard,male,1976-02-17,11,,,Tim Lombard.jpg,Tim Lombard
Q24053519,Jennifer Murnane-O'Connor,female,1966-05-24,11,,,Jennifer Murnane O'Connor.jpg,Jennifer Murnane O'Connor
Q24053520,Robbie Gallagher,male,1968-02-19,11,,,Robbie Gallagher.jpg,Robbie Gallagher
Q24053534,Aidan Davitt,male,1978-10-13,11,,,Aidan Davitt.jpg,Aidan Davitt
Q24053535,Gerry Horkan,male,1961-07-22,11,,,Gerry Horkan.jpg,Gerry Horkan
Q24053543,Maura Hopkins,female,1984-05-25,11,,,Maura Hopkins.jpg,Maura Hopkins
Q2405660,Terry Leyden,male,1945-10-01,11,,,Terry Leyden.jpg,Terry Leyden
Q24196921,Victor Boyhan,male,1961-04-30,11,,,Victor Boyhan.jpg,Victor Boyhan
Q24196922,Rose Conway-Walsh,female,1969-10-13,11,,,Rose Conway Walsh 2016.jpg,Rose Conway-Walsh
Q24196924,Maria Byrne,female,1967-11-27,11,,,Senator Maria Byrne.jpg,Maria Byrne
Q24196925,Lorraine Clifford-Lee,female,1972-07-24,11,,,Lorraine Clifford-Lee.jpg,Lorraine Clifford-Lee
Q24196926,Máire Devine,female,1972-09-07,11,,,Máire Devine 2015.jpg,Máire Devine
Q24196927,Paul Gavan,male,1965-11-29,11,,,Paul Gavan 2016.jpg,Paul Gavan
Q24196928,Keith Swanick,male,1974-07-12,11,,,Keith Swanick.jpg,Keith Swanick
Q24196929,Neale Richmond,male,1985-12-06,11,,,Neale Richmond 2016.jpg,Neale Richmond
Q24196930,Catherine Ardagh,female,1982-09-20,11,,,Catherine Ardagh.jpg,Catherine Ardagh
Q24266621,Colette Kelleher,female,1960-10-09,11,,,Colette Kelleher.jpg,Colette Kelleher
Q24266623,Billy Lawless,male,1951-07-04,11,,,Billy Lawless.jpg,Billy Lawless
Q24266625,Pádraig Ó Céidigh,male,1957-01-02,11,,,Pádraig Ó Céidigh.jpg,Pádraig Ó Céidigh
Q2434824,Timmy Dooley,male,1969-02-13,11,,,Timmy Dooley.jpg,Timmy Dooley
Q2439786,Tom Kitt,male,1952-07-11,11,,,Tom Kitt 2012.jpg,Tom Kitt (politician)
Q2442656,Tony Kett,male,1951-06-01,11,2009-04-19,11,,Tony Kett
Q2442673,Tony Killeen,male,1952-06-09,11,,,Tony Killeen 2010.jpg,Tony Killeen
Q2463581,Kate Walsh,female,1947-03-01,11,2007-04-24,11,,Kate Walsh (politician)
Q248784,Pearse Doherty,male,1977-07-06,11,,,Pearse Doherty 2015.jpg,Pearse Doherty
Q249955,Áine Brady,female,1954-09-08,11,,,,Áine Brady
Q25184047,Paul Daly,male,1958-01-19,11,,,Paul Daly.jpg,Paul Daly (politician)
Q25184096,John Dolan,male,1956-01-13,11,,,John Dolan politician.jpg,John Dolan (politician)
Q25184305,Joan Freeman,female,1958-04-02,11,,,JoanFreemanPetaHousePressPack.jpg,Joan Freeman (politician)
Q254202,Naoise Ó Muirí,male,1972-09-15,11,,,Naoise Ó Muirí 2013.jpg,Naoise Ó Muirí
Q25433292,Sharon Donnery,female,1972-11-01,11,,,,Sharon Donnery
Q25993038,Brendan Carr,male,,7,,,Brendan Carr.jpg,Brendan Carr (politician)
Q2623867,Alex White,male,1958-12-03,11,,,Alex White TD 2014 (cropped).jpg,Alex White (politician)
Q263468,Ann Ormonde,female,1935-01-20,11,,,,Ann Ormonde
Q263894,John Lyons,male,1977-06,10,,,John Lyons 2012.jpg,John Lyons (Dublin politician)
Q273274,Éamon Ó Cuív,male,1950,9,,,Éamon Ó Cuív clutching a cup.png,Éamon Ó Cuív
Q278178,Seán Haughey,male,1961-11-08,11,,,Seán Haughey 2010.jpg,Seán Haughey
Q278830,Tony Gregory,male,1947-12-05,11,2009-01-02,11,,Tony Gregory
Q282462,Pat Moylan,male,1946-09-12,11,,,,Pat Moylan (politician)
Q28363948,Paul McAuliffe,male,1977-02-08,11,,,Paul McAuliffe in eu.jpg,Paul McAuliffe
Q2975532,Clare Daly,female,1968-04-16,11,,,Clare Daly (48758765246) (cropped).jpg,Clare Daly
Q30278309,Séamus Woulfe,male,1962-05-26,11,,,,Séamus Woulfe
Q303304,Charlie McCreevy,male,1949-09-30,11,,,Charlie McCreevy portrait.jpg,Charlie McCreevy
Q304576,Geraldine Feeney,female,1957-09-09,11,,,,Geraldine Feeney
Q3080811,Frances Black,female,1960-06-25,11,,,Frances Black.jpg,Frances Black
Q3265837,Lucinda Creighton,female,1980-01-20,11,,,Lucinda Creighton (cropped).jpg,Lucinda Creighton
Q333701,John Bruton,male,1947-05-18,11,,,BrutonJohn.png,John Bruton
Q335783,Michael Conaghan,male,1944-09,10,,,,Michael Conaghan
Q3545632,Austin Currie,male,1939-10-11,11,2021-11-09,11,Austin Currie 2014 (cropped).jpg,Austin Currie
Q356460,Dick Spring,male,1950-08-29,11,,,"Irish Tánaiste Dick Spring at the White House, 16 Nov 1993.jpg",Dick Spring
Q371007,Ciarán Cannon,male,1965-09-19,11,,,Ciaran Cannon.jpg,Ciarán Cannon
Q3744449,Dinny McGinley,male,1945-04-27,11,,,Donnchadh Mac Fhionnghaile.jpg,Dinny McGinley
Q3777412,John Perry,male,1956-08-15,11,,,,John Perry (Irish politician)
Q3777426,Michael Moynihan,male,1968-01-12,11,,,Michael Moynihan.jpg,Michael Moynihan (Cork politician)
Q3777436,Seán Fleming,male,1958-02-01,11,,,Seán Fleming.jpg,Seán Fleming
Q3777446,Joe Costello,male,1945-07-13,11,,,Joe Costello 2013.jpg,Joe Costello (politician)
Q3777456,Tommy Broughan,male,1947-08-01,11,,,Thomas P. Broughan.jpg,Tommy Broughan
Q3777461,Kathleen Lynch,female,1953-06-07,11,,,Kathleen Lynch 2013.jpg,Kathleen Lynch (politician)
Q3777469,Paul Kehoe,male,1973-01-11,11,,,Paul Kehoe TD.jpg,Paul Kehoe
Q3777472,Michael Ring,male,1953-12-24,11,,,Michael Ring 2012 cropped.jpg,Michael Ring
Q3777482,Róisín Shortall,female,1954-04-25,11,,,Róisín Shortall 2020.jpg,Róisín Shortall
Q3777488,John Browne,male,1948-08-01,11,,,,John Browne (Fianna Fáil politician)
Q3777503,Barry Andrews,male,1967-05-16,11,,,"Barry Andrews, IIEA, Dec 2018.jpg",Barry Andrews (politician)
Q3777521,Billy Timmins,male,1959-10-01,11,,,,Billy Timmins
Q3777530,Brian O'Shea,male,1944-12-09,11,,,,Brian O'Shea (politician)
Q3777541,Emmet Stagg,male,1944-10-01,11,,,Emmet Stagg 2014.jpg,Emmet Stagg
Q3777548,Fergus O'Dowd,male,1948-09-01,11,,,Fergus O'Dowd 2013.jpg,Fergus O'Dowd
Q3777550,Jack Wall,male,1945-07-01,11,,,,Jack Wall (politician)
Q3777562,John Deasy,male,1967-10-08,11,,,John Deasy 2015.jpg,John Deasy (Fine Gael politician)
Q3777573,Ivor Callely,male,1958-05-06,11,,,,Ivor Callely
Q3777584,Tom Hayes,male,1952-02-16,11,,,,Tom Hayes (Irish politician)
Q3777594,Olivia Mitchell,female,1947-07-31,11,,,Olivia Mitchell.jpg,Olivia Mitchell
Q3777612,David Stanton,male,1957-02-15,11,,,David Stanton 2016.jpg,David Stanton (politician)
Q3777896,Damien English,male,1978-02-21,11,,,Damien English 2015.jpg,Damien English
Q3778169,Luke 'Ming' Flanagan,male,1972-01-22,11,,,Luke 'Ming' Flanagan Strokestown 2011.png,Luke 'Ming' Flanagan
Q3778315,Niall Ó Donnghaile,male,1985-05-28,11,,,Niall Ó Donnghaile (cropped).jpg,Niall Ó Donnghaile
Q380182,Albert Reynolds,male,1932-11-03,11,2014-08-21,11,Albert Reynolds (cropped).jpg,Albert Reynolds
Q380299,Dan Neville,male,1946-12-08,11,,,,Dan Neville
Q380301,Liam Twomey,male,1967-04-03,11,,,"Liam Twomey, May 2015 (17744432900) (cropped).jpg",Liam Twomey
Q380306,Dan Boyle,male,1962-08-14,11,,,"Senator Dan Boyle, Cork South Central.jpg",Dan Boyle (politician)
Q380310,Ciarán Cuffe,male,1963-04-03,11,,,Ciarán Cuffe Annual Green Convention 2018.jpg,Ciarán Cuffe
Q380312,Noel Dempsey,male,1953-01-06,11,,,Noel Dempsey cropped.jpg,Noel Dempsey
Q380320,Bernard Durkan,male,1945-03-26,11,,,Bernard Durkan (official portrait) 2020 (cropped) 2.png,Bernard Durkan
Q380333,Bernard Allen,male,1944-09-09,11,,,,Bernard Allen (Irish politician)
Q381658,Denis Naughten,male,1973-06-23,11,,,DOOR STEP 2016-07-12 Denis Naughten (27644046983).jpg,Denis Naughten
Q384658,Anthony Lawlor,male,1959-06-13,11,,,Anthony Lawlor.jpg,Anthony Lawlor
Q41536567,Mícheál Mac Donncha,male,1965-03-11,11,,,Mícheál Mac Donncha 2015.jpg,Mícheál Mac Donncha
Q436181,Síle de Valera,female,1954-12-17,11,,,,Síle de Valera
Q444372,Marian Harkin,female,1953-11-26,11,,,Marian Harkin 2012.jpg,Marian Harkin
Q444646,Déirdre de Búrca,female,1963-10,10,,,Deirdre de Búrca at Lisbon 2.jpg,Déirdre de Búrca
Q444685,Joan Burton,female,1949-02-01,11,,,Joan Burton crop.jpg,Joan Burton
Q444705,Mary Coughlan,female,1965-05-28,11,,,Mary Coughlan.jpg,Mary Coughlan (politician)
Q444725,Jan O'Sullivan,female,1950-12-06,11,,,Jan O'Sullivan.jpg,Jan O'Sullivan
Q454149,Alan Dukes,male,1945-04-20,11,,,Alan Dukes.jpg,Alan Dukes
Q454245,Alan Kelly,male,1975-07-13,11,,,Alan Kelly 2011.jpg,Alan Kelly (politician)
Q466028,Brendan Howlin,male,1956-05-09,11,,,Brendan Howlin Aviva (cropped).jpg,Brendan Howlin
Q466044,Brendan Smith,male,1956-06-01,11,,,Brendan Smith (portrait).jpg,Brendan Smith (politician)
Q466058,Séamus Pattison,male,1936-04-19,11,2018-02-04,11,,Séamus Pattison
Q467029,Johnny Brady,male,1948-01-01,11,,,,Johnny Brady
Q467414,Mary Lou McDonald,female,1969-05-01,11,,,"Mary Lou McDonald, 2018.jpg",Mary Lou McDonald
Q467603,Mary White,female,1948-11-24,11,,,Mary White Green Party.jpg,Mary White (Green Party politician)
Q467625,Mary Harney,female,1953-03-11,11,,,Mary Harney cropped.jpg,Mary Harney
Q467641,Mary Hanafin,female,1959-06-01,11,,,Mary Hanafin (cropped).jpg,Mary Hanafin
Q4687826,Aengus Ó Snodaigh,male,1964-07-31,11,,,Aengus OSnodaigh.JPG,Aengus Ó Snodaigh
Q4696759,Aideen Hayden,female,1959,9,,,Senator Aideen Hayden (cropped).jpg,Aideen Hayden
Q4706516,Alan Dillon,male,1984,9,,,Alan Dillon 2020.jpg,Alan Dillon
Q4706603,Alan Farrell,male,1977-12-29,11,,,Alan Farrell 2014.jpg,Alan Farrell
Q472742,Dick Roche,male,1947-03-30,11,,,,Dick Roche
Q472750,Batt O'Keeffe,male,1945-04-02,11,,,Batt O'Keeffe 2.png,Batt O'Keeffe
Q4756404,Andrew Boylan,male,1939-01-01,11,,,,Andrew Boylan (politician)
Q4756838,Andrew Doyle,male,1960-07-02,11,,,"Andrew Doyle, May 2015.jpg",Andrew Doyle (politician)
Q4766503,Ann Leonard,female,1969-01-02,11,,,,Ann Leonard
Q4766625,Ann Phelan,female,1961-09-16,11,,,Ann Phelan 2013.jpg,Ann Phelan
Q4768330,Anne Ferris,female,1954-09-24,11,,,,Anne Ferris
Q4778602,Aodhán Ó Ríordáin,male,1976-07-22,11,,,Aodhán Ó Ríordáin.jpg,Aodhán Ó Ríordáin
Q4799756,Arthur Morgan,male,1954-07-23,11,,,ArthurMorganSinnFein.JPG,Arthur Morgan (Irish politician)
Q4800340,Arthur Spring,male,1976-07-05,11,,,,Arthur Spring
Q4828310,Averil Power,female,1978-07-26,11,,,Averil Power 2.jpg,Averil Power
Q4864133,Barry Cowen,male,1967-08-28,11,,,Barry Cowen.jpg,Barry Cowen
Q4899405,Beverley Flynn,female,1966-06-09,11,,,,Beverley Flynn
Q4960207,Breeda Moynihan-Cronin,female,1953-03-31,11,,,,Breeda Moynihan-Cronin
Q4960950,Brendan Kenneally,male,1955-04-01,11,,,,Brendan Kenneally
Q4960994,Brendan McGahon,male,1936-11-22,11,2017-02-08,11,Brendan McGahon TD.jpg,Brendan McGahon
Q4961085,Brendan Ryan,male,1946-08-06,11,,,,Brendan Ryan (Cork politician)
Q4961087,Brendan Ryan,male,1953-02-05,11,,,Brendan Ryan 2013.png,Brendan Ryan (Dublin politician)
Q4963985,Brian Hayes,male,1969-08-23,11,,,Minister Brian Hayes at Sneem River.JPG,Brian Hayes (politician)
Q4965374,Brian Stanley,male,1961-01-12,11,,,Brian Stanley 2013.jpg,Brian Stanley (politician)
Q5034361,Caoimhghín Ó Caoláin,male,1953-09-18,11,,,Caoimhghín Ó Caoláin speaking to press 2013 crop.jpg,Caoimhghín Ó Caoláin
Q5052598,Catherine Connolly,female,1957-07-12,11,,,Catherine Connolly.jpg,Catherine Connolly
Q5052836,Catherine Murphy,female,1953-09-01,11,,,Catherine Murphy politician frameless photo.jpg,Catherine Murphy (politician)
Q5052845,Catherine Noone,female,1976-06-24,11,,,Catherine Noone.jpg,Catherine Noone
Q5085220,Charlie McConalogue,male,1977-10-04,11,,,Charlie McConalogue 2011.jpg,Charlie McConalogue
Q5085319,Charlie O'Connor,male,1946-04-09,11,,,,Charlie O'Connor
Q509840,Phil Prendergast,female,1959-09-20,11,,,"Prendergast, Phil-9374.jpg",Phil Prendergast
Q5105734,Chris Andrews,male,1964-05-25,11,,,Chris Andrews 2018.jpg,Chris Andrews (politician)
Q5106553,Chris Flood,male,1947-05-01,11,,,,Chris Flood
Q5108397,Chris Wall,male,1946-12-23,11,,,,Chris Wall
Q5113623,Christy Burke,male,,7,,,Christy Burke.jpg,Christy Burke
Q5113670,Christy O'Sullivan,male,1948-11-27,11,,,,Christy O'Sullivan
Q5119115,Ciara Conway,female,1980-08-13,11,,,Ciara Conway 2014.jpg,Ciara Conway
Q5119177,Ciarán Lynch,male,1964-06-13,11,,,Ciarán Lynch 2014.jpg,Ciarán Lynch
Q5147686,Colm Keaveney,male,1971-01-11,11,,,,Colm Keaveney
Q5147690,Colm Mangan,male,,,,,,Colm Mangan
Q5162247,Conor Lenihan,male,1963-03-03,11,,,Conor Lenihan.jpg,Conor Lenihan
Q5200376,Cyprian Brady,male,1962-06-26,11,,,,Cyprian Brady
Q52004188,Gary Gannon,male,1987-02-18,11,,,G Gannon.jpg,Gary Gannon
Q5202329,Cáit Keane,female,1949-09-24,11,,,,Cáit Keane
Q5213804,Dan Kiely,male,1940-05-10,11,,,,Dan Kiely
Q5214548,Dan Wallace,male,1942-06-14,11,,,,Dan Wallace (politician)
Q5221987,Dara Murphy,male,1969-12-02,11,,,Dara Murphy 2015.jpg,Dara Murphy
Q5232711,David Cullinane,male,1974-07-04,11,,,David Cullinane TD (40211918003) (cropped).jpg,David Cullinane
Q5249362,Declan McDonnell,male,1948,9,,,,Declan McDonnell
Q525437,Emer Costello,female,1962-09-03,11,,,"Costello, Emer-2148.jpg",Emer Costello
Q5257181,Denis Cregan,male,1940-05-04,11,,,,Denis Cregan
Q5257240,Denis Foley,male,1934-05-14,11,2013-10-26,11,,Denis Foley
Q5257341,Denis Landy,male,1962-02-28,11,,,Denis Landy.jpg,Denis Landy
Q5262098,Derek Keating,male,1955-05,10,,,Derek Keating 2014 (cropped).jpg,Derek Keating
Q5262181,Derek McDowell,male,1958-09-01,11,,,,Derek McDowell
Q5262229,Derek Nolan,male,1982,9,,,Derek Nolan Election Photo.jpg,Derek Nolan
Q5262807,Dermot Fitzpatrick,male,1940-04-12,11,2022-03-23,11,,Dermot Fitzpatrick
Q5263460,Des Hanafin,male,1930-09-09,11,2017-06-22,11,,Des Hanafin
Q5265060,Dessie Ellis,male,1953-09-23,11,,,"Cllr Ellis Mansion House, Dublin.JPG",Dessie Ellis
Q526983,Joe Doyle,male,1936-06-27,11,2009-08-08,11,,Joe Doyle (politician)
Q5277023,Willie Penrose,male,1956-08-01,11,,,Willie Penrose 2005 cropped.jpg,Willie Penrose
Q5293035,Don Lydon,male,1938-08-07,11,,,,Don Lydon
Q529364,Alan Shatter,male,1951-02-01,11,,,Alan Shatter.jpg,Alan Shatter
Q5293879,Donal Moynihan,male,1941-10-02,11,,,,Donal Moynihan
Q5293884,Donal O'Donnell,male,1958-04-10,11,,,,Donal O'Donnell
Q530899,Mary White,female,1944-10-07,11,,,,Mary White (Fianna Fáil politician)
Q5325539,Eamon Scanlon,male,1954-09-20,11,,,Eamon Scanlon (cropped).jpg,Eamon Scanlon
Q5325575,Eamonn Maloney,male,1953,9,,,,Eamonn Maloney
Q5335860,Eddie Bohan,male,1932-11-23,11,2019-07-21,11,,Eddie Bohan
Q5336548,Eddie Wade,male,1948,9,,,,Eddie Wade
Q5375897,Enda Bonner,male,1949,9,,,,Enda Bonner
Q5381676,Eoghan Harris,male,1943,9,,,,Eoghan Harris
Q5381683,Eoghan Murphy,male,1982-04-23,11,,,Eoghan Murphy 2014.png,Eoghan Murphy
Q5381749,Eoin Ó Broin,male,1972-09-11,11,,,Eoin Ó Broin 2016 (cropped).jpg,Eoin Ó Broin
Q5386225,Eric Byrne,male,1947-04-21,11,,,Eric Byrne 2010 (cropped).jpg,Eric Byrne
Q5394391,Ernie Caffrey,male,1936-10-01,11,,,,Ernie Caffrey
Q540353,Mary Upton,female,1946-05-30,11,,,,Mary Upton
Q540369,Cecilia Keaveney,female,1968-11-27,11,,,,Cecilia Keaveney
Q5407677,Eugene Regan,male,1955-06-12,11,,,,Eugene Regan
Q540801,Avril Doyle,female,1949-04-18,11,,,,Avril Doyle
Q540812,Frances Fitzgerald,female,1950-08-01,11,,,Frances Fitzgerald 2011.jpg,Frances Fitzgerald (politician)
Q540826,Catherine Byrne,female,1956-02-26,11,,,Catherine Byrne TD.jpg,Catherine Byrne (Irish politician)
Q540847,Mary O'Rourke,female,1937-05-31,11,,,,Mary O'Rourke
Q5439434,Feargal Quinn,male,1936-11-27,11,2019-04-25,11,,Feargal Quinn
Q5444107,Fergal Browne,male,1973-09-01,11,,,,Fergal Browne
Q5446263,Fiach Mac Conghail,male,1964-08-04,11,,,,Fiach Mac Conghail
Q5450326,Finian McGrath,male,1953-04-09,11,,,Finian McGrath politician.jpg,Finian McGrath
Q5450970,"Fintan Coogan, Jnr",male,1944-06-02,11,,,,Fintan Coogan Jnr
Q5475429,Mark Mellett,male,1958-11-04,11,,,Vice Admiral Mark Mellett DSM.jpg,Mark Mellett
Q5485746,Frank Chambers,male,1949-03-03,11,,,,Frank Chambers
Q5485855,Frank Clarke,male,1951-10-10,11,,,,Frank Clarke (judge)
Q55083474,Tom Brabazon,male,,7,,,,Tom Brabazon
Q5512530,G. V. Wright,male,1947-08-03,11,,,,G. V. Wright
Q5541632,George Lee,male,1962-09-27,11,,,George Lee at count.jpg,George Lee (journalist)
Q5549440,Gerald Nash,male,1975-12-07,11,,,,Ged Nash
Q5550105,Gerard Murphy,male,1951-03-25,11,,,,Gerard Murphy (politician)
Q5553005,Gerry Reynolds,male,1961-04-01,11,,,,Gerry Reynolds (Irish politician)
Q55628347,Paddy Bourke,male,,,,,,Paddy Bourke (politician)
Q559402,Billy Kelleher,male,1968-01-20,11,,,Billy Kelleher.jpg,Billy Kelleher
Q559592,Donie Cassidy,male,1945-09-15,11,,,,Donie Cassidy
Q559627,Jimmy Deenihan,male,1952-09-11,11,,,"Minister Jimmy Deenihan at the Feile na Greine Festival, Tech Amergin, Waterville, Co Kerry. 2012.JPG",Jimmy Deenihan
Q559638,Pat Breen,male,1957-03-21,11,,,"Opening plenary session, 11 December 2017 cropped.jpg",Pat Breen
Q55973494,Nial Ring,male,,7,,,,Nial Ring
Q560453,Pat Rabbitte,male,1949-05-18,11,,,"Pat Rabbitte, May 2015 (cropped).jpg",Pat Rabbitte
Q564938,Anne Anderson,female,1952-07,10,,,Anne Anderson (cropped).jpg,Anne Anderson (diplomat)
Q5693903,Heather Humphreys,female,1963-05-14,11,,,Heather Humphreys 2016.jpg,Heather Humphreys
Q57276,Michael D. Higgins,male,1941-04-18,11,,,"President Higgins's visit FINIRISH BATT HQ, Lebanon (cropped).jpg",Michael D. Higgins
Q5761616,Hildegarde Naughton,female,1977-05-01,11,,,Hildegarde Naughton.jpg,Hildegarde Naughton
Q57815,Enda Kenny,male,1951-04-24,11,,,Enda Kenny (2012) (cropped).jpg,Enda Kenny
Q5930192,Hugh Byrne,male,1943-09-03,11,,,,Hugh Byrne (Fianna Fáil politician)
Q6097927,Ivana Bacik,female,1968-05-25,11,,,Ivana Bacik.jpg,Ivana Bacik
Q6116405,Jackie Healy-Rae,male,1931-03-09,11,2014-12-05,11,,Jackie Healy-Rae
Q6129349,James Bannon,male,1958-03-06,11,,,,James Bannon (Irish politician)
Q6130192,James Breen,male,1945-05-23,11,,,,James Breen
Q6135829,James Heffernan,male,1979-10-03,11,,,James heffernan.png,James Heffernan (Irish politician)
Q6143469,James Sreenan,male,,,,,James Sreenan.jpg,James Sreenan
Q6160313,Jarlath McDonagh,male,1945-06-01,11,,,,Jarlath McDonagh
Q616919,Paul Murphy,male,1983-04-13,11,,,Paul Murphy 2013.jpg,Paul Murphy (Irish politician)
Q6183343,Jerry Buttimer,male,1967-03-18,11,,,Jerry Buttimer 2014.jpg,Jerry Buttimer
Q6193190,Jillian van Turnhout,female,1968-03-29,11,,,Jillian van Turnhout.jpg,Jillian van Turnhout
Q6194504,Jim D'Arcy,male,1954-07-20,11,,,,Jim D'Arcy
Q6194524,Jim Daly,male,1972-12-20,11,,,Jim Daly politician.jpg,Jim Daly (politician)
Q6195203,"Jim Gibbons, Jnr",male,1954-04-26,11,,,,Jim Gibbons Jnr
Q6195251,Jim Glennon,male,1953-07-07,11,,,,Jim Glennon
Q6197248,Jim O'Keeffe,male,1941-03-31,11,,,,Jim O'Keeffe
Q6199988,Jimmy Devins,male,1948-09-20,11,,,,Jimmy Devins
Q6200307,Jimmy Harte,male,1958-02-27,11,,,,Jimmy Harte
Q6204959,Joan Collins,female,1961-06-04,11,,,Joan Collins TD 2011.jpg,Joan Collins (politician)
Q6208572,Joe Behan,male,1959-07-30,11,,,,Joe Behan
Q6209000,Joe Carey,male,1975-06-24,11,,,Joe Carey 2014.jpg,Joe Carey
Q6210507,Joe Jacob,male,1939-04-01,11,,,,Joe Jacob
Q6211254,Joe McHugh,male,1971-07-16,11,,,Senator Joe McHugh Fine Gael.JPG,Joe McHugh
Q6211607,Joe O'Reilly,male,1955-04-01,11,,,Joe O'Reilly Irish Cavan politician head.jpg,Joe O'Reilly
Q6211610,Joe O'Toole,male,1947-07-20,11,,,,Joe O'Toole
Q6212336,Joe Sherlock,male,1930-09-26,11,2007-09-10,11,,Joe Sherlock
Q6226912,John Connor,male,1944-02-14,11,,,,John Connor (Irish politician)
Q6227579,John Cregan,male,1961-05-21,11,,,,John Cregan (politician)
Q6227783,John Crown,male,1957-03-01,11,,,"Professor John Crown, stock headshot.jpg",John Crown
Q6227930,John Curran,male,1960-06-17,11,,,John Curran politician.jpg,John Curran (Irish politician)
Q6229186,John Dennehy,male,1940-03-22,11,,,,John Dennehy
Q6231649,John Ellis,male,1952-05-02,11,,,,John Ellis (Fianna Fáil politician)
Q6235412,John Gilroy,male,1967-07-20,11,,,John Gilroy.png,John Gilroy (politician)
Q6237376,John Halligan,male,1955-01-18,11,,,John Halligan 2011.jpg,John Halligan (politician)
Q6241177,John J. McGuinness,male,1955-03-15,11,,,John McGuinness 2006.jpg,John McGuinness (politician)
Q6248935,John Minihan,male,1957-11-24,11,,,,John Minihan (politician)
Q6249110,John Moloney,male,1953-06-12,11,,,,John Moloney (Irish politician)
Q6250954,John O'Mahony,male,1953-06-08,11,,,John O'Mahony.jpg,John O'Mahony (Mayo politician)
Q6252268,John Paul Phelan,male,1978-09-27,11,,,John Paul Phelan 2014.jpg,John Paul Phelan
Q6263737,John Whelan,male,1961-03-24,11,,,,John Whelan (Irish politician)
Q6274034,Jonathan O'Brien,male,1971-12-28,11,,,Jonathan O'Brien 2014.jpg,Jonathan O'Brien
Q63076102,Ronan Murphy,male,,,,,,
Q631505,Michael P. Kitt,male,1950-05-17,11,,,,Michael P. Kitt
Q6376580,Katherine Zappone,female,1953-11-25,11,,,Katherine Zappone.png,Katherine Zappone
Q6376872,Kathleen O'Meara,female,1960-01-24,11,,,,Kathleen O'Meara (politician)
Q6377108,Kathryn Reilly,female,1988-09-17,11,,,Kathryn Reilly (cropped).jpg,Kathryn Reilly
Q6396541,Kevin Humphreys,male,1958-02-04,11,,,Kevin Humphreys 2010.jpg,Kevin Humphreys (politician)
Q6405442,Kieran O'Donnell,male,1963-05-08,11,,,Kieran O'Donnell (cropped).jpg,Kieran O'Donnell
Q6490030,Larry Butler,male,,,,,,Larry Butler (Irish politician)
Q6539503,Liam Burke,male,1928-02-02,11,2005-08-21,11,,Liam Burke
Q6539591,Liam Fitzgerald,male,1949-09-01,11,,,,Liam Fitzgerald
Q6539618,Liam Hamilton,male,1928-09-08,11,2000-11-29,11,,Liam Hamilton
Q6539679,Liam Lawlor,male,1945-10-01,11,2005-10-22,11,,Liam Lawlor
Q6660249,Liz McManus,female,1947-03-23,11,,,"Liz McManus TD, Labour Party - Development of broadband infrastructure key to jobs and recovery.jpg",Liz McManus
Q6660259,Liz O'Donnell,female,1956-07-01,11,,,,Liz O'Donnell
Q6686733,Louis Belton,male,1943-11-30,11,,,,Louis Belton
Q6712688,M. J. Nolan,male,1951-01-25,11,,,,M. J. Nolan
Q6726942,Madeleine Taylor-Quinn,female,1951-05-26,11,,,,Madeleine Taylor-Quinn
Q6729013,Mae Sexton,female,1955-04-28,11,,,,Mae Sexton
Q6756353,Marcella Corcoran Kennedy,female,1963-01-07,11,,,Marcella Corcoran Kennedy 2016.jpg,Marcella Corcoran Kennedy
Q6759295,Margaret Conlon,female,1967-09-17,11,,,,Margaret Conlon
Q6761937,Marian McGennis,female,1953-11,10,,,,Marian McGennis
Q6762696,Marie-Louise O'Donnell,female,1952-09-05,11,,,Marie-Louise O'Donnell.jpg,Marie-Louise O'Donnell
Q6762958,Marie Moloney,female,1958-08-26,11,,,,Marie Moloney
Q6775185,Martin Conway,male,1974-04-08,11,,,Martin Conway.jpg,Martin Conway (Irish politician)
Q6775424,Martin Ferris,male,1952-02-10,11,,,Martin Ferris TD (6133609624).jpg,Martin Ferris
Q6775671,Martin Heydon,male,1978-08-09,11,,,Martin Heydon 2017.jpg,Martin Heydon
Q6776107,Martin Mackin,male,,,,,,Martin Mackin
Q6776121,Martin Mansergh,male,1946-12-31,11,,,Martin Mansergh.jpg,Martin Mansergh
Q6776147,Martin McAleese,male,1951-03-24,11,,,Martin McAleese at the Deloitte Awards 2008.jpg,Martin McAleese
Q6776425,Martin Quinn,male,1949-12-24,11,,,,Martin Quinn (mayor)
Q6778901,Mary Ann O'Brien,female,1960-09-08,11,,,,Mary Ann O'Brien
Q6779767,Mary Henry,female,1940-05-11,11,,,,Mary Henry (doctor)
Q6779848,Mary Jackman,female,1943-04-30,11,,,,Mary Jackman
Q6780355,Mary Mitchell O'Connor,female,1959-06-10,11,,,Mary Mitchell O'Connor 2011.jpg,Mary Mitchell O'Connor
Q6780375,Mary Moran,female,1960-06-28,11,,,,Mary Moran (politician)
Q6780912,Mary Wallace,female,1959-06-13,11,,,,Mary Wallace
Q6788387,Matt Brennan,male,1936-10-01,11,,,,Matt Brennan (politician)
Q6791813,Mattie McGrath,male,1958-09-01,11,,,Mattie McGrath.jpg,Mattie McGrath
Q6793183,Maurice Hayes,male,1927-07-08,11,2017-12-23,11,Dr Maurice Hayes.jpg,Maurice Hayes
Q6793327,Maurice Manning,male,1943-06-14,11,,,,Maurice Manning
Q6793427,Maurice Quinlivan,male,1967-11-23,11,,,Maurice Quinlivan 2015.jpg,Maurice Quinlivan
Q6828819,Michael Brennan,male,1946-09-24,11,,,,Michael Brennan (Progressive Democrats politician)
Q6829379,Michael Collins,male,1940-11-01,11,,,,Michael Collins (Limerick politician)
Q6829398,Michael Comiskey,male,1953-10-01,11,,,,Michael Comiskey
Q6829535,Michael Creed,male,1963-06-29,11,,,Michael Creed @ DOORSTEP - INFORMAL MEETING OF AGRICULTURE AND FISHERIES (Informal AGRIFISH) 2016-09-13 (29538589812).jpg,Michael Creed
Q6829565,Michael Crowe,male,,,,,,Michael Crowe (politician)
Q6830275,Michael Ferris,male,1931-11-21,11,2000-03-20,11,,Michael Ferris (politician)
Q6830301,Michael Finneran,male,1947-09-10,11,,,,Michael Finneran
Q6830305,Michael Finucane,male,1943-02-01,11,,,,Michael Finucane
Q6831036,Michael Healy-Rae,male,1967-01-11,11,,,Michael Healy Rae smiles for a Constituent.JPG,Michael Healy-Rae
Q6832633,Michael McCarthy,male,1976-11-15,11,,,,Michael McCarthy (politician)
Q6832712,Michael McGrath,male,1976-08-23,11,,,Michael McGrath 2014.png,Michael McGrath (Irish politician)
Q6832776,Michael McNamara,male,1974-03-01,11,,,Michael McNamara (official portrait) 2020 (cropped).jpg,Michael McNamara (politician)
Q6832958,Michael Mullins,male,1953-02-22,11,,,,Michael Mullins (politician)
Q6835128,Michael W. D'Arcy,male,1970-02-26,11,,,Michael D'Arcy 2014.jpg,Michael W. D'Arcy
Q6837190,Michelle Mulherin,female,1972-01-20,11,,,,Michelle Mulherin
Q6838053,Mick Barry,male,1964-09-17,11,,,Mick Barry TD 2016.jpg,Mick Barry (Irish politician)
Q6838273,Mick Lanigan,male,1938-01-30,11,,,,Mick Lanigan
Q6838473,Mick Wallace,male,1955-11-09,11,,,Nuclear Disarmament Making the world free from nuclear weapons (48915893717).jpg,Mick Wallace
Q6850969,Mildred Fox,female,1971-06-21,11,,,,Mildred Fox
Q6899904,Monica Barnes,female,1936-02-12,11,2018-05-03,11,,Monica Barnes
Q6949587,Máire Hoctor,female,1963-01-20,11,,,,Máire Hoctor
Q6949593,Máire Whelan,female,1965,9,,,,Máire Whelan
Q6949611,Máirín Quill,female,1936-09-15,11,,,,Máirín Quill
Q7023842,Niall Blaney,male,1974-01-29,11,,,,Niall Blaney
Q7023861,Niall Collins,male,1973-03-30,11,,,Niall Collins.jpg,Niall Collins
Q704379,Patrick Honohan,male,1949-10-09,11,,,,Patrick Honohan
Q70444118,Cathal Berry,male,,,,,Cathal Berry 2020.jpg,Cathal Berry
Q7047147,Noel O'Flynn,male,1951-12-01,11,,,,Noel O'Flynn
Q7088381,Ollie Wilkinson,male,1944-10-04,11,,,,Ollie Wilkinson
Q7088903,Olwyn Enright,female,1974-07-01,11,,,,Olwyn Enright
Q7117328,P. J. Sheehan,male,1933-03-01,11,2020-08-10,11,,P. J. Sheehan
Q7141779,Paschal Mooney,male,1947-10-14,11,,,,Paschal Mooney
Q7143361,Pat Deering,male,1967-02-02,11,,,Pat Deering 2016.png,Pat Deering
Q7143870,Pat O'Neill,male,1958-11-14,11,,,,Pat O'Neill (Kilkenny politician)
Q7147356,Patrick Nulty,male,1982-11-18,11,,,,Patrick Nulty
Q7147378,Patrick O'Donovan,male,1977-03-21,11,,,Patrick O'Donovan - 2018.jpg,Patrick O'Donovan
Q7148848,Paudge Connolly,male,1953-09-23,11,,,,Paudge Connolly
Q7148855,Paudie Coffey,male,1969-05-15,11,,,Paudie Coffey.jpg,Paudie Coffey
Q7149890,Paul Coghlan,male,1944-06-01,11,,,Senator Paul Coghlan.PNG,Paul Coghlan
Q7149927,"Paul Connaughton, Jnr",male,1982-01,10,,,,Paul Connaughton Jnr
Q7149929,"Paul Connaughton, Snr",male,1944-06-06,11,,,,Paul Connaughton Snr
Q7150801,Paul Gallagher,male,1955-03-20,11,,,,Paul Gallagher (barrister)
Q7152357,Paul McGrath,male,1948-02-01,11,,,,Paul McGrath (politician)
Q7157787,Peadar Tóibín,male,1974-06-19,11,,,Peadar Tóibín (official portrait) (cropped).jpg,Peadar Tóibín
Q7174004,Peter Fitzpatrick,male,1962-05-11,11,,,Peter Fitzpatrick.jpg,Peter Fitzpatrick
Q7175140,Peter Kelly,male,1944-08-17,11,2019-01-02,11,,Peter Kelly (Irish politician)
Q7175706,Peter Mathews,male,1951-08,10,2017-02-27,11,Peter Mathews.jpg,Peter Mathews (politician)
Q7176773,Peter Sands,male,1924-05-01,11,2015-10-17,11,,Peter Sands (politician)
Q7184252,Philip R. Lane,male,1969,9,,,,Philip R. Lane
Q7263993,Pádraig Conneely,male,,,,,Padraig Conneely iBackGalway2020.jpg,Pádraig Conneely
Q7264002,Pádraig Mac Lochlainn,male,1973-06-12,11,,,Pádraig Mac Lochlainn 2014.jpg,Pádraig Mac Lochlainn
Q7297275,Ray Butler,male,1965-12-30,11,,,Ray Butler.jpg,Ray Butler (politician)
Q7308461,Regina Doherty,female,1971-01-26,11,,,"Regina Doherty, 2017.jpg",Regina Doherty
Q73252969,Pippa Hackett,female,,7,,,Pippa Hackett.jpg,Pippa Hackett
Q7343623,Robert Dowds,male,1953-05,10,,,,Robert Dowds
Q734425,Eamonn Coghlan,male,1952-11-21,11,,,Eamonn Coghlan.jpg,Eamonn Coghlan
Q7366858,Rory Brady,male,1957-08-20,11,2010-07-19,11,,Rory Brady
Q7386552,Rónán Mullen,male,1970-10-13,11,,,RonanMullen2010.JPG,Rónán Mullen
Q7416710,Sandra McLellan,female,1961-05,10,,,"Sandra McLellan TD, Cork East (cropped).jpg",Sandra McLellan
Q7440817,Sean Barrett,male,1944,9,,,Sean Barrett 2014.png,Sean Barrett (economist)
Q7459463,Seán Ardagh,male,1947-11-25,11,2016-05-17,11,,Seán Ardagh
Q7459490,Seán Connick,male,1963-08-27,11,,,,Seán Connick
Q7459491,Seán Conlan,male,1975,9,,,,Seán Conlan
Q7459496,Seán Crowe,male,1957-03-07,11,,,Seán Crowe 2014 cropped.jpg,Seán Crowe
Q7459544,Seán Kyne,male,1975-05-07,11,,,Seán Kyne 2017.jpg,Seán Kyne
Q7459596,Seán Power,male,1960-10-14,11,,,,Seán Power (politician)
Q7459603,Seán Ryan,male,1943-01-27,11,,,,Seán Ryan (Irish politician)
Q7459604,Seán Sherlock,male,1972-12-06,11,,,Sean Sherlock Portrait 2020.jpeg,Seán Sherlock
Q7459627,Seán Ó Fearghaíl,male,1960-04-17,11,,,Seán Ó Fearghaíl 2016.jpg,Seán Ó Fearghaíl
Q7493156,Sheila Terry,female,1950-06-07,11,,,,Sheila Terry (politician)
Q75186229,Gabriel Makhlouf,male,1960,9,,,Gabriel Makhlouf.jpg,Gabriel Makhlouf
Q7518922,Simon Harris,male,1986-10-17,11,,,Simon Harris 2012.jpg,Simon Harris (politician)
Q76139,Gerry Adams,male,1948-10-06,11,,,Gerry Adams Pre Election Press Conference.jpg,Gerry Adams
Q7647744,Susan Denham,female,1945-05-07,11,,,Susan Denham 2014.jpg,Susan Denham
Q7648247,Susan O'Keeffe,female,1960-09-18,11,,,Susan O'Keeffe 2014.png,Susan O'Keeffe
Q7665856,Séamus Healy,male,1950-08-09,11,,,Séamus Healy 2015.jpg,Séamus Healy
Q76888082,Padraig O'Sullivan,male,1984-05-11,11,,,,Pádraig O'Sullivan
Q7704146,Terry Brennan,male,1942-05-24,11,2020-06-19,11,,Terry Brennan (politician)
Q77568223,Joe O'Brien,male,,,,,"Joe O'Brien TD, 2019.jpg",Joe O'Brien (politician)
Q77569458,Mark Ward,male,,,,,Mark Ward Sinn Féin.jpg,Mark Ward (politician)
Q7782845,Theresa Ahearn,female,1951-05-01,11,2000-09-20,11,,Theresa Ahearn
Q7782930,Therese Ridge,female,1941-03-01,11,,,,Therese Ridge
Q7788105,Thomas Byrne,male,1977-06-01,11,,,Thomas Byrne.jpg,Thomas Byrne (Meath politician)
Q7793298,Thomas Pringle,male,1967-08-11,11,,,Thomas Pringle politician.jpg,Thomas Pringle (politician)
Q7804066,Tim O'Malley,male,1944-07-03,11,,,,Tim O'Malley (politician)
Q781061,Austin Deasy,male,1936-08-26,11,2017-06-10,11,,Austin Deasy
Q7814890,Tom Barry,male,1968-10-10,11,,,,Tom Barry (politician)
Q7815415,Tom Costello,male,,,,,,Tom Costello (politician)
Q7815726,Tom Enright,male,1940-07-26,11,,,,Tom Enright
Q7815792,Tom Fitzgerald,male,1939-03-25,11,2013-06-07,11,,Tom Fitzgerald (Irish politician)
Q7815805,Tom Fleming,male,1951-02,10,,,,Tom Fleming (Irish politician)
Q7816800,Tom McEllistrim,male,1968-10-24,11,,,,Tom McEllistrim (born 1968)
Q7816909,Tom Moffatt,male,1940-01,10,,,,Tom Moffatt
Q7816948,Tom Morrissey,male,1956-07,10,,,,Tom Morrissey (politician)
Q7817161,Tom Parlon,male,1953-08-19,11,,,,Tom Parlon
Q7822223,Tony Dempsey,male,1944-05-11,11,,,,Tony Dempsey
Q7823028,Tony Mulcahy,male,1959-04-12,11,,,,Tony Mulcahy
Q7839512,Trevor Ó Clochartaigh,male,1968-03-14,11,,,Trevor Ó Clochartaigh 2013.jpg,Trevor Ó Clochartaigh
Q7878967,Ulick Burke,male,1943-11-19,11,,,,Ulick Burke (politician)
Q7909099,Val Hanley,male,,,,,,Val Hanley
Q8021497,Willie Farrell,male,1928-05-28,11,2010-04-08,11,,Willie Farrell
Q8076620,Áine Collins,female,1969-09-01,11,,,,Áine Collins
Q81771877,Hazel Chu,female,1980,9,,,Hazel Chu 2021 - 1 (cropped).jpg,Hazel Chu
Q83752372,Holly Cairns,female,1989-11-04,11,,,Holly Cairns - Irish politician.png,Holly Cairns
Q84712499,Johnny Guirke,male,,,,,Johnny Guirke 2020.jpg,Johnny Guirke
Q84716724,Johnny Mythen,male,,,,,,Johnny Mythen
Q84716734,Ruairí Ó Murchú,male,1978-05-03,11,,,Ruairí Ó Murchú 2020.jpg,Ruairí Ó Murchú
Q84724842,Darren O'Rourke,male,,,,,Darren O'Rourke Sinn Féin 013.jpg,Darren O'Rourke
Q84729304,Sorca Clarke,female,,,,,Sorca Clarke 2020.jpg,Sorca Clarke
Q84729392,Violet-Anne Wynne,female,1988,9,,,Violet-Anne Wynne 2020.jpg,Violet-Anne Wynne
Q84731161,Mairéad Farrell,female,1990-01-06,11,,,Mairéad Farrell 2014.jpg,Mairéad Farrell (politician)
Q84731177,Pa Daly,male,,,,,Pa Daly 2014.jpg,Pa Daly
Q84732712,Jennifer Carroll MacNeill,female,1980-09-05,11,,,Jennifer Carroll MacNeill 2020.jpg,Jennifer Carroll MacNeill
Q84742327,Marc Ó Cathasaigh,male,1977-01-03,11,,,Marc Ó Cathasaigh 2020.jpg,Marc Ó Cathasaigh
Q84753822,Christopher O'Sullivan,male,1982-06-02,11,,,Christopher O'Sullivan 2020.jpg,Christopher O'Sullivan
Q84764802,Neasa Hourigan,female,1980-10-09,11,,,Neasa Hourigan 2020.jpg,Neasa Hourigan
Q84764860,Brian Leddin,male,,,,,Brian Leddin.jpg,Brian Leddin
Q84765076,Malcolm Noonan,male,1966,9,,,Malcolm Noonan 2020.jpg,Malcolm Noonan
Q84766119,Claire Kerrane,female,1992-04-24,11,,,Claire Kerrane 2015.jpg,Claire Kerrane
Q84766148,Ossian Smyth,male,,,,,Ossian Smyth 2020.jpg,Ossian Smyth
Q84766276,Pauline Tully,female,,,,,Pauline Tully 2017.jpg,Pauline Tully
Q84766282,Réada Cronin,female,1963-11-25,11,,,"Réada Cronin, 2016.jpg",Réada Cronin
Q84766355,Patrick Costello,male,1980-05-21,11,,,Patrick Costello 2020.jpg,Patrick Costello (politician)
Q84768900,Norma Foley,female,1970,9,,,,Norma Foley
Q84770348,Verona Murphy,female,1971,9,,,Verona Murphy (official portrait) 2020 (cropped).jpg,Verona Murphy
Q84771781,James O'Connor,male,1997-06-20,11,,,,James O'Connor (Cork politician)
Q84771796,Jennifer Whitmore,female,,,,,Jennifer Whitmore.jpg,Jennifer Whitmore
Q84771810,Francis Noel Duffy,male,1971-04-21,11,,,Francis Noel Duffy.jpg,Francis Noel Duffy
Q84773373,Emer Higgins,female,,,,,,Emer Higgins
Q84778089,Joe Flaherty,male,,,,,,Joe Flaherty (politician)
Q84778097,Cathal Crowe,male,1982-10-01,11,,,Cathal Crowe T.D. for Clare.jpg,Cathal Crowe
Q84778131,Matt Shanahan,male,,8,,,Matt Shanahan (official portrait) 2020 (cropped).jpg,Matt Shanahan (politician)
Q84778173,Richard O'Donoghue,male,,8,,,Richard O'Donoghue (official portrait) 2020 (cropped).jpg,Richard O'Donoghue
Q84778252,Steven Matthews,male,,,,,Steven Matthews 2020.jpg,Steven Matthews
Q85316124,Patricia Ryan,female,,,,,Patricia Ryan 2020.jpg,Patricia Ryan (politician)
Q85631015,Martin Browne,male,,,,,Martin Browne 2020.jpg,Martin Browne (politician)
Q85634814,Duncan Smith,male,1983-05-17,11,,,Duncan Smith 2020.jpg,Duncan Smith (Irish politician)
Q85675358,Paul Donnelly,male,,,,,,
Q85675415,Thomas Gould,male,,,,,,
Q888438,Bobby Aylward,male,1955-04-01,11,2022-07-14,11,Bobby Aylward.jpg,Bobby Aylward
Q888629,Bobby Molloy,male,1936-07-09,11,2016-10-02,11,,Bobby Molloy
Q89366413,Níall McNelis,male,,,,,,Níall McNelis
Q8939886,Helen McEntee,female,1986-06-08,11,,,2018 Helen McEntee (39947643565) (cropped).jpg,Helen McEntee
Q908665,Brendan Daly,male,1940-02-02,11,,,,Brendan Daly (politician)
Q912430,"Brian Lenihan, Jnr",male,1959-05-21,11,2011-06-10,11,"Brian Lenihan, July 2010 (cropped).jpg",Brian Lenihan Jnr
Q912826,Brian Mullooly,male,1935-02-21,11,,,,Brian Mullooly
Q913290,Brian Ó Domhnaill,male,1977-10-18,11,,,Brian Ó Domhnaill.jpg,Brian Ó Domhnaill
Q920195,Eamon Ryan,male,1963-07-28,11,,,Eamon Ryan Green Party.jpg,Eamon Ryan
Q920403,Micheál Martin,male,1960-08-01,11,,,Micheál Martin TD (cropped).jpg,Micheál Martin
Q954374,"Edward Haughey, Baron Ballyedmond",male,1944-01-05,11,2014-03-13,11,,"Edward Haughey, Baron Ballyedmond"
Q964465,Jim Higgins,male,1945-05-04,11,,,Jim-Higgins-Ireland-MIP-Europaparlament-by-Leila-Paul-1.jpg,Jim Higgins (Irish politician)
Q974143,Dermot Ahern,male,1955-02-02,11,,,Dermot Ahern.JPG,Dermot Ahern
Q97585701,Edward Barrington,male,1949-07-26,11,,,,
Q981847,Richard Bruton,male,1953-03-15,11,,,Richard Bruton 2013.jpeg,Richard Bruton
Q981866,Pat the Cope Gallagher,male,1948-03-10,11,,,Pat the Cope Gallagher MEP 1.jpg,"Pat ""the Cope"" Gallagher"
Q981878,Séamus Kirk,male,1945-04-26,11,,,,Séamus Kirk
Q981985,John O'Donoghue,male,1956-05-28,11,,,John O'Donoghue.JPG,John O'Donoghue (politician)
Q982225,Eamon Gilmore,male,1955-04-24,11,,,Eamon Gilmore Conference 2010 cropped.jpg,Eamon Gilmore
Q983508,Phil Hogan,male,1960-07-04,11,,,(Phil Hogan) 160531 Informal Meeting Ministers of Agriculture Informal Meeting of EU Ministers of Agriculture (26766297963) (cropped).jpg,Phil Hogan
Q995633,Michael Woods,male,1935-12-08,11,,,,Michael Woods (Irish politician)
