id,name,gender,dob,dobp,dod,dodp,image,enwiki
Q101116140,Jane Coombs,female,,,,,,Jane Coombs
Q1036723,Jim Anderton,male,1938-01-21,11,2018-01-07,11,"Jim Anderton, 2010.jpg",Jim Anderton
Q1047359,Michael Hardie Boys,male,1931-10-06,11,,,Sir Michael Hardie Boys.jpg,Michael Hardie Boys
Q104804167,Damien Smith,male,,,,,,Damien Smith (politician)
Q106689949,Stephen Clarke,male,,,,,,
Q109550782,Adrian Orr,male,,8,,,,Adrian Orr
Q10987432,Barbara Stewart,female,1952-02-23,11,,,,Barbara Stewart (politician)
Q11021828,John Hayes,male,1948-03-15,11,,,John Hayes 2013.jpg,John Hayes (New Zealand politician)
Q11022853,Harry Duynhoven,male,1955-06-22,11,,,Harry Duynhoven.jpg,Harry Duynhoven
Q11035229,John Carter,male,1950-05-08,11,,,John.Carter.Kerikeri.2016.JPG,John Carter (New Zealand politician)
Q11160035,Kate Wilkinson,female,1957-08-03,11,,,Kate Wilkinson crop.jpg,Kate Wilkinson (politician)
Q112624522,Sam Uffindell,male,1983-09,10,,,,Sam Uffindell
Q112659476,Dan Rosewarne,male,1981,9,,,Dan Rosewarne.jpg,Dan Rosewarne
Q113015236,Tory Whanau,female,1983,9,,,Tory Whanau 2022 cropped.jpg,Tory Whanau
Q113188847,David Macdonald,male,1942-11-27,11,,,,
Q113581327,Don Higgins,male,,,,,,
Q114480326,Phil Mauger,male,,,,,,
Q1238979,Don Brash,male,1940-09-24,11,,,Don.Brash.jpg,Don Brash
Q1266756,Peter Dunne,male,1954-03-17,11,,,Peter Dunne.jpg,Peter Dunne
Q1279801,Kevin Hague,male,1960-03-18,11,,,Kevin Hague.jpg,Kevin Hague
Q13503380,Paul Foster-Bell,male,1977-03,10,,,Paul Foster-Bell profile.jpg,Paul Foster-Bell
Q13548108,David Clendon,male,1955-09-11,11,,,David Clendon (cropped).jpg,David Clendon
Q13563342,Richard Prosser,male,1967-01-15,11,2022-06-10,11,,Richard Prosser
Q13566358,Meka Whaitiri,female,1965-01-11,11,,,Meka Whaitiri crop.jpg,Meka Whaitiri
Q1396178,Winston Peters,male,1945-04-11,11,,,"Winston Peters, 2019.jpg",Winston Peters
Q15147913,Claudette Hauiti,female,1961-05-08,11,,,,Claudette Hauiti
Q15196319,David Parker,male,1960,9,,,David Parker mp cropped.jpg,David Parker (New Zealand politician)
Q1543207,Grant Robertson,male,1971-10-30,11,,,Grant Robertson.jpg,Grant Robertson
Q15513198,Lesley Soper,female,1954-11-05,11,,,Lesley Soper.jpg,Lesley Soper
Q15848292,Juliet Gerrard,female,1967,9,,,Juliet Gerrard DNZM (cropped).jpg,Juliet Gerrard
Q16150043,Ross Ardern,male,1954,9,,,,Ross Ardern
Q16151548,Graeme Wheeler,male,1951-10-30,11,,,Graeme Wheeler CNZM 8021 (cropped).jpg,Graeme Wheeler
Q16182,Maurice Williamson,male,1951-03-06,11,,,"Maurice Williamson at the NZ Open Source Awards, 2007.jpg",Maurice Williamson
Q16192869,Hekia Parata,female,1958-11-01,11,,,New Zealand Minister of Education Hekia Parata.jpg,Hekia Parata
Q16200287,Todd McClay,male,1968-11-22,11,,,Todd McClay.jpg,Todd McClay
Q16208070,Su'a William Sio,male,1960,9,,,Su'a William Sio.jpg,William Sio
Q1626808,Hone Harawira,male,1955-01-06,11,,,Hone Harawira (cropped).jpg,Hone Harawira
Q16729720,Joanne Hayes,female,1959,9,,,,Jo Hayes
Q16730677,Tim Keating,male,,,,,MAJGEN Tim Keating.png,Tim Keating (soldier)
Q16730900,Rebecca Kitteridge,female,,8,,,2015 05 18 Rebecca Kitteridge.jpg,Rebecca Kitteridge
Q16731071,Denise Lee,female,1970-12-04,11,,,,Denise Lee
Q16732336,Ian McKelvie,male,1955-09-11,11,,,,Ian McKelvie
Q17016818,Poto Williams,female,1962-01-07,11,,,Hon Poto Williams.jpg,Poto Williams
Q17055796,David Seymour,male,1983-06-24,11,,,David Seymour at ACT Selection Announcement for Leader and Epsom.jpg,David Seymour (New Zealand politician)
Q17180701,Cindy Kiro,female,1958,9,,,Cindy Kiro 2021 (cropped).jpg,Cindy Kiro
Q17466674,Maureen Pugh,female,1958,9,,,Maureen Pugh (cropped).jpg,Maureen Pugh
Q180383,Helen Clark,female,1950-02-26,11,,,Helen Clark 2.jpg,Helen Clark
Q18097454,Darroch Ball,male,1982,9,,,,Darroch Ball
Q18097486,Todd Barclay,male,1990-06-08,11,,,Todd Barclay.jpg,Todd Barclay
Q18097523,Andrew Bayly,male,,8,,,Andrew Bayly (crop).jpg,Andrew Bayly
Q18097593,Chris Bishop,male,1983-09-04,11,,,Chris Bishop (cropped).jpg,Chris Bishop (politician)
Q18098080,Matthew Doocey,male,1972,9,,,,Matt Doocey
Q18098087,Sarah Dowie,female,1975-09-04,11,,,Sarah Dowie.jpg,Sarah Dowie
Q18098181,Marama Fox,female,1970,9,,,2015 Portrait of Marama Fox 01.JPG,Marama Fox
Q18098260,Peeni Henare,male,1980,9,,,Minister of Defence Hon Peeni Henare (cropped).jpg,Peeni Henare
Q18098285,Brett Hudson,male,1965,9,,,,Brett Hudson (politician)
Q18098413,Nuk Korako,male,,8,,,,Nuk Korako
Q18098422,Barbara Kuriger,female,1961,9,,,Bjk.portrait.jpg,Barbara Kuriger
Q18098652,Clayton Mitchell,male,,8,,,,Clayton Mitchell (New Zealand politician)
Q18098673,Todd Muller,male,1968-12-23,11,,,Todd Muller Profile.jpg,Todd Muller
Q18098730,Parmjeet Parmar,female,1970,9,,,Parmjeet Parmar.jpg,Parmjeet Parmar
Q18167135,Shane Reti,male,1963-06-05,11,,,Shane Reti lays wreath 2021 (cropped).jpg,Shane Reti
Q18167139,James Shaw,male,1973-05-06,11,,,"James Shaw, 2014.jpg",James Shaw (New Zealand politician)
Q18167393,Fletcher Tabuteau,male,1974,9,,,Fletcher Tabuteau crop.jpg,Fletcher Tabuteau
Q18167636,Adrian Rurawhe,male,1960,9,,,Adrian Rurawhe crop.jpg,Adrian Rurawhe
Q18167638,Jenny Salesa,female,,8,,,"Jenny Salesa, 2017.jpg",Jenny Salesa
Q18167642,Alastair Scott,male,1965-09-18,11,,,,Alastair Scott (politician)
Q18167648,Stuart Smith,male,1963,9,,,,Stuart Smith (politician)
Q18330896,Mahesh Bindra,male,,,,,,Mahesh Bindra
Q186074,Pita Sharples,male,1941-07-20,11,,,Pita Sharples 2012 (cropped).jpg,Pita Sharples
Q19875535,Ria Bond,female,1976,9,,,,Ria Bond
Q19876617,Dalton Tagelagi,male,1968-06-05,11,,,Dalton Tagelagi.jpg,Dalton Tagelagi
Q20983272,Marama Davidson,female,1974,9,,,Marama Davidson 2019.jpg,Marama Davidson
Q2176896,Russel Norman,male,1967-06-02,11,,,Russel Norman.jpg,Russel Norman
Q23498274,Patsy Reddy,female,1954-05-17,11,,,Patsy Reddy official portrait (cropped).jpg,Patsy Reddy
Q235996,Jenny Shipley,female,1952-02-04,11,,,Jenny Shipley 2013 (crop).jpg,Jenny Shipley
Q241638,Silvia Cartwright,female,1943-11-07,11,,,Governor-General Silvia Cartwright.jpg,Silvia Cartwright
Q2424697,Sani Lakatani,male,1936,9,,,Sani LAKATANI.jpg,Sani Lakatani
Q24266539,Carey Adamson,male,1942-09-05,11,2019-05-10,11,,Carey Adamson
Q25183148,Kevin Short,male,,,,,Kevin Short 0132 (cropped).jpg,Kevin Short (RNZAF officer)
Q25189200,Justin Lester,male,1978-12-23,11,,,Justin Lester 2016 (cropped).jpg,Justin Lester (politician)
Q2569345,Henry Puna,male,1949-07-29,11,,,Henry Puna 2015.jpg,Henry Puna
Q2622925,Michael Cullen,male,1945-02-05,11,2021-08-19,11,"Michael Cullen, 2008.jpg",Michael Cullen (politician)
Q2640542,Robert Woonton,male,1949,9,,,,Robert Woonton
Q26845632,Barry Coates,male,1956-10-18,11,,,Barry Coates.jpg,Barry Coates
Q27825309,Paul Eagle,male,1972-01-10,11,,,Paul Eagle.jpg,Paul Eagle
Q27950864,Michael Wood,male,1980-05-10,11,,,Michael Wood (New Zealand Politician).jpg,Michael Wood (New Zealand politician)
Q28137192,Chlöe Swarbrick,female,1994-06-26,11,,,Chlöe Swarbrick.jpg,Chlöe Swarbrick
Q28600237,Greg O'Connor,male,1958-05-12,11,,,Greg O'Connor (crop).jpg,Greg O'Connor (politician)
Q28839760,Lawrence Yule,male,1963,9,,,Lawrence Yule.jpg,Lawrence Yule
Q2899642,Sian Elias,female,1949-03-13,11,,,Sian Elias 2016 (cropped).jpg,Sian Elias
Q2907819,Bob Simcock,male,1947,9,,,,Bob Simcock
Q2920241,Margaret Wilson,female,1947-05-20,11,,,Margaret Wilson crop.jpg,Margaret Wilson
Q2989309,Terepai Maoate,male,1934-09-01,11,2012-07-09,11,Terepai MAOATE.jpg,Terepai Maoate
Q3195513,Kerry Prendergast,female,1953-03-28,11,,,"Kerry Prendergast, 2011.jpg",Kerry Prendergast
Q3272521,Pansy Wong,female,1955,9,,,Pansy wong.jpg,Pansy Wong
Q3456546,David Shearer,male,1957-07-28,11,,,David Shearer.jpg,David Shearer
Q3527980,Rino Tirikatene,male,1972,9,,,Rino Tirikatene.jpg,Rino Tirikatene
Q352998,Roger Douglas,male,1937-12-05,11,,,Roger Douglas 2008.jpg,Roger Douglas
Q355398,Chris Carter,male,1952-05-04,11,,,Chris Carter.jpg,Chris Carter (politician)
Q3561074,David Clark,male,1973-01-05,11,,,David Clark (New Zealand politician).jpg,David Clark (New Zealand politician)
Q3561080,Brendan Horan,male,1961-07-09,11,,,Brendan Horan Cropped 2013.jpg,Brendan Horan
Q3561087,Andrew Little,male,1965-05-07,11,,,Andrew-little 5.jpg,Andrew Little (New Zealand politician)
Q3562630,Parekura Horomia,male,1950-11-09,11,2013-04-29,11,Parekura Horomia.jpg,Parekura Horomia
Q3606816,Jacinda Ardern,female,1980-07-26,11,,,Jacinda Ardern - Waitangi 2022 (cropped).jpg,Jacinda Ardern
Q3703293,David Payton,male,1952,9,,,,David Payton
Q3729808,Chris Auchinvole,male,1945-03-07,11,,,,Chris Auchinvole
Q3798833,Nanaia Mahuta,female,1970-08-21,11,,,Nanaia Mahuta.jpg,Nanaia Mahuta
Q381810,Jim Marurai,male,1947-07-09,11,2020-11-04,11,Jim Marurai.jpg,Jim Marurai
Q39073800,Andy Foster,male,1961-12-21,11,,,Official photo of Andy Foster.png,Andy Foster (politician)
Q39486955,Naomi Ferguson,female,,,,,,Naomi Ferguson
Q40969839,Anahila Kanongata'a-Suisuiki,female,1969,9,,,Anahila Kanongata'a-Suisuiki 2017.jpg,Anahila Kanongata'a-Suisuiki
Q4116955,Len Brown,male,1956-10-01,11,,,Len brown.jpg,Len Brown
Q41424038,Nicola Willis,female,1981-03-07,11,,,Nicola Willis (cropped).jpg,Nicola Willis (politician)
Q41498722,Priyanca Radhakrishnan,female,1979,9,,,Priyanca Radhakrishnan crop.jpg,Priyanca Radhakrishnan
Q41498725,Ginny Andersen,female,1975,9,,,Virginia Andersen.jpg,Ginny Andersen
Q41498728,Duncan Webb,male,1968,9,,,Duncan Webb.jpg,Duncan Webb
Q41498732,Deborah Russell,female,1966-01-14,11,,,DeborahRussell-1-2 copy.tif,Deborah Russell
Q41498735,Jan Tinetti,female,1968,9,,,Jan Tinetti.jpg,Jan Tinetti
Q41498738,Willow-Jean Prime,female,,8,,,Willow-Jean Prime.jpg,Willow-Jean Prime
Q41498745,Kiri Allan,female,1984,9,,,Kiritapu Allan 2017.jpg,Kiri Allan
Q41498748,Jo Luxton,female,1973,9,,,Jo Luxton.jpg,Jo Luxton
Q41498753,Liz Craig,female,1967,9,,,Liz Craig.jpg,Liz Craig
Q41498755,Marja Lubeck,female,1965,9,,,Marja Lubeck.jpg,Marja Lubeck
Q41498758,Jamie Strange,male,1976,9,,,Jamie Strange.jpg,Jamie Strange
Q41498761,Kieran McAnulty,male,1985-01-31,11,,,Kieran McAnulty crop.jpg,Kieran McAnulty
Q41672227,Tim van de Molen,male,1985,9,,,Tim van de Molen.png,Tim van de Molen
Q41672229,Erica Stanford,female,1978,9,,,,Erica Stanford
Q41672238,Chris Penk,male,,8,,,"Chris Penk, 2021.jpg",Chris Penk
Q41672277,Simeon Brown,male,1991-04-08,11,,,,Simeon Brown
Q41673587,Hamish Walker,male,1985-05-15,11,,,,Hamish Walker
Q41673608,Andrew Falloon,male,1983-08-29,11,,,,Andrew Falloon
Q41674202,Jenny Marcroft,female,1963,9,,,,Jenny Marcroft
Q41675222,Harete Hipango,female,,,,,Harete Hipango (cropped).jpg,Harete Hipango
Q41689955,Golriz Ghahraman,female,1981,9,,,Golriz Ghahraman - crop.jpg,Golriz Ghahraman
Q41699512,Mark Patterson,male,1970,9,,,,Mark Patterson (New Zealand politician)
Q41699562,Matt King,male,1967,9,,,MattKingMP.jpg,Matt King (politician)
Q42291428,Angie Warren-Clark,female,1971,9,,,Angie Warren-Clark.jpg,Angie Warren-Clark
Q43274,Charles III,male,1948-11-14,11,,,"Charles, Prince of Wales in 2021 (cropped) (3).jpg",Charles III
Q4352603,Gerry Brownlee,male,1956-02-04,11,,,Gerry Brownlee 2014-11-24.jpg,Gerry Brownlee
Q4384608,Bill English,male,1961-12-30,11,,,Bill English September 2016.jpg,Bill English
Q444437,Metiria Turei,female,1970-02-13,11,,,MetiriaTurei.jpg,Metiria Turei
Q444691,Jeanette Fitzsimons,female,1945-01-17,11,2020-03-05,11,Jeanette Fitzsimons.jpg,Jeanette Fitzsimons
Q4451124,Iain Lees-Galloway,male,1978-09-18,11,,,Iain Lees Galloway.jpg,Iain Lees-Galloway
Q4451134,Te Ururoa Flavell,male,1955-12-07,11,,,Te Ururoa Flavell.jpg,Te Ururoa Flavell
Q4451142,Amy Adams,female,1971-05-19,11,,,Amy Adams politician.jpg,Amy Adams (politician)
Q4451596,Shane Ardern,male,1960-01-26,11,,,,Shane Ardern
Q4507790,Charles Chauvel,male,1969-04-16,11,,,Charles Chauvel.jpg,Charles Chauvel (politician)
Q466117,Tariana Turia,female,1944-04-08,11,,,Tariana Turia 2019 (cropped).jpg,Tariana Turia
Q466137,Georgina Beyer,female,1957-11,10,,,Georgina Beyer MNZM (cropped).jpg,Georgina Beyer
Q4662039,Aaron Gilmore,male,1973-08-26,11,,,Aaron Gilmore.jpg,Aaron Gilmore
Q4706207,Alan Bollard,male,1951,9,,,Alan Bollard cropped MPS2008-06-05 10-14-57.jpg,Alan Bollard
Q4723211,Alfred Ngaro,male,,8,,,Alfred Ngaro 2013.jpg,Alfred Ngaro
Q4730906,Allan Peachey,male,1949-10-18,11,2011-11-06,11,,Allan Peachey
Q4758928,Andrew Williams,male,1959,9,,,"Andrew Williams, 2011.jpg",Andrew Williams (New Zealand politician)
Q4766440,Ann Hartley,female,1942,9,,,Ann Hartley (crop).jpg,Ann Hartley
Q4769089,Annette King,female,1947-09-13,11,,,Dame Annette King.jpg,Annette King
Q4804168,Asenati Taylor,female,1976-02-25,11,,,Asenati Taylor.jpg,Asenati Taylor
Q4805872,Ashraf Choudhary,male,1949-02-15,11,,,Ashraf Choudhary.jpg,Ashraf Choudhary
Q485733,Anand Satyanand,male,1944-07-22,11,,,Anand Satyanand official photo (cropped).jpg,Anand Satyanand
Q4932085,Bob Clarkson,male,1939,9,,,,Bob Clarkson
Q4933595,Bob Parker,male,1953-01-13,11,,,Bob Parker KNZM (cropped).jpg,Bob Parker (mayor)
Q4937607,Maggie Barry,female,1959-10-05,11,,,Maggie Barry 2010 Book Awards.jpg,Maggie Barry
Q4961152,Brendon Burns,male,,,,,Brendon Burns 2010.jpg,Brendon Burns (politician)
Q4963418,Brian Connell,male,1956-04-23,11,,,,Brian Connell
Q4963589,Brian Donnelly,male,1949-11-05,11,2008-09-25,11,Brian Donnelly.jpg,Brian Donnelly (New Zealand politician)
Q4977464,Bruce Ferguson,male,1949-07-14,11,,,Bruce Ferguson KNZM investiture (cropped).jpg,Bruce Ferguson (RNZAF officer)
Q5024812,Cam Calder,male,1952,9,,,,Cam Calder
Q5043325,Carmel Sepuloni,female,1977,9,,,"Carmel Sepuloni, 2018.jpg",Carmel Sepuloni
Q5044250,Carol Beaumont,female,1960-10-06,11,,,Carol Beaumont 2011b.jpg,Carol Beaumont
Q5052634,Catherine Delahunty,female,1953,9,,,Catherine Delahunty.jpg,Catherine Delahunty
Q5058025,Celia Wade-Brown,female,1956-07-12,11,,,"Celia Wade-Brown, 2013.jpg",Celia Wade-Brown
Q508830,Young Vivian,male,1935-11-12,11,,,Young-Vivian-2006.jpg,Young Vivian
Q5093475,Chester Borrows,male,1957-06-20,11,,,Chester Borrows.jpg,Chester Borrows
Q5106549,Chris Finlayson,male,1956,9,,,Chris Finlayson-Net Hui 2011.jpg,Chris Finlayson
Q5106890,Chris Hipkins,male,1978-09-05,11,,,Chris Hipkins 2.jpg,Chris Hipkins
Q5108303,Chris Tremain,male,1966,9,,,Chris Tremain.jpg,Chris Tremain
Q5126149,Clare Curran,female,1960,9,,,Clare Curran.jpg,Clare Curran
Q5130200,Clayton Cosgrove,male,1969-10-31,11,,,Clayton Cosgrove crop.jpg,Clayton Cosgrove
Q5131196,Clem Simich,male,1939-06-02,11,,,Clem Simich QSO (cropped).jpg,Clem Simich
Q5145261,Colin King,male,1949-12-19,11,,,,Colin King
Q515624,Jerry Mateparae,male,1954-11-14,11,,,Jerry Mateparae official photo (cropped).jpg,Jerry Mateparae
Q5180973,Craig Foss,male,1963-07-04,11,,,Craig Foss.jpg,Craig Foss
Q5209184,Dail Jones,male,1944-07-07,11,,,,Dail Jones
Q5212493,Damien O'Connor,male,1958-01-16,11,,,Damien O'Connor (crop).jpg,Damien O'Connor
Q52144553,Una Jagose,female,,7,,,,Una Jagose
Q5222732,Darien Fenton,female,1954-02-25,11,,,Darien Fenton.jpg,Darien Fenton
Q5224982,Darren Hughes,male,1978-04-03,11,,,Darren Hughes.jpg,Darren Hughes
Q5228614,Dave Cull,male,1950-04-01,11,2021-04-27,11,Dave Cull-Blueskin News.jpg,Dave Cull
Q5228941,Dave Hereora,male,1956-08-09,11,2014-08-05,11,Dave Hereora.jpg,Dave Hereora
Q5231315,David Bennett,male,1970-10-28,11,,,,David Bennett (New Zealand politician)
Q5231322,David Benson-Pope,male,1950,9,,,David Benson-Pope.jpg,David Benson-Pope
Q5232720,David Cunliffe,male,1963-04-30,11,,,David Cunliffe cropped.jpg,David Cunliffe
Q5234037,David Garrett,male,1958,9,,,,David Garrett (politician)
Q5257444,Denis O'Rourke,male,1946-07-26,11,,,Denis O'Rourke.JPG,Denis O'Rourke
Q5257753,Denise Roche,female,1963-07-09,11,,,Denise Roche.jpg,Denise Roche
Q5271690,Dianne Macaskill,female,,,,,Dianne Macaskill (former Chief Archivist) (48801911252).jpg,Dianne Macaskill
Q5271713,Dianne Yates,female,1943-11-29,11,,,,Dianne Yates
Q5301028,Doug Woolerton,male,1944-05-17,11,,,,Doug Woolerton
Q5302516,Dover Samuels,male,1939-07-09,11,,,Dover Samuels.jpg,Dover Samuels
Q5387408,Eric Roy,male,1948-06-27,11,,,Eric Roy in 2018.jpg,Eric Roy (politician)
Q540420,Anne Tolley,female,1953-03-01,11,,,Anne Tolley 2019.jpg,Anne Tolley
Q5408237,Eugenie Sage,female,1958,9,,,Eugenie Sage.jpg,Eugenie Sage
Q55080917,Dan Bidois,male,1983,9,,,Dan Bidois.jpg,Dan Bidois
Q5522873,Gareth Hughes,male,1981-10-31,11,,,Gareth Hughes2.jpg,Gareth Hughes (politician)
Q5524192,Garry Moore,male,1951-01-08,11,,,"Garry Moore, 2012.jpg",Garry Moore (mayor)
Q5540327,George Hawkins,male,1946-05-15,11,,,George Hawkins.jpg,George Hawkins (politician)
Q5548324,Georgina te Heuheu,female,1943,9,,,Georgina te Heuheu.jpg,Georgina te Heuheu
Q5585019,Gordon Copeland,male,1943-08-19,11,2018-11-24,11,Gordon Copeland (New Zealand politician).jpg,Gordon Copeland
Q558647,Mike Moore,male,1949-01-28,11,2020-02-02,11,Mike Moore.jpg,Mike Moore (New Zealand politician)
Q5694093,Heather Roy,female,1964-03-05,11,,,Heather Roy.jpg,Heather Roy
Q5760914,Hilary Calvert,female,1954-10-05,11,,,Hilary Calvert.jpg,Hilary Calvert
Q57783,John Key,male,1961-08-09,11,,,John Key February 2015.jpg,John Key
Q58291,Murray McCully,male,1953-02-19,11,,,Murray McCully.jpg,Murray McCully
Q58813130,Tangi Utikere,male,,,,,Tangi Utikere.jpg,Tangi Utikere
Q5882303,Holly Walker,female,1982-11-15,11,,,Holly Walker.jpg,Holly Walker
Q5978594,Tim Groser,male,1950-03-06,11,,,Tim Groser.jpg,Tim Groser
Q5978615,Lockwood Smith,male,1948-11-13,11,,,Lockwood Smith (cropped).jpg,Lockwood Smith
Q597909,Phil Goff,male,1953-06-22,11,,,Phil Goff.jpg,Phil Goff
Q59800807,Helen Winkelmann,female,1962,9,,,Helen Winkelmann 151sm.jpg,Helen Winkelmann
Q61045148,Agnes Loheni,female,1972,9,,,,Agnes Loheni
Q6116240,Jackie Blue,female,1956,9,,,Jackie Blue (cropped).jpg,Jackie Blue
Q6121023,Jacqui Dean,female,1957-05-13,11,,,,Jacqui Dean
Q6121618,Wayne Mapp,male,1952-03-12,11,,,Wayne Mapp (Office).jpg,Wayne Mapp
Q6128819,David Carter,male,1952-04-03,11,,,David Carter KNZM (cropped).jpg,David Carter (politician)
Q6146339,Jami-Lee Ross,male,1985-12-10,11,,,Jami-Lee Ross Portrait.jpg,Jami-Lee Ross
Q6149394,Jan Logie,female,1969-10-26,11,,,Jan Logie.jpg,Jan Logie
Q6151033,Rod Donald,male,1957-10-10,11,2005-11-06,11,RodDonaldGreenMP.jpg,Rod Donald
Q61782487,Elizabeth Kerekere,female,1966,9,,,Elizabeth Kerekere.jpg,Elizabeth Kerekere
Q6191470,Jian Yang,male,1962,9,,,,Jian Yang (politician)
Q6193011,Jill Pettis,female,1952-09-22,11,,,Jill Pettis.jpg,Jill Pettis
Q6198412,Jim Sutton,male,1941-11-07,11,,,Jim Sutton New Zealand MP.jpg,Jim Sutton
Q6204252,Jo Goodhew,female,1961,9,,,Jo Goodhew.jpg,Jo Goodhew
Q6210245,Joe Hawke,male,1940,9,2022-05-22,11,Joe Hawke MNZM (cropped).jpg,Joe Hawke
Q6218735,John Allen,male,,,,,,John Allen (diplomat)
Q6220548,John Banks,male,1946-12-02,11,,,John Banks At Opening Of Grafton Bridge.jpg,John Banks (New Zealand politician)
Q6222506,John Boscawen,male,,,,,John Boscawen1.jpg,John Boscawen
Q6245566,John Luxton,male,1946-09-14,11,2021-11-16,11,John Luxton (cropped).jpg,John Luxton
Q6272804,Jonathan Coleman,male,1966-09-23,11,,,Coleman and Pugsley in Belgium 2012 Flickr 6819489341.jpg,Jonathan Coleman (politician)
Q6273447,Jonathan Hunt,male,1938-12-02,11,,,Jonathan Hunt.jpg,Jonathan Hunt (New Zealand politician)
Q6274873,Jonathan Young,male,1958,9,,,Jonathan Young.jpg,Jonathan Young (politician)
Q6275863,Jono Naylor,male,,8,,,Jono Naylor 491.jpg,Jono Naylor
Q6303349,Judith Collins,female,1959-02-24,11,,,Judith Collins.png,Judith Collins
Q6303701,Judith Tizard,female,1956-01-03,11,,,JudithTizard.jpg,Judith Tizard
Q6304497,Judy Keall,female,1942-01-10,11,,,Judy Keall (crop).jpg,Judy Keall
Q6304632,Judy Turner,female,1956-08-02,11,,,Judy Turner (cropped).jpg,Judy Turner
Q6308013,Julie Anne Genter,female,1979-12-17,11,,,"Julie Anne Genter, 2017 (cropped).jpg",Julie Anne Genter
Q6336063,Simon Bridges,male,1976-10,10,,,Simon-Bridges-Free-Crop.jpg,Simon Bridges
Q6376524,Katherine Rich,female,1967-12-16,11,,,,Katherine Rich
Q6377977,Katrina Shanks,female,1969-05-12,11,,,,Katrina Shanks
Q6384659,Keith Locke,male,1944,9,,,Keith Locke MNZM (cropped).jpg,Keith Locke
Q6386648,Kelvin Davis,male,1967-03-02,11,,,"Kelvin Davis, Labour party MP (cropped).jpg",Kelvin Davis (politician)
Q6389622,Kennedy Graham,male,1946,9,,,Kennedy Graham.jpg,Kennedy Graham
Q6415023,Kanwal Singh Bakshi,male,1964-02-20,11,,,Kanwaljit Singh Bakshi.png,Kanwaljit Singh Bakshi
Q6416051,Paula Bennett,female,1969-04-09,11,,,Paula Bennett Official.png,Paula Bennett
Q6437165,Kris Faafoi,male,1976-06-23,11,,,Hon Kris Faafoi.jpg,Kris Faafoi
Q65029121,Paulo Garcia,male,,,,,,Paulo Garcia (New Zealand politician)
Q6540092,Lianne Dalziel,female,1960-06-07,11,,,Lianne Dalziel.jpg,Lianne Dalziel
Q65515771,Greg Goulding,male,,,,,,
Q65521652,Marilyn Little,female,,,,,Marilyn Little (former Chief Archivist) (48801814751).jpg,
Q6552827,Lindsay Tisch,male,1947-10-09,11,,,Lindsay Tisch QSO (cropped).jpg,Lindsay Tisch
Q65548825,Robert A. Russell,male,,,,,,
Q65548941,Richard Foy,male,,,,,Chief Archivist Richard Foy.jpg,
Q6688567,Louisa Wall,female,1972-02-17,11,,,Louisa Wall.jpg,Louisa Wall
Q6688985,Louise Upston,female,1971-03-14,11,,,,Louise Upston
Q6694974,Winnie Laban,female,1955-08-14,11,,,Luamanuvao Winnie Laban.jpg,Winnie Laban
Q6708361,Lyn Provost,female,,,,,Lyn Provost CNZM investiture.jpg,Lyn Provost
Q6709407,Lynne Pillay,female,1950-08-14,11,,,Lynne Pillay.jpg,Lynne Pillay
Q6733187,Mahara Okeroa,male,1946,9,,,Mahara Okeroa.jpg,Mahara Okeroa
Q6761913,Marian Hobbs,female,1947-12-18,11,,,Marian Hobbs.jpg,Marian Hobbs
Q6766765,Mark Blumsky,male,1957-08-29,11,,,Blumsky portrait.jpg,Mark Blumsky
Q6766871,Mark Brown,male,,,,,Mark Brown 2022 (cropped).jpg,Mark Brown (Cook Islands)
Q6766942,Mark Burton,male,1956-01-16,11,,,Mark Burton.jpg,Mark Burton (politician)
Q6767782,Mark Gosche,male,1955-12-02,11,,,Mark Gosche.jpg,Mark Gosche
Q6768911,Mark Mitchell,male,1968-05-22,11,,,Mark Mitchell 2017.jpg,Mark Mitchell (New Zealand politician)
Q6775496,Martin Gallagher,male,1952-02-11,11,,,Martin Gallagher.jpg,Martin Gallagher
Q6781110,Maryan Street,female,1955-04-05,11,,,"Maryan Street, 2012.jpg",Maryan Street
Q6789257,Matt Robson,male,1950-01-05,11,,,,Matt Robson
Q6808764,Megan Woods,female,1973-11-04,11,,,Hon Dr Megan Woods.jpg,Megan Woods
Q6812766,Melissa Lee,female,1966,9,,,Melissa Lee.jpg,Melissa Lee
Q6835440,Michael Woodhouse,male,1965,9,,,Michael Woodhouse.jpg,Michael Woodhouse
Q6848669,Mike Sabin,male,1955-09-11,11,,,,Mike Sabin
Q6880701,Mita Ririnui,male,,,,,Mita Ririnui.jpg,Mita Ririnui
Q6886402,Moana Mackey,female,1974-02-28,11,,,Moana Mackey.jpg,Moana Mackey
Q6895114,Mojo Mathers,female,1966-11-23,11,,,Mojo Mathers.jpg,Mojo Mathers
Q6969095,Nathan Guy,male,1970,9,,,Minister Nathan Guy - photo.jpg,Nathan Guy
Q7028713,Nicky Wagner,female,1953-07-23,11,,,Nicky wagner.JPG,Nicky Wagner
Q7035240,Nikki Kaye,female,1980-02-11,11,,,Nikki Kaye NZgovt cropped.jpg,Nikki Kaye
Q7150935,Paul Goldsmith,male,1971,9,,,Paul Goldsmith.jpg,Paul Goldsmith (politician)
Q7151444,Paul Hutchison,male,1947,9,,,Paul Hutchison 2013.jpg,Paul Hutchison
Q7153042,Paul Quinn,male,1951-05-05,11,,,Paul Quinn (cropped).jpg,Paul Quinn (New Zealand politician)
Q7153883,Paul Swain,male,1951-12-20,11,,,Paul Swain (cropped).jpg,Paul Swain (politician)
Q7172024,Pete Hodgson,male,1950-06-13,11,,,Pete Hodgson XMediaLab 2008.jpg,Pete Hodgson
Q7172996,Peter Brown,male,1939-07-30,11,,,,Peter Brown (New Zealand politician)
Q7174263,Peter Gluckman,male,1949-02-08,11,,,Peter Gluckman ONZ (cropped).jpg,Peter Gluckman
Q7181989,Phil Heatley,male,1967-04-05,11,,,Phil Heatley (cropped).jpg,Phil Heatley
Q7182502,Phil Twyford,male,1963-05-04,11,,,Phil Twyford.jpg,Phil Twyford
Q7198588,Pita Paraone,male,1945-11-30,11,2019-08-26,11,Pita Paraone crop.jpg,Pita Paraone
Q727542,Nándor Tánczos,male,1966-05-29,11,,,Nandor Tanczos.png,Nándor Tánczos
Q7283574,Rahui Katene,female,,8,,,,Rahui Katene
Q7285965,Rajen Prasad,male,,,,,Rajen Prasad.jpg,Rajen Prasad
Q7298875,Raymond Huo,male,1964,9,,,Raymond Huo.jpg,Raymond Huo
Q7321800,Rhys Jones,male,1960-05-02,11,,,New Zealand Army Major General Richard Rhys Jones USACGSC 2010.jpg,Rhys Jones (soldier)
Q7330098,Richard Worth,male,1948-07-03,11,2022-05-10,11,"Richard Worth, New Zealand MP.jpg",Richard Worth
Q7331218,Rick Barker,male,1951-10-27,11,,,Rick Barker.jpg,Rick Barker
Q7356954,Rodney Hide,male,1956-12-16,11,,,Rodney Hide at parliament.JPG,Rodney Hide
Q7364115,Ron Mark,male,1954-01-29,11,,,"Ron Mark, 2018.jpg",Ron Mark
Q7369613,Ross Robertson,male,1949-05-22,11,,,Ross Robertson.jpg,Ross Robertson
Q7381499,Russell Fairbrother,male,,,,,Russell Fairbrother.jpg,Russell Fairbrother
Q7382960,Ruth Dyson,female,1957-08-11,11,,,"Ruth Dyson, 2011.jpg",Ruth Dyson
Q7407811,Sam Lotu-Iiga,male,1970-11-02,11,,,Sam Lotu-Iiga2.jpg,Sam Lotu-Iiga
Q7416624,Sandra Goudie,female,1952,9,,,,Sandra Goudie
Q7416681,Sandra Lee-Vercoe,female,1952-08-08,11,,,Sandra Lee 1990's.jpg,Sandra Lee-Vercoe
Q74370310,Christopher Luxon,male,1970-07-19,11,,,Chris Luxon portrait (cropped).jpg,Christopher Luxon
Q7437262,Scott Simpson,male,1955-09-11,11,,,Scott Simpson swearing in (cropped).jpg,Scott Simpson (politician)
Q7488117,Shane Jones,male,1959-09-03,11,,,Shane Jones 2018 5.jpg,Shane Jones
Q75008837,Andrew King,male,,8,,,Andrew King (crop).jpg,Andrew King (mayor)
Q7519453,Simon O'Connor,male,1976-02-25,11,,,,Simon O'Connor
Q7519563,Simon Power,male,1969-12-05,11,,,Simon Power (cropped).jpg,Simon Power (politician)
Q7606591,Steffan Browning,male,1954-07-03,11,,,Steffan Browning.jpg,Steffan Browning
Q7612185,Steve Chadwick,female,1948-12-15,11,,,Steve Chadwick QSO (cropped).jpg,Steve Chadwick
Q7613243,Steve Maharey,male,1953-02-03,11,,,"Steve Maharey, 2008.jpg",Steve Maharey
Q7614885,Steven Joyce,male,1963-04-07,11,,,Steven Joyce.jpg,Steven Joyce
Q7626890,Stuart Nash,male,1967-08,10,,,Stuart Nash.jpg,Stuart Nash
Q7634025,Sue Bradford,female,1952-07-01,11,,,Sue Bradford.jpg,Sue Bradford
Q7634166,Sue Kedgley,female,1948,9,,,SueKedgleyGreenMP.jpg,Sue Kedgley
Q7634206,Sue Moroney,female,1964-05-08,11,,,Sue Moroney.jpg,Sue Moroney
Q7635804,Sukhi Turner,female,1952-04-13,11,,,Sukhi Turner 2009.jpg,Sukhi Turner
Q7676492,Taito Phillip Field,male,1952-09-26,11,2021-09-23,11,Taito Phillip Field (ca 1995).jpg,Taito Phillip Field
Q7680951,Tamati Coffey,male,1979-09-19,11,,,2017-11-08-TamatiCoffey-MaidenSpeech.jpg,Tāmati Coffey
Q7688619,Tau Henare,male,1960-09-29,11,,,Tau Henare 2013.jpg,Tau Henare
Q7803867,Tim Macindoe,male,,8,,,Timmacindoe1.JPG,Tim Macindoe
Q7823330,Tony Ryall,male,1964-11-19,11,,,Tony Ryall.jpg,Tony Ryall
Q7831246,Tracey Martin,female,1976-02-25,11,,,Tracey Martin.jpg,Tracey Martin
Q7839303,Trevor Mallard,male,1954-06-17,11,,,Trevor Mallard 2.jpg,Trevor Mallard
Q785548,Toke Talagi,male,1951-01-09,11,2020-07-15,11,Toke Talagi 2014.jpg,Toke Talagi
Q7970558,Warren Tucker,male,1950-08-18,11,,,Warren Tucker CNZM investiture.jpg,Warren Tucker
Q8021596,Willie Jackson,male,1961,9,,,Willie Jackson.jpg,Willie Jackson (politician)
Q81749869,Tracey McLellan,female,1970-05-20,11,,,Tracey McLellan.jpg,Tracey McLellan
Q91250224,Ayesha Verrall,female,1979,9,,,Dr Ayesha Verrall - Labour List Candidate.jpg,Ayesha Verrall
Q91609617,Wayne Brown,male,,,,,,Wayne Brown (New Zealand politician)
Q92131852,Debbie Ngarewa-Packer,female,1966,9,,,,Debbie Ngarewa-Packer
Q94001454,Arena Williams,female,1990,9,,,Arena Williams.jpg,Arena Williams
Q9682,Elizabeth II,female,1926-04-21,11,2022-09-08,11,Queen Elizabeth II official portrait for 1959 tour (retouched) (cropped) (3-to-4 aspect ratio).jpg,Elizabeth II
Q976339,Nick Smith,male,1964-12-24,11,,,"Nick Smith at Lincoln University, 2016.jpg",Nick Smith (New Zealand politician)
Q982000,Tim Barnett,male,1958-08-04,11,,,Tim Barnett.jpg,Tim Barnett (politician)
Q99746055,Vanushi Walters,female,1981,9,,,Vanushi Walters.jpg,Vanushi Walters
Q99746504,Camilla Belich,female,,,,,Camilla Belich.jpg,Camilla Belich
Q99746505,Naisi Chen,female,1994,9,,,Naisi Chen.jpg,Naisi Chen
Q99746506,Rachel Brooking,female,1975-10-18,11,,,Rachel Brooking.jpg,Rachel Brooking
Q99746507,Helen White,female,,,,,Helen White.jpg,Helen White (politician)
Q99746508,Barbara Edmonds,female,,,,,Barbara Edmonds.jpg,Barbara Edmonds
Q99746509,Angela Roberts,female,,,,,Angela Roberts.jpg,Angela Roberts
Q99746510,Lydia Sosene,female,1965-04-14,11,,,Lemauga Lydia Sosene.jpg,Lemauga Lydia Sosene
Q99746511,Steph Lewis,female,,,,,Steph Lewis.jpg,Steph Lewis
Q99746512,Rachel Boyack,female,,,,,Rachel Boyack.jpg,Rachel Boyack
Q99746513,Ingrid Leary,female,,,,,Ingrid Leary.jpg,Ingrid Leary
Q99746516,Sarah Pallett,female,,,,,Sarah Pallett.jpg,Sarah Pallett
Q99746517,Emily Henderson,female,,,,,Emily Henderson.jpg,Emily Henderson (politician)
Q99746518,Terisa Ngobi,female,,,,,Terisa Ngobi.jpg,Terisa Ngobi
Q99746526,Anna Lorck,female,,,,,Anna Lorck.jpg,Anna Lorck
Q99746548,Ibrahim Omer,male,,,,,Ibrahim Omer.jpg,Ibrahim Omer
Q99746550,Shanan Halbert,male,1983,9,,,Shanan Halbert.jpg,Shanan Halbert
Q99746551,Neru Leavasa,male,,,,,Dr Neru Leavasa.jpg,Neru Leavasa
Q99746553,Gaurav Sharma,male,1987,9,,,Dr Gaurav Sharma.jpg,Gaurav Sharma (politician)
Q99746558,Glen Bennett,male,,,,,Glen Bennett.jpg,Glen Bennett
Q99767963,Teanau Tuiono,male,1972-12-25,11,,,Teanau Tuiono crop.jpg,Teanau Tuiono
Q99767964,Ricardo Menéndez March,male,,,,,Ricardo Menendez March crop.jpg,Ricardo Menéndez March
Q99771411,Brooke van Velden,female,1992-10-14,11,,,,Brooke van Velden
Q99771412,Nicole McKee,female,,,,,,Nicole McKee
Q99771415,Chris Baillie,male,,,,,,Chris Baillie (politician)
Q99771416,Simon Court,male,,,,,,Simon Court
Q99771417,James McDowall,male,1988-01-06,11,,,,James McDowall
Q99771420,Karen Chhour,female,,,,,,Karen Chhour
Q99771421,Mark Cameron,male,,,,,,Mark Cameron (politician)
Q99771422,Toni Severin,female,,,,,,Toni Severin
Q99835328,Nicola Grigg,female,,,,,Nicola Grigg - Lincoln (cropped).jpg,Nicola Grigg
Q99835329,Joseph Mooney,male,1979,9,,,,Joseph Mooney (New Zealand politician)
Q99835330,Penny Simmonds,female,,,,,Penny Simmonds (cropped).jpg,Penny Simmonds
Q99835332,Simon Watts,male,,,,,Portrait.sgw.jpg,Simon Watts
Q99872114,Rawiri Waititi,male,,,,,,Rawiri Waititi
