id,name,gender,dob,dobp,dod,dodp,image,enwiki
Q103205431,Rain Epler,male,1977,9,,,,Rain Epler
Q10347025,Jüri Kahn,male,1953-12-16,11,,,,Jüri Kahn
Q105069608,Eva-Maria Liimets,female,1974-05-31,11,,,Eva-Maria Liimets (crop).jpg,Eva-Maria Liimets
Q106959627,Jüri Seilenthal,male,1970-12-28,11,,,,Jüri Seilenthal
Q107033991,Jonatan Vseviov,male,1981-08-14,11,,,Jonatan Vseviov in 2018.jpg,Jonatan Vseviov
Q107335392,Timo Suslov,male,1981-07-02,11,,,,
Q107335464,Õnne Pillak,female,1983-02-23,11,,,,
Q107335485,Sulev Kannimäe,male,1955-06-16,11,,,,
Q108917402,Janne Jõesaar-Ruusalu,female,1969,9,,,Janne Jõesaar-Ruusalu presented her credentials to the King Harald V of Norway (29227859394) (cropped).jpg,
Q10970452,Helle Kalda,female,1950-02-17,11,,,Helle Kalda - Saeima 2010.jpg,Helle Kalda
Q11023034,Ivi Eenmaa,female,1943-06-02,11,,,"Eenmaa, Ivi.IMG 0385.JPG",Ivi Eenmaa
Q11032994,Urve Tiidus,female,1954-06-06,11,,,RE Urve Tiidus.jpg,Urve Tiidus
Q11034302,Marek Strandberg,male,1965-09-25,11,,,"Marek Strandberg, 22. märts 2008.JPG",Marek Strandberg
Q110945424,Veikko Kala,male,1981-02-12,11,,,"Veikko Kala, September 2021 (GPODBG 1332) (cropped).jpg",
Q110945433,Artur Kink,male,,,,,,
Q110945456,Toomas Tirs,male,,,,,,
Q111549529,Martin Roger,male,1979-09-28,11,,,,
Q11158997,Sven Sester,male,1969-07-14,11,,,IRL Sven Sester.jpg,Sven Sester
Q113090056,Piret Hartman,female,1981-08-10,11,,,,
Q113138530,Kristjan Järvan,male,1990-10-10,11,,,,
Q113138551,Lea Danilson-Järg,female,1977-11-27,11,,,,
Q1149033,Tõnis Lukas,male,1962-06-05,11,,,Tõnis Lukas (cropped).jpg,Tõnis Lukas
Q11716283,Margus Tsahkna,male,1977-04-13,11,,,IRL Margus Tsahkna.jpg,Margus Tsahkna
Q11857954,Enn Eesmaa,male,1946-06-07,11,,,RK Enn Eesmaa.jpg,Enn Eesmaa
Q11869065,Kaja Kallas,female,1977-06-18,11,,,Kaja Kallas (crop).jpg,Kaja Kallas
Q11869429,Kalle Palling,male,1985-02-27,11,,,RE Kalle Palling.jpg,Kalle Palling
Q12358062,Aadu Must,male,1951-03-25,11,,,RK Aadu Must.jpg,Aadu Must
Q12358088,Aare Heinvee,male,1956-09-27,11,,,RE Aare Heinvee.jpg,Aare Heinvee
Q12358429,Ain Lutsepp,male,1954-05-06,11,,,RK Ain Lutsepp.jpg,Ain Lutsepp
Q12358481,Aivar Sõerd,male,1964-11-22,11,,,RE Aivar Sõerd.jpg,Aivar Sõerd
Q12358575,Alar Karis,male,1958-03-26,11,,,Alar Karis cropped.jpg,Alar Karis
Q12358582,Alar Streimann,male,1964-02-26,11,,,Alar Streimann 2011.jpg,Alar Streimann
Q12358743,Aleksander Stern,male,1948-01-06,11,,,,Aleksander Stern
Q12358921,Allar Jõks,male,1965-03-18,11,,,Allar Jõks.png,Allar Jõks
Q12359093,Ando Leps,male,1935-11-06,11,,,,Ando Leps
Q12359125,Andres Jalak,male,1953-03-19,11,,,,Andres Jalak
Q12359135,Andres Kork,male,1950-04-15,11,,,,Andres Kork
Q12359190,Andres Varik,male,1952-04-07,11,,,,Andres Varik
Q12359339,Anti Poolamets,male,1971-02-22,11,,,Anti Poolamets.jpg,Anti Poolamets
Q12359792,Arvo Sirendi,male,1939-04-04,11,,,,Arvo Sirendi
Q12360203,Barbi Pilvre,female,1963-04-19,11,,,268 Barbi volikogu esindus 2016.jpg,Barbi-Jenny Pilvre-Storgård
Q12362086,Endel Paap,male,1938-09-08,11,,,,Endel Paap
Q12362113,Ene Kaups,female,1963-02-13,11,,,,Ene Kaups
Q12362258,Erik Salumäe,male,1970-05-05,11,,,Erik Salumäe jurist 99.jpg,Erik Salumäe
Q12363324,Hannes Astok,male,1964-09-25,11,,,"Astok, Hannes.IMG 5019.JPG",Hannes Astok
Q12363563,Heimar Lenk,male,1946-09-17,11,,,Heimar Lenk 2006.jpg,Heimar Lenk
Q12363696,Hele Everaus,female,1953-01-05,11,,,Hele Everaus.jpg,Hele Everaus
Q12363761,Helmer Jõgi,male,1952-01-02,11,,,,Helmer Jõgi
Q12364333,Ignar Fjuk,male,1953-03-12,11,,,"Ignar Fjuk, Eesti arhitekt, poliitik 2013.jpg",Ignar Fjuk
Q12364480,Imre Sooäär,male,1969-03-13,11,,,Imre Sooäär 2012.jpg,Imre Sooäär
Q12364487,Inara Luigas,female,1959-01-13,11,,,KE Inara Luigas.jpg,Inara Luigas
Q12364518,Indrek Raudne,male,1975-12-18,11,,,IRL Indrek Raudne.jpg,Indrek Raudne
Q12364524,Indrek Teder,male,1957-12-03,11,,,Indrek Teder.jpg,Indrek Teder
Q12364786,Jaak Valge,male,1955-03-01,11,,,Jaak Valge.jpg,Jaak Valge
Q12364933,Jaan Õunapuu,male,1958-09-13,11,,,SDE Jaan Õunapuu.jpg,Jaan Õunapuu
Q12364964,Jaanus Rahumägi,male,1963-09-05,11,,,Jaanus Rahumägi.jpeg,Jaanus Rahumägi
Q12365083,Jarno Laur,male,1975-09-13,11,,,,Jarno Laur
Q12365130,Jevgeni Ossinovski,male,1986-03-15,11,,,SDE Jevgeni Ossinovski.jpg,Jevgeni Ossinovski
Q12365135,Jevgeni Tomberg,male,1948-06-14,11,2021-04-30,11,,Jevgeni Tomberg
Q12365540,Juku-Kalle Raid,male,1974-07-28,11,,,Raid&Volmer.IMG 20200715 175757 1.jpg,Juku-Kalle Raid
Q12365796,Jüri Adams,male,1947-11-22,11,,,Jüri Adams.jpg,Jüri Adams
Q12365812,Jüri Kaver,male,1974-02-27,11,,,,Jüri Kaver
Q12365826,Jüri Martin,male,1940-09-29,11,,,"Jüri Martin, bioloog (lihhenoloog), poliitik ja haridusettevõtja 2014.jpg",Jüri Martin
Q12365858,Jüri Saar,male,1946-11-08,11,,,,"Jüri Saar (Estonian politician, born 1946)"
Q12366112,Kaja Kreisman,female,1968-03-20,11,,,,Kaja Kreisman
Q12366123,Kajar Lember,male,1976-09-16,11,,,Kajar Lember.jpg,Kajar Lember
Q12366157,Kalev Kotkas,male,1960-04-10,11,,,SDE Kalev Kotkas.jpg,Kalev Kotkas
Q12366158,Kalev Kallo,male,1948-12-06,11,,,KE Kalev Kallo.jpg,Kalev Kallo
Q12366228,Kalle Jents,male,1957-06-22,11,,,RE Kalle Jents.jpg,Kalle Jents
Q12366229,Kalle Jürgenson,male,1960-09-01,11,,,,Kalle Jürgenson
Q12366238,Kalle Muuli,male,1958-01-10,11,,,RK Kalle Muuli.jpg,Kalle Muuli
Q12366252,Kalmer Lain,male,1968-06-07,11,,,,Kalmer Lain
Q12366267,Kalvi Kõva,male,1974-11-16,11,,,SDE Kalvi Kõva.jpg,Kalvi Kõva
Q12366614,Katrin Karisma,female,1947-08-21,11,,,,Katrin Karisma
Q12366816,Kersti Kaljulaid,female,1969-12-30,11,,,Kersti Kaljulaid - 2018.jpg,Kersti Kaljulaid
Q12366820,Kersti Sarapuu,female,1954-05-05,11,,,RK Kersti Sarapuu.jpg,Kersti Sarapuu
Q12367232,Koit Pikaro,male,1949-08-13,11,,,,Koit Pikaro
Q12368349,Lauri Läänemets,male,1983-01-31,11,,,Lauri Läänemets.jpg,Lauri Läänemets
Q12368477,Leino Mägi,male,1955-03-22,11,,,,Leino Mägi
Q12368506,Lembit Kaljuvee,male,1952-12-29,11,,,KE Lembit Kaljuvee.jpg,Lembit Kaljuvee
Q12368727,Liis Klaar,female,1938-01-25,11,,,Liis Klaar sotsioloog 99.jpg,Liis Klaar
Q12368739,Liisa Pakosta,female,1969-09-03,11,,,IRL Liisa-Ly Pakosta.jpg,Liisa-Ly Pakosta
Q12369450,Madis Kallas,male,1981-04-22,11,,,Madis Kallas Võidupühal 2022 (cropped).jpg,Madis Kallas
Q12369500,Mai Treial,female,1952-05-22,11,,,,Mai Treial
Q12369688,Margi Ein,female,1950-12-08,11,,,,Margi Ein
Q12369691,Margit Sutrop,female,1963-10-13,11,,,Margit Sutrop 2014.JPG,
Q12369707,Margus Lepik,male,1969-03-14,11,,,,Margus Lepik
Q12369727,Mari-Ann Kelam,female,1946-06-26,11,,,Mariann kelam.jpg,Mari-Ann Kelam
Q12369791,Marika Tuus-Laul,female,1951-05-12,11,,,KE Marika Tuus.jpg,Marika Tuus-Laul
Q12369838,Mark-Toomas Soosaar,male,1946-01-12,11,,,RK Mark Soosaar.jpg,Mark Soosaar
Q12369879,Mart Meri,male,1959-02-15,11,,,"Meri, Mart.IMG 9931.JPG",Mart Meri
Q12369884,Mart Nutt,male,1962-03-21,11,2019-06-02,11,RK Mart Nutt.jpg,Mart Nutt
Q12369924,Martin Helme,male,1976-04-24,11,,,"Helme, Martin.IMG 6116.JPG",Martin Helme
Q12369932,Martin Kukk,male,1987-08-15,11,,,RK Martin Kukk.jpg,Martin Kukk
Q12369996,Mati Raidma,male,1965-04-07,11,,,RE Mati Raidma.jpg,Mati Raidma
Q12370003,Mati Vaarmann,male,1951-09-14,11,,,Mati Vaarmann ja Meelike Palli.jpg,Mati Vaarmann
Q12370075,Meelis Mälberg,male,1970-04-26,11,,,RE Meelis Mälberg.jpg,Meelis Mälberg
Q12370314,Mihkel Pärnoja,male,1946-01-03,11,,,,Mihkel Pärnoja
Q12370316,Mihkel Raud,male,1969-01-08,11,,,"Mihkel Raud, 2007.jpg",Mihkel Raud
Q12370928,Neeme Suur,male,1968-09-02,11,,,"Neeme Suur, 2011.jpg",Neeme Suur
Q12370945,Neinar Seli,male,1959-12-07,11,,,Neinar Seli 2019 (cropped).jpg,Neinar Seli
Q12370956,Nelli Kalikova,female,1949-02-16,11,,,,Nelli Kalikova
Q12370957,Nelli Privalova,female,1945-02-07,11,,,,Nelli Privalova
Q12371071,Nikolai Põdramägi,male,1944-01-07,11,,,,Nikolai Põdramägi
Q12371410,Olev Raju,male,1948-01-14,11,,,Olev Raju.jpg,Olev Raju
Q12371428,Olga Sõtnik,female,1980-12-02,11,,,KE Olga Sõtnik.jpg,Olga Sõtnik
Q12371659,Ott Lumi,male,1978-12-01,11,,,,Ott Lumi
Q12371725,Oudekki Loone,female,1979-02-05,11,,,"Loone, Oudekki.IMG 5044.JPG",Oudekki Loone
Q12372152,Peep Peterson,male,1975-03-29,11,,,Peep Peterson 2021. aasta Arvamusfestivalil.jpg,
Q12372175,Peeter Ernits,male,1953-06-11,11,,,RK Peeter Ernits.jpg,Peeter Ernits
Q12372206,Peeter Laurson,male,1971-02-04,11,,,IRL Peeter Laurson.jpg,Peeter Laurson
Q12372254,Peeter Võsa,male,1967-12-28,11,,,KE Peeter Võsa.jpg,Peeter Võsa
Q12372759,Priit Kolbre,male,1956-02-17,11,2006-06-18,11,,Priit Kolbre
Q12372765,Priit Pallum,male,1964-02-02,11,,,,Priit Pallum
Q12372781,Priit Toobal,male,1983-11-01,11,,,KE Priit Toobal.jpg,Priit Toobal
Q12372782,Priit Sibul,male,1977-12-31,11,,,RK Priit Sibul.jpg,Priit Sibul
Q12373451,Rain Rosimannus,male,1968-11-09,11,,,Rain Rosimannus.jpg,Rain Rosimannus
Q12373456,Rainer Vakra,male,1981-03-10,11,,,KE Rainer Vakra.jpg,Rainer Vakra
Q12373459,Raivo Aeg,male,1962-07-04,11,,,RK Raivo Aeg.jpg,Raivo Aeg
Q12373563,Rannar Vassiljev,male,1981-11-08,11,,,SDE Rannar Vassiljev.jpg,Rannar Vassiljev
Q12373774,Rein Ratas,male,1938-05-09,11,2022-04-18,11,RK Rein Ratas.jpg,Rein Ratas
Q12373839,Remo Holsmer,male,1980-09-20,11,,,RE Remo Holsmer.jpg,Remo Holsmer
Q12373845,Rene Tammist,male,1978-07-05,11,,,,Rene Tammist
Q12374975,Siim Kabrits,male,1979-07-04,11,,,IRL Siim Kabrits.jpg,Siim Kabrits
Q12375092,Siret Kotka-Repinski,female,1986-07-27,11,,,RK Siret Kotka.jpg,Siret Kotka
Q12375620,Sven Jürgenson,male,1962-04-02,11,,,Sven Jürgenson (51714526309) (cropped).jpg,Sven Jürgenson
Q12376325,Tanel Talve,male,1976-08-13,11,,,RK Tanel Talve.jpg,Tanel Talve
Q12376368,Tarmo Loodus,male,1958,9,,,,Tarmo Loodus
Q12376370,Tarmo Mänd,male,1950-08-19,11,,,,Tarmo Mänd
Q12376376,Tarmo Tamm,male,1953-12-03,11,,,KE Tarmo Tamm.jpg,Tarmo Tamm
Q12376579,Tatjana Jaanson,female,1966-11-23,11,,,,Tatjana Jaanson
Q12376881,Tiina Lokk,female,1955-10-01,11,,,"Tiina Lokk, 2011.jpg",Tiina Lokk
Q12376884,Tiina Oraste,female,1962-10-02,11,,,,Tiina Oraste
Q12376907,Tiit Käbin,male,1937-05-12,11,2011-03-05,11,Tiit Käbin.jpeg,Tiit Käbin
Q12376940,Tiit Tammsaar,male,1951-11-07,11,,,,Tiit Tammsaar
Q12376941,Tiit Terik,male,1979-06-15,11,,,Tiit Terik 2013.jpg,Tiit Terik
Q12377039,Toivo Tootsen,male,1943-06-17,11,,,,Toivo Tootsen
Q12377076,Toomas Alatalu,male,1942-08-23,11,,,,Toomas Alatalu
Q12377090,Toomas Kivimägi,male,1963-02-16,11,,,RK Toomas Kivimägi.jpg,Toomas Kivimägi
Q12377128,Toomas Tein,male,1955-07-15,11,,,,Toomas Tein
Q12377130,Toomas Trapido,male,1972-04-15,11,,,Toomas Trapido.jpg,Toomas Trapido
Q12377533,Tõnu Kauba,male,1952-03-04,11,,,,Tõnu Kauba
Q12377803,Urmas Espenberg,male,1961-07-04,11,,,Urmas Espenberg.jpg,Urmas Espenberg
Q12378058,Valdur Lahtvee,male,1958-01-19,11,,,Valdur Lahtvee 2018.jpg,Valdur Lahtvee
Q12378193,Valve Kirsipuu,female,1933-03-05,11,2017-09-20,11,Valve Kirsipuu.jpg,Valve Kirsipuu
Q12378598,Viive Rosenberg,female,1943-02-12,11,,,,Viive Rosenberg
Q12378607,Viktor Andrejev,male,1948-11-21,11,,,,Viktor Andrejev
Q12378637,Viktor Vassiljev,male,1953-04-09,11,,,KE Viktor Vassiljev.jpg,Viktor Vassiljev
Q12378710,Villu Kõve,male,1971,9,,,,Villu Kõve
Q12378980,Väino Linde,male,1959-01-31,11,,,RE Väino Linde.jpg,Väino Linde
Q12379326,Yana Toom,female,1966-10-15,11,,,KE Yana Toom.jpg,Yana Toom
Q12379639,Ülo Tulik,male,1957-05-11,11,2022-04-30,11,IRL Ülo Tulik.jpg,Ülo Tulik
Q12379642,Ülo Vooglaid,male,1935-08-29,11,,,Ülo Vooglaid 12.4.2012.JPG,Ülo Vooglaid
Q13234758,Andres Anvelt,male,1969-09-30,11,,,SDE Andres Anvelt.jpg,Andres Anvelt
Q1340201,Liina Tõnisson,female,1940-05-24,11,,,,Liina Tõnisson
Q13570003,Kadri Simson,female,1977-01-22,11,,,Kadri Simson 2017-05-25 (cropped).jpg,Kadri Simson
Q13603999,Kaia Iva,female,1964-04-28,11,,,Kaia Iva 2017-05-25 (cropped).jpg,Kaia Iva
Q13605586,Mart Jüssi,male,1965-03-21,11,,,Mart Jussi parlamentariker fran Estland talar vid BSPC-s mote i Visby 2008-09-01.jpg,Mart Jüssi
Q13605609,Tõnu Juul,male,1958-04-21,11,,,RE Tõnu Juul.jpg,Tõnu Juul
Q13607430,Urmas Klaas,male,1971-03-17,11,,,RE Urmas Klaas.jpg,Urmas Klaas
Q13608080,Tõnis Kõiv,male,1970-10-29,11,,,RE Tõnis Kõiv.jpg,Tõnis Kõiv
Q13608089,Aivar Kokk,male,1960-04-15,11,,,IRL Aivar Kokk.jpg,Aivar Kokk
Q13628736,Helmen Kütt,female,1961-07-28,11,,,SDE Helmen Kütt.jpg,Helmen Kütt
Q13629005,Lauri Laasi,male,1974-09-12,11,,,KE Lauri Laasi.jpg,Lauri Laasi
Q1375483,Jaanus Tamkivi,male,1959-11-17,11,,,Jaanus Tamkivi.jpg,Jaanus Tamkivi
Q1375585,Jaak Aab,male,1960-04-09,11,,,Jaak Aab 2017-06-09.jpg,Jaak Aab
Q1385792,Ken-Marti Vaher,male,1974-09-05,11,,,RK Ken-Marti Vaher.jpg,Ken-Marti Vaher
Q1387518,Trivimi Velliste,male,1947-05-04,11,,,"Trivimi Velliste, rapportor ad hoc gruppen (cropped).jpg",Trivimi Velliste
Q1396519,Karin Jaani,female,1952-08-27,11,2009-10-07,11,Karin Jaani (cropped).jpg,Karin Jaani
Q1398025,Ivari Padar,male,1965-03-12,11,,,Ivari Padar at Laulupidu cropped.jpg,Ivari Padar
Q1399189,Marko Pomerants,male,1964-09-24,11,,,IRL Marko Pomerants.jpg,Marko Pomerants
Q1399218,Hanno Pevkur,male,1977-04-02,11,,,"Hanno Pevkur, 2011.jpg",Hanno Pevkur
Q1410118,Jaanus Marrandi,male,1963-03-23,11,,,RK Jaanus Marrandi.jpg,Jaanus Marrandi
Q14188964,Kalev Lillo,male,1966-11-30,11,,,RE Kalev Lillo.jpg,Kalev Lillo
Q14191221,Lauri Luik,male,1982-04-23,11,,,RE Lauri Luik.jpg,Lauri Luik
Q1424510,Jüri Pihl,male,1954-03-17,11,2019-02-03,11,5 Jüri Pihl.jpg,Jüri Pihl
Q1433583,Jüri Luik,male,1966-08-17,11,,,Jüri Luik 2017-06-09 (cropped).jpg,Jüri Luik
Q14483307,Heljo Pikhof,female,1958-10-20,11,,,SDE Heljo Pikhof.jpg,Heljo Pikhof
Q14510981,Uno Mereste,male,1928-05-27,11,2009-12-06,11,,Uno Mereste
Q14514374,Tiit Kuusmik,male,1950-03-03,11,,,,Tiit Kuusmik
Q1453245,Mart Helme,male,1949-10-31,11,,,Mart Helme.jpg,Mart Helme
Q14542629,Rein Randver,male,1956-06-24,11,,,SDE Rein Randver.jpg,Rein Randver
Q14571300,Eerik-Juhan Truuväli,male,1938-03-07,11,2019-06-25,11,,Eerik-Juhan Truuväli
Q14859366,Eerik Marmei,male,1970-05-06,11,,,Marmei Eerik.JPG,Eerik Marmei
Q15298066,Priit Pikamäe,male,1973-11-22,11,,,,Priit Pikamäe
Q153149,Lennart Meri,male,1929-03-29,11,2006-03-14,11,Lennart Meri 1998.jpg,Lennart Meri
Q156469,Siim Kallas,male,1948-10-02,11,,,"Siim Kallas, arvamusfestival 2014 (2).jpg",Siim Kallas
Q1565411,Toivo Asmer,male,1947-01-08,11,,,Toivo Asmer.png,Toivo Asmer
Q1577141,Mihkel Oviir,male,1942-10-11,11,,,Mihkel Oviir.jpg,Mihkel Oviir
Q1586123,Harri Tiido,male,1953-10-08,11,,,Harri Tiido 2021. aasta Kirjandustänava festivalil.jpg,Harri Tiido
Q1586128,Harri Õunapuu,male,1947-02-02,11,,,,Harri Õunapuu
Q1594612,Heiki Kranich,male,1961-10-09,11,,,,Heiki Kranich
Q15983657,Anne Sulling,female,1976-10-12,11,,,"Anne Sulling in October 27, 2014.jpg",Anne Sulling
Q1621844,Vallo Reimaa,male,1961-05-08,11,,,,Vallo Reimaa
Q1630393,Vahur Kraft,male,1961-03-11,11,,,"Vahur Kraft, 2015.jpg",Vahur Kraft
Q16402978,Johannes Kert,male,1959-12-03,11,2021-03-04,11,RK Johannes Kert.jpg,Johannes Kert
Q16403129,Olav Aarna,male,1942-11-04,11,,,"Aarna, Olav.IMG 9603.JPG",Olav Aarna
Q16403144,Taavi Aas,male,1966-01-10,11,,,Taavi Aas 2017 (cropped).jpg,Taavi Aas
Q16403371,Indrek Saar,male,1973-02-20,11,,,Indrek Saar 2017-05-25 (cropped).jpg,Indrek Saar
Q16403439,Jüri Saar,male,1956-10-21,11,,,,"Jüri Saar (Estonian politician, born 1956)"
Q16403448,Andrus Saare,male,1965-12-29,11,,,IRL Andrus Saare.jpg,Andrus Saare
Q16403525,Maret Merisaar,female,1958-02-13,11,,,"Maret Merisaar, 12. jaanuar 2008.JPG",Maret Merisaar
Q16403775,Margus Allikmaa,male,1961-06-28,11,,,Margus Allikmaa riigiametnik 99.jpg,Margus Allikmaa
Q16403802,Madis Milling,male,1970-11-24,11,2022-02-03,11,RK Madis Milling.jpg,Madis Milling
Q16404003,Arvo Sarapuu,male,1953-08-26,11,2020-03-17,11,"Sarapuu, Arvo.IMG 5545.JPG",Arvo Sarapuu
Q16404020,Mihhail Korb,male,1980-08-03,11,,,"Korb, Mihhail.IMG 2249.JPG",Mihhail Korb
Q16404048,Robert Antropov,male,1965-01-29,11,,,,Robert Antropov
Q16404146,Küllo Arjakas,male,1959-10-10,11,,,Küllo Arjakas 2021. aasta Kirjandustänava festivalil.jpg,Küllo Arjakas
Q16404169,Janek Mäggi,male,1973-09-05,11,,,"Mäggi, Janek.IMG 9126.JPG",Janek Mäggi
Q16404280,Jaanus Männik,male,1951-05-03,11,,,,Jaanus Männik
Q16404281,Krista Aru,female,1958-08-01,11,,,Krista Aru.jpg,Krista Aru
Q16404443,Tarmo Kruusimäe,male,1967-04-09,11,,,Kruusimäe. IMG 20200827 180615.jpg,Tarmo Kruusimäe
Q16404493,Heidy Purga,female,1975-03-18,11,,,RK Heidy Purga.jpg,Heidy Purga
Q16404500,Andre Sepp,male,1971-10-25,11,,,RE Andre Sepp.jpg,Andre Sepp
Q16404509,Evelyn Sepp,female,1972-07-13,11,,,Evelyn Sepp.jpg,Evelyn Sepp
Q16404987,Toomas Järveoja,male,1961-04-23,11,,,,
Q16405018,Ants Käärma,male,1942-04-04,11,,,Ants Käärma 20.8.2011.JPG,Ants Käärma
Q16405090,Henn Põlluaas,male,1960-02-16,11,,,RK Henn Põlluaas.jpg,Henn Põlluaas
Q16405149,Andrei Novikov,male,1982-03-27,11,,,"Novikov, Andrei.IMG 2287.JPG",Andrei Novikov
Q16405217,Külliki Kübarsepp,female,1981-06-27,11,,,RK Külliki Kübarsepp.jpg,Külliki Kübarsepp
Q16405288,Vootele Hansen,male,1962-01-19,11,,,Hansen Vootele 28122014 004 cp.JPG,Vootele Hansen
Q16405450,Viktoria Ladõnskaja-Kubits,female,1981-07-20,11,,,RK Viktoria Ladõnskaja.jpg,Viktoria Ladõnskaja
Q16405510,Katri Raik,female,1967-10-26,11,,,Katri Raik - aasta eurooplane 2015.jpg,Katri Raik
Q16405534,Etti Kagarov,female,1956-01-28,11,,,,Etti Kagarov
Q16405538,Märt Sults,male,1961-03-24,11,,,RK Märt Sults.jpg,Märt Sults
Q16405586,Alar Laneman,male,1962-05-06,11,,,Alar Laneman.jpg,Alar Laneman
Q16405768,Maris Lauri,female,1966-01-01,11,,,RK Maris Lauri.jpg,Maris Lauri
Q16405983,Ivar Tallo,male,1964-05-05,11,,,,Ivar Tallo
Q16406074,Artur Talvik,male,1964-06-13,11,,,RK Artur Talvik.jpg,Artur Talvik
Q16406166,Aino Lepik von Wirén,female,1961-10-28,11,,,Aino Lepik von Wirén (cropped).jpg,Aino Lepik von Wirén
Q16406227,Raivo E. Tamm,male,1965-07-15,11,,,Raivo E Tamm.IMG 20200614 120053.jpg,Raivo E. Tamm
Q16406371,Janno Reiljan,male,1951-10-08,11,2018-01-23,11,Janno Reiljan.jpg,Janno Reiljan
Q16406391,Meelis Paavel,male,1963-06-17,11,,,,Meelis Paavel
Q16406442,Rein Järvelill,male,1966-04-16,11,,,Rein Järvelill.jpg,Rein Järvelill
Q16406454,Väino Reinart,male,1962-12-28,11,,,Väino Reinart 2012.jpg,Väino Reinart
Q16406516,Mart Tarmak,male,1955-04-10,11,,,"Mart Tarmak, Tarja Halonen.jpg",Mart Tarmak
Q16406537,Olga Ivanova,female,1984-10-15,11,,,RK Olga Ivanova.jpg,Olga Ivanova (politician)
Q16406609,Urmas Reitelmann,male,1958-07-09,11,,,Urmas Reitelmann.jpg,Urmas Reitelmann
Q16406782,Aivar Riisalu,male,1961-03-13,11,,,KE Aivar Riisalu.jpg,Aivar Riisalu
Q16406955,Toomas Tiivel,male,1952-02-10,11,,,,
Q16406983,Viljar Lubi,male,1977,9,,,"Viljar Lubi, Maris Lauri, Anti Heinla 2020. aastal Arvamusfestivali teadusalal (cropped).jpg",
Q16407052,Reet Roos,female,1973-04-01,11,,,IRL Reet Roos.jpg,Reet Roos
Q16407124,Georg Pelisaar,male,1958-12-07,11,,,,Georg Pelisaar
Q16407226,Tiit Toomsalu,male,1949-11-21,11,,,,Tiit Toomsalu
Q16407247,Ülo Tootsen,male,1933-06-13,11,2006-03-13,11,Ülo Tootsen.jpg,Ülo Tootsen
Q16407265,Marko Torm,male,1980-03-02,11,,,Marko Torm portree.jpg,Marko Torm
Q16407299,Hannes Rumm,male,1968-11-11,11,,,"Rumm, Hannes.IMG 5854.JPG",Hannes Rumm
Q16407309,Terje Trei,female,1967-05-01,11,,,RK Terje Trei.jpg,Terje Trei
Q16407368,Matti Maasikas,male,1967-06-12,11,,,Matti Maasikas.jpg,Matti Maasikas
Q16407380,Aet Maatee,female,1961-11-10,11,,,Maatee Aet.IMG 2928.JPG,Aet Maatee
Q16407395,Ülle Madise,female,1974-12-11,11,,,Ülle Madise.jpg,Ülle Madise
Q16407429,Toivo Maimets,male,1957-12-29,11,,,Toivo Maimets.jpg,Toivo Maimets
Q16407757,Jüri Morozov,male,1958-09-10,11,,,,Jüri Morozov
Q16407871,Helmut Hallemaa,male,1954-06-30,11,,,,Helmut Hallemaa
Q16407919,Eduard Odinets,male,1976,9,,,,Eduard Odinets
Q16407990,Raivo Paavo,male,1946-05-22,11,,,,Raivo Paavo
Q16408011,Raivo Palmaru,male,1951-11-27,11,,,Raivo Palmaru 2018.jpg,Raivo Palmaru
Q16408179,Ingvar Pärnamäe,male,1977-07-27,11,,,,Ingvar Pärnamäe
Q16412204,Sven Sakkov,male,1971-09-14,11,,,EU cyber security conference 2017 (37383454305).jpg,
Q16601015,Sergei Ivanov,male,1958-01-05,11,,,,Sergei Ivanov (Estonian politician)
Q1670898,Villu Reiljan,male,1953-05-23,11,,,"Villu Reiljan, ettevõtja ja endine poliitik 2013 (cropped).jpg",Villu Reiljan
Q1676747,Jaak Allik,male,1946-10-08,11,,,SDE Jaak Allik.jpg,Jaak Allik
Q1676748,Jaak Jõerüüt,male,1947-12-09,11,,,Jaak Jõerüüt 2012.jpg,Jaak Jõerüüt
Q17096757,Arti Hilpus,male,1972-10-31,11,,,Arti Hilpus 2012.jpg,Arti Hilpus
Q17446896,Yoko Alender,female,1979-06-13,11,,,"Alender, Yoko.IMG 2599.JPG",Yoko Alender
Q17446918,Hannes Hanso,male,1971-10-06,11,,,RK Hannes Hanso.jpg,Hannes Hanso
Q17446941,Kalev Kallemets,male,1979-04-17,11,,,Kalev Kallemets 2021. aasta Arvamusfestivalil.jpg,Kalev Kallemets
Q17447264,Urbo Vaarmann,male,1977-01-06,11,,,,Urbo Vaarmann
Q17447338,Einar Vallbaum,male,1959-10-09,11,,,RK Einar Vallbaum.jpg,Einar Vallbaum
Q1768297,Margus Laidre,male,1959-09-18,11,,,,Margus Laidre
Q1783372,Margus Leivo,male,1954-05-28,11,2019-08-21,11,Margus Leivo 2010.jpg,Margus Leivo
Q1789192,Kristen Michal,male,1975-07-12,11,,,Kristen Michal.jpg,Kristen Michal
Q18626575,Ülo Tärno,male,1936-05-22,11,,,,Ülo Tärno
Q18642208,Anastassia Kovalenko,female,1991-09-21,11,,,Anastassia Kovalenko on Botniaring.JPG,Anastassia Kovalenko-Kõlvart
Q18752983,Tiit Sinissaar,male,1947-12-07,11,,,"Sinissaar, TIit.CAM00272.jpg",Tiit Sinissaar
Q18753049,Aivar Rosenberg,male,1962-09-14,11,,,,Aivar Rosenberg
Q18753192,Riina Solman,female,1972-06-23,11,,,Riigihalduse minister Riina Solman. Foto- Riigikantselei.jpg,Riina Solman
Q1885929,Mait Klaassen,male,1955-01-23,11,,,Mait Klaassen 2010.jpg,Mait Klaassen
Q1900847,Marko Mihkelson,male,1969-11-30,11,,,RK Marko Mihkelson.jpg,Marko Mihkelson
Q1902900,Mart Opmann,male,1956-03-27,11,,,,Mart Opmann
Q1916766,Meelis Atonen,male,1966-12-05,11,,,"Endine poliitik ja tänane maratoonar Meelis Atonen (Eesti meestest kõige rohkem maratone jooksnu, peaks olema 100 täis).JPG",Meelis Atonen
Q194000,Arnold Rüütel,male,1928-05-10,11,,,Est UN.jpg,Arnold Rüütel
Q19725706,Jaak Madison,male,1991-04-22,11,,,Jaak Madison's portrait.jpg,Jaak Madison
Q2000385,Deniss Boroditš,male,1979-11-01,11,,,RK Deniss Boroditš.jpg,Deniss Boroditš
Q2002383,Toomas Savi,male,1942-12-30,11,,,Savi Toomas.IMG 2959 (crop).jpg,Toomas Savi
Q2012757,Mihhail Lotman,male,1952-09-02,11,,,"Lotman, Mihhail.IMG 3151.JPG",Mihhail Lotman
Q2018155,Olari Taal,male,1953-08-07,11,,,,Olari Taal
Q20528288,Tiina Kangro,female,1961-04-03,11,,,,Tiina Kangro
Q20528341,Uno Kaskpeit,male,1957-06-08,11,,,RK Uno Kaskpeit.jpg,Uno Kaskpeit
Q20528366,Andres Ammas,male,1962-02-25,11,2018-04-04,11,RK Andres Ammas.jpg,Andres Ammas
Q20528446,Lauri Bambus,male,1969-05-31,11,,,Lauri Bambus 2010.jpg,
Q20528493,Erki Savisaar,male,1978-06-16,11,,,RK Erki Savisaar.jpg,Erki Savisaar
Q20528676,Monika Haukanõmm,female,1972-05-22,11,,,RK Monika Haukanõmm.jpg,Monika Haukanõmm
Q20528712,Henrik Hololei,male,1970-04-01,11,,,"ECAC-CEAC 36th Plenary (triennial) Session of the European Civil Conférence, Strasbourg 10 11 July 2018. (28601723727).jpg",
Q20528880,Innar Mäesalu,male,1970-08-02,11,,,,Innar Mäesalu
Q2063457,Eldar Efendijev,male,1954-06-29,11,,,KE Eldar Efendijev.jpg,Eldar Efendijev
Q2067037,Peep Aru,male,1953-04-20,11,,,RE Peep Aru.jpg,Peep Aru
Q20933454,Arno Sild,male,1947-04-26,11,,,RK Arno Sild.jpg,Arno Sild
Q20933467,Dmitri Dmitrijev,male,1982-06-17,11,,,RK Dmitri Dmitrijev.jpg,Dmitri Dmitrijev
Q20933507,Jaanus Karilaid,male,1977-02-01,11,,,RK Jaanus Karilaid.jpg,Jaanus Karilaid
Q20933509,Liina Kersna,female,1980-04-03,11,,,RK Liina Kersna.jpg,Liina Kersna
Q20933524,Kristjan Kõljalg,male,1982-12-26,11,,,RK Kristjan Kõljalg.jpg,Kristjan Kõljalg
Q20933540,Andres Metsoja,male,1978-11-25,11,,,RK Andres Metsoja.jpg,Andres Metsoja
Q20933554,Raivo Põldaru,male,1951-05-29,11,,,RK Raivo Põldaru.jpg,Raivo Põldaru
Q20933560,Martin Repinski,male,1986-08-06,11,,,RK Martin Repinski.jpg,Martin Repinski
Q20933595,Aivar Viidik,male,1968-04-09,11,,,,
Q2097451,Sven Mikser,male,1973-11-08,11,,,SDE Sven Mikser.jpg,Sven Mikser
Q21009735,Liisa Oviir,female,1977-03-01,11,,,Tenth WTO Ministerial Conference - Day 3 - Plenary session (23197532274).jpg,Liisa Oviir
Q2128576,Rait Maruste,male,1953-09-27,11,,,RE Rait Maruste.jpg,Rait Maruste
Q22041600,Anneli Ott,female,1976-05-02,11,,,Anneli Ott.jpg,Anneli Ott
Q22104240,Eve-Külli Kala,female,1959-11-10,11,,,Ambassador Eve-Külli Kala (cropped).jpg,Eve-Külli Kala
Q2285186,Signe Kivi,female,1957-02-24,11,,,Baltijas Asamblejas 38.sesija (49140855051).jpg,Signe Kivi
Q2285514,Siiri Sisask,female,1968-09-21,11,,,"Sisask, Siiri.IMG 4975.JPG",Siiri Sisask
Q2287295,Simmu Tiik,male,1959-02-19,11,,,,Simmu Tiik
Q231327,Kristina Šmigun-Vähi,female,1977-02-23,11,,,"Šmigun-Vähi, Kristina. IMG 20220423 135043.jpg",Kristina Šmigun-Vähi
Q2438863,Toivo Jürgenson,male,1957-08-28,11,,,"Jürgenson, Toivo.IMG 20190511 153910.jpg",Toivo Jürgenson
Q2443012,Toomas Vilosius,male,1951-05-05,11,,,,Toomas Vilosius
Q24545438,Jevgeni Solovjov,male,1948,9,,,,
Q2496642,Uno Lõhmus,male,1952-10-21,11,,,,Uno Lõhmus
Q253515,Jaak Aaviksoo,male,1954-01-11,11,,,"Jaak Aaviksoo, 2011.jpg",Jaak Aaviksoo
Q25519722,Toomas Jürgenstein,male,1964-07-23,11,,,,Toomas Jürgenstein
Q261471,Erika Salumäe,female,1962-06-11,11,,,Erika Salumäe vastuvõtt Raekoja platsil 1992.jpg,Erika Salumäe
Q2621730,Jüri Ratas,male,1978-07-02,11,,,Jüri Ratas 2017-05.jpg,Jüri Ratas
Q26695944,Helle-Moonika Helme,female,1966-07-08,11,,,Helle-Moonika Helme.jpg,Helle-Moonika Helme
Q272240,Siiri Oviir,female,1947-11-03,11,,,Siiri Oviir 2010.jpg,Siiri Oviir
Q2738322,Riho Terras,male,1967-04-17,11,,,Riho Terras and Daniel Gillen 170223-N-VK873-317 (33017196591) (cropped2).jpg,Riho Terras
Q27430371,Reili Rand,female,1991-03-19,11,,,,
Q27430376,Ljudmila Jantšenko,female,1951-02-06,11,,,,
Q27430407,Raimond Kaljulaid,male,1982-01-27,11,,,"Kaljulaid, Raimond.IMG 20220423 134016.jpg",Raimond Kaljulaid
Q28071323,Toomas Paur,male,1949-03-17,11,,,,Toomas Paur
Q28071329,Marko Šorin,male,1974-06-09,11,,,,Marko Šorin
Q28790814,Martin Herem,male,1973-12-17,11,,,Martin Herem (2021) extract.jpg,Martin Herem
Q28840779,Igor Kravtšenko,male,1973-03-28,11,,,,Igor Kravtšenko
Q28845703,Alar Nääme,male,1983-12-21,11,,,,Alar Nääme
Q28854341,Toomas Väinaste,male,1950-01-24,11,,,,Toomas Väinaste
Q28854356,Eevi Paasmäe,female,1952-05-11,11,,,,Eevi Paasmäe
Q28854358,Vladimir Arhipov,male,1955-09-26,11,,,,Vladimir Arhipov
Q293175,Ester Tuiksoo,female,1965-03-05,11,,,KE Ester Tuiksoo.jpg,Ester Tuiksoo
Q29419731,Paul Puustusmaa,male,1964,9,,,Paul Puustusmaa.jpg,Paul Puustusmaa
Q29420141,Ruuben Kaalep,male,1993-09-21,11,,,Ruuben Kaalep.jpg,Ruuben Kaalep
Q307473,Mart Laar,male,1960-04-22,11,,,Mart Laar.png,Mart Laar
Q312894,Juhan Parts,male,1966-08-27,11,,,Juhan Parts.jpg,Juhan Parts
Q334700,Erki Nool,male,1970-06-25,11,,,IRL Erki Nool.jpg,Erki Nool
Q334802,Ülo Nugis,male,1944-04-28,11,2011-11-18,11,Ülo Nugis 20.8.2009.JPG,Ülo Nugis
Q355241,Edgar Savisaar,male,1950-05-31,11,,,RK Edgar Savisaar.jpg,Edgar Savisaar
Q3735691,Eerik-Niiles Kross,male,1967-09-08,11,,,"Kross, Eerik-Niiles.IMG 2106.JPG",Eerik-Niiles Kross
Q3736458,Ants Laaneots,male,1948-01-16,11,,,RK Ants Laaneots.jpg,Ants Laaneots
Q3736786,Lauri Vahtre,male,1960-03-22,11,,,Lauri-Vahtre-2010.jpg,Lauri Vahtre
Q3736953,Jaak Salumets,male,1949-01-30,11,,,,Jaak Salumets
Q3737434,Aleksei Lotman,male,1960-05-06,11,,,"Aleksei Lotman, 2011.jpg",Aleksei Lotman
Q3739506,Üllar Saaremäe,male,1969-11-23,11,,,Saaremäe Üllar.IMG 3346.JPG,Üllar Saaremäe
Q3740790,Hardi Volmer,male,1957-11-08,11,,,Raid&Volmer.IMG 20200715 175757 1.jpg,Hardi Volmer
Q3741225,Elle Kull,female,1952-01-05,11,,,Elle Kull - Kutse mõrvale.jpg,Elle Kull
Q3741323,Raivo Järvi,male,1954-12-23,11,2012-06-17,11,RE Raivo Järvi.jpg,Raivo Järvi
Q3741429,Urmas Kruuse,male,1965-07-14,11,,,Urmas Kruuse (crop).jpg,Urmas Kruuse
Q3741792,Peeter Kreitzberg,male,1948-12-14,11,2011-11-03,11,SDE Peeter Kreitzberg.jpg,Peeter Kreitzberg
Q3741812,Mihhail Stalnuhhin,male,1961-09-15,11,,,KE Mihhail Stalnuhhin.jpg,Mihhail Stalnuhhin
Q3741900,Vladimir Velman,male,1945-09-25,11,,,KE Vladimir Velman.jpg,Vladimir Velman
Q3742259,Kaljo Kiisk,male,1925-12-03,11,2007-09-20,11,Kaljo Kiisk 1989.jpg,Kaljo Kiisk
Q3742426,Vardo Rumessen,male,1942-08-08,11,2015-08-25,11,,Vardo Rumessen
Q3744878,Leo Kunnas,male,1967-11-14,11,,,Leo Kunnas.jpg,Leo Kunnas
Q375400,Andres Lipstok,male,1957-02-06,11,,,,Andres Lipstok
Q3785077,Taavi Rõivas,male,1979-09-26,11,,,RE Taavi Rõivas.jpg,Taavi Rõivas
Q382654,Karel Rüütli,male,1978-12-25,11,,,SDE Karel Rüütli.jpg,Karel Rüütli
Q38474175,Mihkel Juhkami,male,,,,,,Mihkel Juhkami
Q38475120,Margus Tammekivi,male,1956-01-23,11,,,,Margus Tammekivi
Q39468117,Lauri Lepik,male,1960-10-14,11,,,Lauri Lepik in 2017.jpg,Lauri Lepik
Q4232659,Valeri Korb,male,1954-07-03,11,,,KE Valeri Korb.jpg,Valeri Korb
Q4250802,Mihhail Kõlvart,male,1977-11-24,11,,,Official photo of mayor 2019 nr2.jpg,Mihhail Kõlvart
Q42889094,Erkki Keldo,male,1990-11-07,11,,,,Erkki Keldo
Q438802,Kristiina Ojuland,female,1966-12-17,11,,,Ojuland 2014 by Ave Maria Mõistlik.IMG 4740.JPG,Kristiina Ojuland
Q439102,Ene Ergma,female,1944-02-29,11,,,IRL Ene Ergma.jpg,Ene Ergma
Q439111,Marina Kaljurand,female,1962-09-06,11,,,Välisminister Marina Kaljurand (25528444880) (cropped2).jpg,Marina Kaljurand
Q441874,Taavi Veskimägi,male,1974-11-20,11,,,Taavi Veskimagi.jpg,Taavi Veskimägi
Q4465204,Peeter Tulviste,male,1945-10-28,11,2017-03-11,11,Peeter Tulviste.jpg,Peeter Tulviste
Q449851,Mailis Reps,female,1975-01-13,11,,,Mailis Reps 2017-05-25.jpg,Mailis Reps
Q449939,Laine Randjärv,female,1964-07-30,11,,,RE Laine Randjärv.jpg,Laine Randjärv
Q450523,Eiki Nestor,male,1953-09-05,11,,,SDE Eiki Nestor.jpg,Eiki Nestor
Q458003,Keit Pentus-Rosimannus,female,1976-03-03,11,,,Keit Pentus-Rosimannus (crop).jpg,Keit Pentus-Rosimannus
Q460589,Vilja Toomast,female,1962-08-15,11,,,RK Vilja Savisaar-Toomast.jpg,Vilja Toomast
Q463099,Andres Tarand,male,1940-01-11,11,,,Andres Tarand 12.4.2012.jpg,Andres Tarand
Q465437,Urve Palo,female,1972-07-10,11,,,SDE Urve Palo.jpg,Urve Palo
Q470939,Mart Siimann,male,1946-09-21,11,,,Siimann Mart.IMG 2960.JPG,Mart Siimann
Q4755832,Andrei Korobeinik,male,1980-11-05,11,,,RE Andrei Korobeinik.jpg,Andrei Korobeinik
Q4756115,Andres Herkel,male,1962-08-14,11,,,IRL Andres Herkel.jpg,Andres Herkel
Q509232,Maret Maripuu,female,1974-07-16,11,,,RE Maret Maripuu.jpg,Maret Maripuu
Q518704,Tarmo Leinatamm,male,1957-09-02,11,2014-10-13,11,RE Tarmo Leinatamm.jpg,Tarmo Leinatamm
Q52704406,Riina Sikkut,female,1983-01-12,11,,,Riina Sikkut.jpg,Riina Sikkut
Q528974,Kaido Höövelson,male,1984-11-05,11,,,Baruto Kaito 2008 May.jpg,Baruto Kaito
Q535290,Marianne Mikko,female,1961-09-26,11,,,SDE Marianne Mikko.jpg,Marianne Mikko
Q535426,Katrin Saks,female,1956-11-29,11,,,Katrinsaks.jpg,Katrin Saks
Q53636801,Enn Meri,male,1942-01-15,11,,,,Enn Meri
Q53638402,Karin Tammemägi,female,1975-06-04,11,,,,Karin Tammemägi
Q5379122,Enn Tarto,male,1938-09-25,11,2021-07-18,11,Enntarto1.png,Enn Tarto
Q53998190,Natalia Malleus,female,1954-01-23,11,,,,Natalia Malleus
Q544436,Tiiu Aro,female,1952-06-18,11,,,Aro ja Tuisk.IMG 20200625 103514.jpg,Tiiu Aro
Q544472,Maimu Berg,female,1945-08-27,11,,,Maimu Berg 2020.jpg,Maimu Berg
Q55984168,Aivar Surva,male,1962-03-27,11,,,,Aivar Surva
Q56148922,Jüri Šehovtsov,male,1952,9,,,,Jüri Šehovtsov
Q57289,Toomas Hendrik Ilves,male,1953-12-26,11,,,Toomas Hendrik Ilves.jpg,Toomas Hendrik Ilves
Q57640,Andrus Ansip,male,1956-10-01,11,,,Informal meeting of competitiveness and telecommunications ministers (COMPET). Press conference Andrus Ansip (35164662484).jpg,Andrus Ansip
Q58100,Urmas Paet,male,1974-04-20,11,,,Urmas Paet.jpg,Urmas Paet
Q5993313,Igor Gräzin,male,1952-06-27,11,,,RE Igor Gräzin.jpg,Igor Gräzin
Q6000205,Lavly Perling,female,1975-09-26,11,,,"Perling, Lavly.IMG 20210620 142600 2-.jpg",
Q6109557,Jaak Juske,male,1976-12-12,11,,,"Juske, Jaak.20180308 182216.jpg",Jaak Juske
Q6109645,Jaan Kundla,male,1937-10-11,11,,,,Jaan Kundla
Q61110563,Janar Holm,male,1976-08-17,11,,,Janar Holm 2021. aasta Arvamusfestivalil.jpg,Janar Holm
Q61111275,Kristi Karelsohn,female,1968-04-10,11,,,Kristi Karelsohn 2019.jpg,
Q61111821,Siim Pohlak,male,1985,9,,,Siim Pohlak.jpg,Siim Pohlak
Q61111879,Maido Ruusmann,male,1983,9,,,,
Q61400279,Kristjan Prikk,male,1977-02-15,11,,,Kristjan Prikk in 2019.jpg,
Q61404766,Andres Parmas,,1977,9,,,,
Q616356,Arto Aas,male,1980-06-09,11,,,RE Arto Aas.jpg,Arto Aas
Q61742853,Madis Müller,male,1977-01-20,11,,,,Madis Müller
Q618349,Rein Aidma,male,1950-09-28,11,,,RE Rein Aidma.jpg,Rein Aidma
Q618373,Annely Akkermann,female,1972-10-05,11,,,IRL Annely Akkermann.jpg,Annely Akkermann
Q620859,Toomas Tõniste,male,1967-04-26,11,,,IRL Toomas Tõniste.jpg,Toomas Tõniste
Q62930911,Mart Järvik,male,1956-02-21,11,,,,Mart Järvik
Q62933420,Marti Kuusik,male,1970-07-04,11,,,,Marti Kuusik
Q62934345,Rene Kokk,male,1980-03-04,11,,,,Rene Kokk
Q62975823,Andres Sutt,male,1967-11-11,11,,,Andres Sutt.jpg,Andres Sutt
Q62975881,Andrus Seeme,male,1969-11-08,11,,,,Andrus Seeme
Q62975984,Tõnis Mölder,male,1989-10-09,11,,,Tõnis Mölder (crop).jpg,Tõnis Mölder
Q62976082,Kert Kingo,female,1968-03-05,11,,,,Kert Kingo
Q62976118,Marek Jürgenson,male,1977-09-09,11,,,,Marek Jürgenson
Q62976151,Maria Jufereva-Skuratovski,female,1979-10-11,11,,,,Maria Jufereva-Skuratovski
Q62976243,Riho Breivel,male,1952-08-26,11,,,Riho Breivel.jpg,Riho Breivel
Q62976265,Merry Aart,female,1953-03-31,11,,,Merry Aart.jpg,Merry Aart
Q6321970,Jüri Mõis,male,1956-10-25,11,,,,Jüri Mõis
Q63383282,Tanel Kiik,male,1989-01-23,11,,,Tanel Kiik.jpg,Tanel Kiik
Q63413898,Tiit Kala,male,1954-08-19,11,,,Tiit Kala.jpg,Tiit Kala
Q63473367,Heiki Hepner,male,1966-07-15,11,,,,Heiki Hepner
Q63473688,Peeter Rahnel,male,1957,9,,,Peeter Rahnel Mulgi peol 26.05.2018.jpg,Peeter Rahnel
Q63473780,Kai Rimmel,female,1952-11-23,11,,,Kai Rimmel.jpg,Kai Rimmel
Q639741,Ardo Hansson,male,1958-07-15,11,,,Ardo Hansson.jpg,Ardo Hansson
Q645970,Urmas Reinsalu,male,1975-06-22,11,,,Urmas Reinsalu 2017-05-25 (cropped).jpg,Urmas Reinsalu
Q64850482,Signe Riisalo,female,1968-10-08,11,,,Signe Riisalo.jpg,Signe Riisalo
Q659781,Märt Rask,male,1950-12-19,11,,,,Märt Rask
Q6736905,Maire Aunaste,female,1953-11-07,11,,,RK Maire Aunaste.jpg,Maire Aunaste
Q6760838,Margus Kolga,male,1966-05-02,11,,,Margus Kolga 2012.jpg,Margus Kolga
Q6760839,Margus Hanson,male,1958-01-06,11,,,RE Margus Hanson.jpg,Margus Hanson
Q704436,Jüri Jaanson,male,1965-10-14,11,,,RE Jüri Jaanson.jpg,Jüri Jaanson
Q71868193,Rein Suurkask,male,1968-05-25,11,,,Rein Suurkask.jpg,Rein Suurkask
Q72398401,Kalle Grünthal,male,1960-02-24,11,,,,Kalle Grünthal
Q72398917,Mart Võrklaev,male,1984-05-30,11,,,"Võrklaev, Mart.IMG 20220423 135111.jpg",Mart Võrklaev
Q724437,Helir-Valdor Seeder,male,1964-09-07,11,,,RK Helir-Valdor Seeder.jpg,Helir-Valdor Seeder
Q73278011,Kaimar Karu,male,1980-06-30,11,,,Kaimar Karu 2021. aasta Arvamusfestivalil (cropped).jpg,Kaimar Karu
Q7346851,Robert Lepikson,male,1952-06-14,11,2006-07-01,11,,Robert Lepikson
Q7402843,Sakarias Jaan Leppik,male,1969-06-24,11,,,Sakarias Jaan Leppik.jpg,Sakarias Jaan Leppik
Q743319,Tõnis Palts,male,1953-03-29,11,,,IRL Tõnis Palts.jpg,Tõnis Palts
Q743341,Siim-Valmar Kiisler,male,1965-11-06,11,,,Siim-Valmar Kiisler.jpg,Siim Valmar Kiisler
Q7516194,Silver Meikar,male,1978-02-12,11,,,Silver Meikar - Saeima 2012.jpg,Silver Meikar
Q76445785,Ants Leemets,male,1950-06-23,11,2019-11-23,11,Ants Leemets poliitik 99.jpg,Ants Leemets
Q7686357,Tarmo Kõuts,male,1953-11-27,11,,,Tarmo Kõuts.jpg,Tarmo Kõuts
Q7801789,Tiina Intelmann,female,1963-08-25,11,,,Tiina Intelmann 2011.jpg,Tiina Intelmann
Q78076303,Arvo Aller,male,1973-07-28,11,,,,Arvo Aller
Q7824120,Toomas Vitsut,male,1960-01-01,11,,,RK Toomas Vitsut.jpg,Toomas Vitsut
Q788525,Paul-Eerik Rummo,male,1942-01-19,11,,,RE Paul-Eerik Rummo.jpg,Paul-Eerik Rummo
Q7909441,Valdo Randpere,male,1958-02-04,11,,,RE Valdo Randpere.jpg,Valdo Randpere
Q7944364,Värner Lootsmann,male,1945-08-18,11,,,,Värner Lootsmann
Q8079458,Ülle Rajasalu,female,1953-05-06,11,,,,Ülle Rajasalu
Q829947,Tiit Matsulevitš,male,1958-09-27,11,,,"Tiit Matsulevitš, ajakirjanik, diplomaat ja poliitik 13.jpg",Tiit Matsulevitš
Q88088935,Merle Pajula,female,,,,,,
Q9142838,Ain Seppik,male,1952-03-12,11,,,,Ain Seppik
Q91813940,Raul Siem,male,1973-06-05,11,,,,Raul Siem
Q934755,Toomas Varek,male,1948-06-06,11,,,,Toomas Varek
Q9355836,Tatjana Muravjova,female,1949-01-13,11,,,,Tatjana Muravjova
Q948005,Jüri Tamm,male,1957-02-05,11,2021-09-22,11,Jüri Tamm 2017 (2).jpg,Jüri Tamm
Q955751,Liia Hänni,female,1946-10-04,11,,,Liia Hänni.JPG,Liia Hänni
Q97227961,Aleksei Jevgrafov,male,1979-11-24,11,,,,
Q978349,Kalle Laanet,male,1965-09-25,11,,,Kalle Laanet 2021.jpg,Kalle Laanet
Q98122403,Kristian Jaani,male,1976-12-11,11,,,Kristian Jaani (crop).jpg,Kristian Jaani
Q983831,Jürgen Ligi,male,1959-07-16,11,,,"Jürgen Ligi, 2011.jpg",Jürgen Ligi
Q998617,Rein Lang,male,1957-07-04,11,,,Balticfestival 1c563 7266.Rein Lang.jpg,Rein Lang
