id,name,gender,dob,dobp,dod,dodp,image,enwiki
Q100454297,Toyohito Ikeda,male,1961-07-15,11,,,Toyohito Ikeda 2018.jpg,
Q100454684,Katsuyuki Ichimi,male,1963,9,,,三重県 知事 一見勝之.jpg,
Q101137,Yasuo Fukuda,male,1936-07-16,11,,,Yasuo Fukuda 200709.jpg,Yasuo Fukuda
Q102250452,守島正,male,,,,,,
Q104012817,Takao Shimozuru,male,,,,,鹿児島県鹿児島市 市長 下鶴隆央.jpg,
Q1045577,Toshihiko Fukui,male,1935-09-07,11,,,Toshihiko Fukui.jpg,Toshihiko Fukui
Q1047651,Masaru Hayami,male,1925-03-24,11,2009-05-17,11,Masaru Hayami.jpg,Masaru Hayami
Q106479603,Kunio Arakaki,male,1956-06-19,11,,,,
Q107917854,Motohiko Saitō,male,1977-11-15,11,,,兵庫県 知事 齋藤元彦.jpg,Motohiko Saitō
Q108110359,Yutaka Arai,male,1975-02-28,11,,,,Yutaka Arai
Q108777328,Tsukasa Abe,male,1982-06-18,11,,,,
Q1091221,Chuichi Date,male,1939-01-20,11,,,Chuichi Date 20190624.jpg,Chūichi Date
Q109288222,神田潤一,male,,,,,,
Q109288290,上田英俊,male,,,,,,
Q109288314,Akihisa Shiozaki,male,1976-09-09,11,,,,
Q1093223,Tarō Yamamoto,male,1974-11-24,11,,,Taro Yamamoto 202006 (cropped).jpg,Tarō Yamamoto
Q109332674,Satoshi Honjō,male,1974-10-22,11,,,,
Q109335900,Sō Watanabe,male,,,,,,
Q109336845,Akiko Ōishi,female,1977-05-27,11,,,,
Q109342279,Kuniyoshi Azuma,male,1968-02-17,11,,,,
Q109344844,中野英幸,male,1961-09-06,11,,,Hideyuki Nakano 20220812.jpg,
Q109344952,Susumu Yamaguchi,male,1983-07-28,11,,,,
Q109345586,Maki Misaki,female,,,,,,
Q109345880,Japanese politician,male,1990-10-30,11,,,,Shin Tsuchida
Q109346697,古川直季,male,1968-08-31,11,,,,
Q109347399,Takuo Komori,male,1970-05-21,11,,,,
Q109348767,Hideto Kawasaki,male,1981-11-04,11,,,,
Q109349061,勝目康,male,1974-05-17,11,,,,
Q109349172,Jōji Uruma,male,1974-09-14,11,,,,
Q109349388,Taku Ikeshita,male,1975-04-10,11,,,,
Q109349708,Ryōhei Iwatani,male,1980-06-07,11,,,,
Q109350078,Yasuhiro Takami,male,1980-10-16,11,,,,
Q109359179,Junji Hasegawa,male,1968-08-05,11,,,,
Q109359669,Kaname Tsutsumi,female,1960-10-27,11,,,,
Q109360284,加藤竜祥,male,1980-02-10,11,,,,
Q109361078,Kureha Otsuki,female,1983-10-16,11,,,,
Q109361977,Yūki Baba,male,1992-10-15,11,,,,Yuki Baba
Q109362242,Kenichi Shōji,male,1963-02-08,11,,,,
Q109362283,Atsushi Hayasaka,male,1971-03-11,11,,,,
Q109362574,五十嵐清,male,1969-12-14,11,,,,
Q109363078,Takahiro Fukushige,male,1962-05-03,11,,,,
Q109376020,Ryūna Kanamura,male,1979-04-06,11,,,Ryuna Kanamura 2021-10-24 (cropped).jpg,
Q109376096,Yoshiharu Asakawa,male,1968-02-23,11,,,Yoshiharu Asakawa 2021-10-24.jpg,
Q109376151,Atsushi Suzuki,male,1988-12-15,11,,,,
Q109376555,Kōichi Kasai,male,1979-06-25,11,,,Koichi Kasai 2021-10-30.jpg,
Q109377769,Takeshi Kōzu,male,1977-01-21,11,,,,
Q109378223,中川宏昌,male,1970-07-15,11,,,,
Q109378463,Taku Ishii,male,1965-04-11,11,,,,
Q109378513,中川貴元,male,1967-02-25,11,,,Takamoto Nakagawa 20220812.jpg,
Q109598958,Alex Saito,male,1985-06-30,11,,,,
Q109598959,Akira Hirabayashi,male,1971-02-02,11,,,,
Q109598960,山崎正恭,male,,,,,,
Q109598961,Yasukuni Kinjō,male,1969-07-16,11,,,,
Q109598962,石橋林太郎,male,,,,,,
Q109598972,Sachiko Horiba,female,,,,,,
Q109598975,一谷勇一郎,male,,,,,,
Q109598985,Tomoyo Yoshida,female,1975-02-23,11,,,,
Q109598987,赤木正幸,male,,,,,,
Q109598988,阿部弘樹,male,,,,,,
Q109598994,長友慎治,male,,,,,,
Q109602495,Hiroki Sumiyoshi,male,,,,,,
Q109602496,Kenji Horii,male,,,,,,
Q109602497,Ryota Endo,male,,,,,,
Q109603066,Yuichiro Wada,male,,,,,,
Q110403406,山田勝彦,male,,,,,,
Q111097857,Kengo Oishi,male,1982-07-08,11,,,Kengo Oishi 2022.jpg,
Q11254444,Kōjirō Shiraishi,male,1946-09-08,11,,,,
Q11266408,Hirofumi Iwakura,male,1950-01-15,11,,,Hirofumi Iwakura.jpg,
Q1131407,Manabu Horii,male,1972-02-19,11,,,Horii Manabu (2017).png,Manabu Horii
Q1131518,Tatsuo Kawabata,male,1945-01-24,11,,,Tatsuo Kawabata cropped 1 Tatsuo Kawabata and David Warren 20120606.jpg,Tatsuo Kawabata
Q1132669,Koji Omi,male,1932-12-14,11,2022-04-14,11,Koji Omi.jpg,Kōji Omi
Q1132708,Seiken Sugiura,male,1934-07-26,11,,,Seiken Sugiura.jpg,Seiken Sugiura
Q1132836,Yasukazu Hamada,male,1955-10-21,11,,,Yasukazu Hamada 20080924.jpg,Yasukazu Hamada
Q1132848,Jinen Nagase,male,1943-10-03,11,,,Jinen Nagase 200609.jpg,Jinen Nagase
Q1133136,Kisaburo Tokai,male,1948-02-11,11,,,Kisaburō Tokai.jpg,Kisaburo Tokai
Q1133192,Hiroyuki Hosoda,male,1944-04-05,11,,,Hiroyuki Hosoda in New Delhi on 23 September 2016.jpg,Hiroyuki Hosoda
Q1133194,Eisuke Mori,male,1948-08-31,11,,,Eisuke Mori.jpg,Eisuke Mori
Q1133360,Tsutomu Satō,male,1952-06-20,11,,,Tsutomu Satō.jpg,Tsutomu Sato (politician)
Q1133463,Shizuka Kamei,male,1936-11-01,11,,,Shizuka Kamei.jpg,Shizuka Kamei
Q1133880,Toshihiro Nikai,male,1939-02-17,11,,,Toshihiro Nikai-20061120.jpg,Toshihiro Nikai
Q1133913,Masajuro Shiokawa,male,1921-10-13,11,2015-09-19,11,Masajuro Shiokawa cropped 2 Finance Ministers of G7 20030412.jpg,Masajuro Shiokawa
Q1134738,Minoru Yanagida,male,1954-11-06,11,,,Minoru Yanagida cropped 1 Minoru Yanagida and Ambassadors 20101022.jpg,Minoru Yanagida
Q11353993,Hiromi Mitsubayashi,male,1955-09-07,11,,,Hiromi Mitsubayashi.jpg,
Q11354596,Satoshi Mitazono,male,1958-02-13,11,,,SatoshiMitazono.jpg,Satoshi Mitazono
Q11355593,Kee Miki,female,1966-07-07,11,,,,
Q11356168,Jun Misawa,male,1952-10-01,11,2022-03-03,11,,Jun Misawa
Q1135729,Goshi Hosono,male,1971-08-21,11,,,Goshi Hosono Minshu IMG 5474 20130707.JPG,Goshi Hosono
Q11357294,Hidehiro Mitani,male,1976-06-28,11,,,20200918Mitani Hidehiro.jpg,
Q11359720,Isamu Ueda,male,1958-08-05,11,,,11ueda.jpg,Isamu Ueda
Q11360103,Sayuri Uenishi,female,1983-04-30,11,,,,Sayuri Uenishi
Q11360320,Hiroshi Ueno,male,1971-02-23,11,,,Hiroshi Ueno.jpg,
Q11360463,Michiko Ueno,female,1958-04-21,11,,,Ueno Michiko.png,Michiko Ueno
Q11363118,Yaichi Nakahara,male,1959-04-25,11,,,Nakahara Yaichi.jpg,
Q11363234,Hiroshi Nakatsuka,male,1956-03-11,11,,,HiroshiNakatsuka2019.jpg,
Q11364144,Norihiro Nakayama,male,1968-09-16,11,,,Nakayama Norihiro (2019).png,
Q11364418,Katsuhito Nakajima,male,1967-09-27,11,,,,
Q11364762,Toshinao Nakagawa,male,1970-04-25,11,,,Toshinao Nakagawa 201608.jpg,Toshinao Nakagawa
Q11365989,Hiroyuki Nakamura,male,1961-02-23,11,,,20211006nakamura hiroyuki.jpg,Hiroyuki Nakamura
Q11367021,Kenji Nakanishi,male,1964-01-04,11,,,Kenji Nakanishi-profile(200).jpg,Kenji Nakanishi
Q11367646,Hiromasa Nakano,male,1978-01-04,11,,,HiromasaNakano.jpg,
Q11368259,Hodaka Maruyama,male,1984-01-10,11,,,,Hodaka Maruyama
Q11370880,Tsugio Kameyama,male,1934-02-26,11,,,,
Q11372322,Masanori Gotō,male,1939-03-05,11,2016-11-14,11,,
Q11373203,Hidetaka Inoue,male,1971-10-25,11,,,,
Q11373220,Yutaka Inoue,male,1927-11-17,11,2008-06-22,11,Yutaka Inoue 1990.jpg,
Q11373245,Takahiro Inoue,male,1962-04-02,11,,,Inoue Takahiro.png,
Q11373350,Yōsei Ide,male,1977-11-21,11,,,Yosei Ide 20220812.jpg,
Q11373460,Nobuhiko Isaka,male,1974-03-27,11,,,,
Q11373497,Kazutomo Ijima,male,1932-10-07,11,,,,
Q11373611,Isamu Imoto,male,1925-09-17,11,2018-04-23,11,,Isamu Imoto
Q11373633,Tatsunori Ibayashi,male,1976-07-18,11,,,Ibayashi tatsunori.jpg,
Q11373778,Toshirō Ino,male,1980-01-08,11,,,Ino toshiro.jpg,
Q11376392,Hirobumi Niki,male,1966-05-23,11,,,,
Q11376723,Masato Imai,male,1962-02-21,11,,,,Masato Imai
Q11377132,Sōichirō Imaeda,male,1984-02-18,11,,,Soichiro Imaeda (2013.06.01) 05.jpg,
Q11377256,Akira Imaizumi,male,1934-07-23,11,2021-02-08,11,,
Q11377294,Hiroshi Imazu,male,1946-09-30,11,,,Hiroshi Imazu.jpg,Hiroshi Imazu
Q11378895,Shin'ichi Isa,male,1974-12-10,11,,,Shinichi Isa.jpg,
Q11379176,Ryūta Ibaragi,male,1966-07-29,11,,,Ryuta Ibaragi cropped 2 Shinzo Abe Hidehiko Yuzaki Ryuta Ibaragi and Tokihiro Nakamura 20180802.jpg,Ryuta Ibaragi
Q11379447,Nobuhisa Itō,male,1964-01-04,11,,,,
Q11379575,Yoshitaka Itō,male,1948-11-24,11,,,Ito yoshitaka.jpg,Yoshitaka Itō
Q1138023,Osamu Fujimura,male,1949-11-03,11,,,Osamu Fujimura.jpg,Osamu Fujimura
Q11382292,Masamine Sasaki,male,1941,9,,,,
Q11384409,Hidemichi Satō,male,1960-09-26,11,,,20211111sato hidemichi.jpg,
Q11386875,Hiroyuki Kurata,male,1938-04-09,11,2020-04-07,11,Hiroyuki Kurata.jpg,
Q1138728,Yasuo Ichikawa,male,1942-02-06,11,,,Yasuo Ichikawa cropped 1 Yasuo Ichikawa 20111025.jpg,Yasuo Ichikawa
Q11391317,Tetsuya Yagi,male,1947-08-10,11,,,Yagi Tetsuya (2019).png,
Q11395120,Hiroyuki Togashi,male,1955-04-27,11,,,20211006togashi hiroyuki.jpg,Hiroyuki Togashi
Q11396609,Akihiro Hatsushika,male,1969-04-15,11,,,Hatsushika.JPG,
Q11399159,Kanji Katō,male,1946-04-24,11,,,Kato kanji.jpg,
Q11400147,Takaaki Katsumata,male,1976-04-07,11,,,Takaaki Katsumata.jpg,
Q11401578,Issei Kitagawa,male,1942-12-01,11,2021-09-07,11,Kazunari Kitagawa cropped 1 Members of the Global Legislators Organization for a Balanced Environment Edward Davey and Tim Hitchens 20130530.jpg,Issei Kitagawa
Q11401616,Hiroharu Kitagawa,male,1934-12-27,11,,,,
Q11401644,Masayasu Kitagawa,male,1944-11-11,11,,,,
Q11405820,Hideo Chikusa,male,1932-02-21,11,,,,
Q11405941,Katsumi Chiba,male,1946-08-25,11,,,,
Q11409844,Kenji Harada,male,1948-06-09,11,,,Haradakenji-wiki-200.jpg,
Q11411691,Atsushi Koga,male,1972-07-14,11,,,20211006koga atsushi.jpg,
Q1141271,Yoshimasa Hayashi,male,1961-01-19,11,,,Yoshimasa Hayashi 20211110.jpg,Yoshimasa Hayashi
Q11412937,Hajime Yoshikawa,male,1966-09-28,11,,,,Hajime Yoshikawa
Q11413083,Yoshio Yoshikawa,male,1931-10-25,11,2018-04-06,11,Yoshio Yoshikawa.jpg,
Q11413102,Takeru Yoshikawa,male,1982-04-07,11,,,20200918yoshikawa takeru.jpg,
Q11414054,Tsunehiko Yoshida,male,1974-11-14,11,,,吉田統彦.jpg,
Q11418015,Masamune Wada,male,1974-10-14,11,,,Masamune Wada 20160704(1).jpg,Masamune Wada
Q11418134,Sadao Wada,male,1925-01-05,11,2016-12-18,11,,
Q11420709,Isato Kunisada,male,1972-08-30,11,,,Kunisada Isato 20191204.jpg,
Q11422694,Kōnosuke Kokuba,male,1973-01-10,11,,,Konosuke Kokuba.jpg,
Q11422753,Tōru Kunishige,male,1974-11-23,11,,,Toru Kunishige.jpg,
Q11423241,Shinako Tsuchiya,female,1952-02-09,11,,,Shinako-tsuchiya.jpg,Shinako Tsuchiya
Q11423794,Hirokazu Tsuchida,male,1949-10-31,11,,,,
Q11425971,Takashi Kii,male,1973-06-23,11,,,Takashi kii In front of Tenjin Twin Building(2020.10.18).jpg,
Q11425985,Minoru Kiuchi,male,1965-04-19,11,,,Minoru Kiuchi portrait 2020.jpg,Minoru Kiuchi
Q11427301,Noriko Horiuchi,female,1965-10-28,11,,,Noriko Horiuchi 20160902.jpg,Noriko Horiuchi
Q11431868,Masaki Ōgushi,male,1966-01-20,11,,,Masaki Ogushi IMG 3881-2 20140117.JPG,
Q11432596,Takao Ōde,male,1932-09-01,11,2005-09-29,11,,
Q11433281,Yoshinori Ōguchi,male,1955-09-05,11,,,Yoshinori Oguchi.jpg,Yoshinori Oguchi
Q11434738,Toshitaka Ōoka,male,1972-04-16,11,,,Ooka Toshitaka.jpg,
Q11434840,Kusuo Oshima,male,1961-06-11,11,,,,Kusuo Oshima
Q11438832,Kensuke Ōnishi,male,1971-04-13,11,,,,
Q11438916,Hideo Ōnishi,male,1946-08-28,11,,,Hideo Onishi.jpg,Hideo Ōnishi
Q11438945,Sei Ōmi,male,1958-06-20,11,,,,
Q11439136,Naoto Ōtani,male,1952-06-23,11,,,大谷直人2.jpg,Naoto Ōtani
Q11439619,Keitaro Ohno,male,1968-11-01,11,,,Keitaro Ohno.jpg,Keitaro Ohno
Q11446019,Ken Okuda,male,1959-01-16,11,2021-06-22,11,Okuda Ken.jpg,
Q11446030,Masamichi Okuda,male,1932-09-28,11,,,Masamichi Okuda cropped Masamichi Okuda 20041213.jpg,
Q11446165,Sōichirō Okuno,male,1964-07-15,11,,,,
Q11451405,Hiroshi Andō,male,1965-03-28,11,,,Hiroshi Ando.jpg,
Q11453336,Hideki Miyauchi,male,1962-10-19,11,,,Hideki Miyauchi.jpg,
Q11454333,Masahisa Miyazaki,male,1965-08-08,11,,,宮崎政久.jpg,
Q11454603,Kensuke Miyazaki,male,1981-01-17,11,,,,Kensuke Miyazaki
Q11454668,Noriko Miyagawa,female,1979-04-05,11,2019-09-12,11,Miyagawa Noriko (2017).png,
Q11454828,Takeshi Miyamoto,male,1959-12-25,11,,,,Takeshi Miyamoto
Q11455005,Hiroyuki Miyazawa,male,1975-01-10,11,,,Hiroyuki Miyazawa 201608.jpg,
Q11455106,Ryōhei Miyata,male,1945-06-08,11,,,MIYATA Ryohei 2019.png,
Q11458035,Itsurō Terada,male,1948-01-09,11,,,,Itsurō Terada
Q11458942,Masanobu Ogura,male,1981-05-30,11,,,Ogura Masanobu (2017).png,
Q11459848,Nobuhiro Koyama,male,1975-12-26,11,,,小山展弘 顔写真.jpg,
Q11460163,Toshifumi Kojima,male,1950-09-07,11,,,Kojima Toshifumi (2019).png,
Q11461458,Fumiaki Kobayashi,male,1983-04-08,11,,,Fumiaki Kobayashi.jpg,Fumiaki Kobayashi (politician)
Q11461866,Shigeki Kobayashi,male,1964-10-09,11,,,Shigeki Kobayashi.jpg,
Q11461955,Takayuki Kobayashi,male,1974-11-29,11,,,Takayuki Kobayashi 20171218.jpg,Takayuki Kobayashi
Q11462582,Ryūji Koizumi,male,1952-09-17,11,,,,Ryuji Koizumi
Q11462766,Shinji Oguma,male,1968-06-16,11,,,,
Q11462993,Kiyoshi Odawara,male,1964-05-23,11,,,Odawara-kiyoshi.png,
Q11463616,Hiroyuki Konishi,male,1972-01-28,11,,,,
Q11463874,Sadatoshi Ozato,male,1930-08-17,11,2016-12-14,11,Sadatoshi Ozato.jpg,Sadatoshi Ozato
Q11465449,Asako Omi,female,1961-04-26,11,,,Omi Asako (2019).png,
Q11466071,Takashi Yamashita,male,1965-09-08,11,,,Takashi Yamashita 2018.jpg,Takashi Yamashita
Q11466120,Shin'ichi Yamanaka,male,1954-03-13,11,,,Shinichi Yamanaka and Anthony W Miller 20120312.jpg,
Q11466249,Kazunori Yamanoi,male,1962-01-06,11,,,Yamanoi Kazunori.jpg,Kazunori Yamanoi
Q11466402,Koichi Yamauchi,male,1973-08-25,11,,,,Koichi Yamauchi
Q11466698,Atsushi Yamaguchi,male,1953,9,,,,Atsushi Yamaguchi (judge)
Q11467428,Shigeru Yamaguchi,male,1932-11-04,11,,,,
Q11467778,Shiori Yamao,female,1974-07-24,11,,,衆議院議員山尾志桜里.jpg,Shiori Yamao
Q11467842,Tatsumaru Yamaoka,male,1979-07-22,11,,,,
Q11467981,Tsutomu Yamazaki,male,1947,9,2021-06-02,11,Yamazaki Tsutomu (Parliamentary Secretary).jpg,Yamazaki Tsutomu (politician)
Q11468214,Makoto Yamazaki,male,1962-11-22,11,,,,
Q11468895,Gōsei Yamamoto,male,1972-01-01,11,,,,Gōsei Yamamoto
Q11469130,Tomohiro Yamamoto,male,1975-06-20,11,,,98 yamamoto tomohiro.jpg,Tomohiro Yamamoto
Q11469139,Takahiko Yamamoto,male,1935-09-06,11,,,,
Q11469449,Terutsugu Yamamura,male,1976-05-26,11,,,,
Q11469997,Yoshiki Yamaura,male,1946-07-04,11,,,,
Q11470292,Tarō Yamada,male,1967-05-12,11,,,Taro Yamada's speech 20151230.jpg,
Q11470608,Miki Yamada,female,1974-03-15,11,,,Miki yamada - shinjuku west exit - a - june 5 2016.jpg,Miki Yamada
Q11470671,Kenji Yamada,male,1966-04-20,11,,,"YAMADA, Kenji.jpg",
Q11470885,Ikuo Yamahana,male,1967-01-18,11,,,Ikuo Yamahana cropped 2 Banri Kaieda Ikuo Yamahana and Takeshi Nakane 20110620 1.jpg,Ikuo Yamahana
Q11471970,Toshisada Oka,male,1934-05-10,11,2000-10-02,11,Toshisada Oka.jpg,
Q11472782,Kazumasa Okajima,male,1957-11-03,11,,,,
Q11472952,Hiroshi Okazaki,male,1932-03-27,11,2018-03-31,11,,
Q11475456,Kazuchika Iwata,male,1973-09-20,11,,,Iwata Kazuchika (2019).png,
Q11475894,Shūhei Kishimoto,male,1956-07-12,11,,,Shūhei Kishimoto.jpg,
Q11476857,Niro Shimada,male,1938-11-22,11,,,,Niro Shimada
Q11479573,Shōzō Kudō,male,1964-12-08,11,,,Shozo kudo.jpg,
Q11482509,Ikuo Hirayama,male,1944-07-21,11,,,,
Q11485751,Tadashi Hirono,male,1943-01-01,11,,,,
Q1148765,Katsuya Ogawa,male,1963-07-07,11,,,Ogawa Katsuya.jpg,Katsuya Ogawa
Q11488572,Yūichi Gotō,male,1969-03-25,11,,,Yūichi Gotō.jpg,
Q11490337,Eri Tokunaga,female,1962-01-01,11,,,Eri Tokunaga.jpg,Eri Tokunaga
Q11496225,Saburō Tokura,male,1954-08-11,11,,,Saburo Tokura 20220905.jpg,Saburo Tokura
Q11496954,Yoshio Tezuka,male,1966-09-14,11,,,Yoshio Tezuka.jpg,Yoshio Tezuka
Q11500159,Takeshi Saiki,male,1974-05-13,11,,,,
Q11500493,Jūrō Saitō,male,1940-02-05,11,,,Juro Saito.jpg,
Q11513088,Tsuyoshi Hoshino,male,1963-08-08,11,,,Tsuyoshi Hoshino 20211023.jpg,
Q11517738,Norio Tomonaga,male,1949-02-12,11,,,長崎県佐世保市 市長 朝長則男.JPG,
Q11518220,Minoru Kihara,male,1969-08-12,11,,,Kihara Minoru 20190906.jpg,Minoru Kihara (politician)
Q11518222,Seiji Kihara,male,1970-06-08,11,,,Seiji Kihara (cropped).jpg,Seiji Kihara
Q11518790,Tarō Kimura,male,1965-07-20,11,2017-07-25,11,03kimura.jpg,Tarō Kimura (politician)
Q11519999,Hiranao Honda,male,1964-12-02,11,,,Hiranao Fonda 190925-F-PG806-1046.jpg,Hiranao Honda
Q11520214,Shōji Motooka,male,1931-03-18,11,2017-04-10,11,,
Q11520430,Kentarō Motomura,male,1970-04-17,11,,,神奈川県相模原市 市長 本村賢太郎.jpg,
Q11522062,Kazumi Sugimoto,male,1960-09-17,11,,,,
Q11522313,Mio Sugita,female,1967-04-22,11,,,Mio Sugita 20180705.jpg,Mio Sugita
Q11522739,Fumiyoshi Murakami,male,1952-06-10,11,,,MURAKAMI Fumiyoshi.jpg,
Q11523004,Hideki Murai,male,1980-05-14,11,,,Hideki Murai 2021.jpg,Hideki Murai
Q11528501,Tetsuya Tōgō,male,1971-04-17,11,2021-03-04,11,,
Q11531011,Hisashi Matsumoto,male,1962,9,,,,
Q11532049,Iwao Matsuda,male,1937-05-19,11,2022-02-03,11,Iwao Matsuda.jpg,Iwao Matsuda
Q11533219,Hideki Hayashida,male,1942-04-03,11,,,,
Q11535021,Yoshiya Kakimoto,male,1938-02-07,11,,,,
Q11535033,Mito Kakizawa,male,1971-01-21,11,,,Mito kakizawa.jpg,Mito Kakizawa
Q11536382,Yukinori Nemoto,male,1965-02-21,11,,,根本幸典 Yukinori Nemoto.jpg,
Q11538288,Jin Hinokida,male,1942-02-02,11,2016-09-17,11,,
Q11538825,Hiromu Kajiwara,male,1933-11-14,11,2017-08-29,11,,
Q11538925,Gen Kajitani,male,1935-01-15,11,,,,
Q11539493,Hiroyuki Moriyama,male,1971-04-08,11,,,Hiroyuki Moriyama 20200915.jpg,
Q11540193,Shin Mori,male,1940-02-24,11,2021-09-03,11,,
Q11540315,Yuko Mori,female,1956-04-20,11,,,Yuko Mori Photographed by Ryota Nakanishi.JPG,Yuko Mori
Q11540617,Shin'ichi Uematsu,male,1954-01,10,,,Uematsu Shinichi.jpg,
Q11542524,Hokuto Yokoyama,male,1963-10-25,11,,,,Hokuto Yokoyama
Q11543366,Tomoyuki Yokota,male,1944-10-02,11,,,,
Q11543692,Yoshikazu Tarui,male,1967-08-08,11,,,,
Q11544051,Hidenori Hashimoto,male,1967-08-28,11,2018-09-07,11,,
Q11544282,Keiichirō Tachibana,male,1961-01-23,11,,,Keichiro Tachibana.jpg,
Q11544691,Mari Kushibuchi,female,1967-10-15,11,,,Mari Kushibuchi 20120528 at Machida Yamazaki.jpg,Mari Kushibuchi
Q11545768,Shunsuke Takei,male,1975-03-29,11,,,Takei shunsuke.jpg,
Q11546026,Nobuhide Takemura,male,1972-01-21,11,,,Takemura nobuhide.jpg,
Q11546586,Arata Takebe,male,1970-07-20,11,,,98 takebe arata.jpg,
Q11551703,Yoshitaka Ikeda,male,1966-06-20,11,,,20211006ikeda yoshitaka.jpg,
Q11552157,Michitaka Ikeda,male,1947-02-09,11,,,20200918ikeda michitaka.jpg,
Q11553342,Katsuyuki Kawai,male,1963-03-11,11,,,Kawai Katsuyuki 2019.jpg,Katsuyuki Kawai
Q1155448,Hirofumi Hirano,male,1949-03-19,11,,,Hirofumi Hirano Monbudaijin.jpg,Hirofumi Hirano
Q11556075,Jun Tsushima,male,1966-10-18,11,,,20211006tsushima jun.jpg,Jun Tsushima
Q11557414,Takahiro Asano,male,1978-04-05,11,,,Asano Takahiro Rumoi.jpg,
Q11557935,Takujirō Hamada,male,1941-10-05,11,2022-05-16,11,,
Q11558377,Yasuto Urano,male,1973-04-04,11,,,,
Q1155846,Toshimi Kitazawa,male,1938-03-06,11,,,"Toshimi Kitazawa Oct. 21, 2009.jpg",Toshimi Kitazawa
Q11560190,Takehisa Fukazawa,male,1934-01-05,11,,,,
Q11561908,Naomi Tokashiki,female,1962-07-16,11,,,Naomi Tokashiki.png,Naomi Tokashiki
Q11562133,Hiromichi Watanabe,male,1950-08-03,11,,,Hiromichi Watanabe (cropped).jpg,Hiromichi Watanabe
Q11562188,Kōichi Watanabe,male,1957-11-25,11,,,Watanabe Kouichi (2019).png,
Q11563479,Shunji Yuhara,male,1962-11-20,11,,,,
Q11565069,Shigeo Takii,male,1936-10-31,11,2015-02-28,11,,Shigeo Takii
Q11566187,Susumu Hamamura,male,1975-09-30,11,,,Susumu Hamamura.jpg,Susumu Hamamura
Q1156675,Kaoru Yosano,male,1938-08-22,11,2017-05-23,11,Kaoru Yosano cropped 1 Timothy Geithner and Kaoru Yosano 20090424.jpg,Kaoru Yosano
Q11568677,Hiromichi Kumada,male,1964-08-28,11,,,Hiromichi Kumada.jpg,
Q11568706,Toshihito Kumagai,male,1978-02-18,11,,,千葉県千葉市 市長 熊谷俊人.jpg,
Q11570409,Karen Makishima,female,1976-11-01,11,,,Karen Makishima 20211008.png,Karen Makishima
Q11572377,Hideo Tamai,male,1948,9,,,,
Q11572466,Denny Tamaki,male,1959-10-13,11,,,Denny Tamaki in 2019.jpg,Denny Tamaki
Q11572647,Yūichirō Tamaki,male,1969-05-01,11,,,Yuichiro Tamaki IMG 5649-1 20160903.jpg,Yuichiro Tamaki
Q11572745,Kazuya Tamaki,male,1944-07-08,11,,,,
Q11574554,Yukio Ubukata,male,1947-10-31,11,,,Ubukata001.jpg,
Q11576280,Mutsuo Tahara,male,1943-04-23,11,2016-02-19,11,,Mutsuo Tahara
Q11576787,Yoshinori Tadokoro,male,1954-01-19,11,,,Yoshinori Tadokoro.jpg,
Q11577186,Tsuyoshi Tabata,male,1972-05-02,11,,,,
Q11577205,Hiroaki Tabata,male,1973-01-02,11,,,98 tabata hiroaki.jpg,
Q11577481,Taidō Tanose,male,1974-07-04,11,,,Taido Tanose.jpg,
Q11577855,Tatsuo Kainaka,male,1940-01-02,11,,,,Tatsuo Kainaka
Q11578505,Kimie Hatano,female,1957-01-19,11,,,Kimie Hatano.jpg,Kimie Hatano
Q11579706,Katsuhiko Shirakawa,male,1945-06-22,11,2019-11-18,11,Katsuhiko Shirakawa.jpg,
Q11579804,Yu Shiraki,male,1945-02-15,11,,,,
Q11580199,Yōichi Shiraishi,male,1963-06-25,11,,,白石洋一 握手 (小).JPG,
Q11580448,Takaki Shirasuka,male,1975-03-16,11,,,IMG Takaki Shirasuka at Kashiwa.jpg,
Q11583092,Yūichi Mayama,male,1944-01-08,11,,,Yuichi Mayama in 2021 (cropped).jpg,
Q11583883,Masayoshi Yagami,male,1960-08-08,11,,,,
Q11585279,Masataka Ishihara,male,1971-11-29,11,,,,
Q11585604,Tōru Ishizaki,male,1984-01-25,11,,,,
Q11585840,Akimasa Ishikawa,male,1972-09-18,11,,,Akimasa Ishikawa.jpg,
Q11589528,Saichi Kamiyama,male,1954-08-17,11,,,,
Q11590601,Kenji Kanda,male,1963-02-19,11,,,Kanda Kenji (2019).png,
Q11592023,Mamoru Fukuyama,male,1952-12-19,11,,,Fukuyama Mamoru.jpg,
Q11593023,Nobuyuki Fukushima,male,1970-08-08,11,,,,
Q11593742,Jōji Fukushima,male,1927-03-31,11,2000-02-25,11,,
Q11596567,Shūji Inatomi,male,1970-08-26,11,,,,
Q11596723,Hisashi Inatsu,male,1958-02-09,11,,,Inatsu hisashi.jpg,
Q11597257,Yōichi Anami,male,1969-07-24,11,,,衆議院議員 穴見陽一.jpg,
Q11597430,Seiki Soramoto,male,1964-03-11,11,,,,
Q11598974,Yuzuru Takeuchi,male,1958-06-25,11,,,Takeuchi Yuzuru.jpg,
Q11602573,Hiroyoshi Sasagawa,male,1966-08-29,11,,,Sasagawa Hiroyoshi (2017).png,Hiroyoshi Sasakawa
Q11603860,Kazuo Yana,male,1979-04-22,11,,,98 yana kazuo.jpg,
Q11604169,Ryūichi Yoneyama,male,1967-09-08,11,,,Ryuichi-Yoneyama 2022.5.jpg,Ryuichi Yoneyama
Q11606064,Ken'ichi Hosoda,male,1964-07-11,11,,,"Kenichi Hosoda at Nagaoka Niigata 2019,07.jpg",
Q11609955,Hiroyuki Yoshiie,male,1971-03-31,11,,,"Hiroyuki Yoshiie July 20, 2007.jpg",Hiroyuki Yoshiie
Q1161024,Taro Kono,male,1963-01-10,11,,,Tarō Kōno 20200916.jpg,Taro Kono
Q11610464,Takeshi Onaga,male,1950-10-02,11,2018-08-08,11,Takeshi Onaga (2016).jpg,Takeshi Onaga
Q11614128,Toshimitsu Funahashi,male,1960-11-20,11,,,20200918funabashi toshimitsu.jpg,
Q11618643,Teiichi Aramaki,male,1931-07-22,11,,,,
Q11619136,Isshu Sugawara,male,1962-01-07,11,,,Isshu Sugawara cropped 2 Yukiya Amano Isshu Sugawara and Toshiro Ozawa 20130627.jpg,Isshu Sugawara
Q11619163,Kijūrō Sugahara,male,1926-11-09,11,2019-06-26,11,,
Q11619261,Ichirō Kanke,male,1955-05-20,11,,,Kanke ichiro.jpg,
Q11619415,Hisamitsu Sugano,male,1928-03-27,11,2006-05-14,11,,
Q11622647,Satoshi Fujimaru,male,1960-01-19,11,,,Satoshi Fujimaru 20121119.jpg,
Q11622816,Masao Fujii,male,1932-11-07,11,,,,
Q11622818,Hisayuki Fujii,male,1971-09-11,11,,,Hisayuki Fujii.jpg,
Q11623218,Takashi Fujiwara,male,1983-08-02,11,,,Fujiwara Takashi (2019).png,
Q11624046,Yukio Fujimaki,male,1960-01-05,11,2014-03-15,11,,
Q11628000,Hidetoshi Nishijima,male,1948-04-07,11,,,,Hidetoshi Nishijima (politician)
Q11629210,Mamoru Nishida,male,1928-05-13,11,2014-05-09,11,Mamoru Nishida.jpg,
Q11629931,Kosaburo Nishime,male,1954-08-07,11,,,98 nishime kousaburou.jpg,Kosaburo Nishime
Q11630819,Giichi Tsunoda,male,1937-06-09,11,,,Giichi Tsunoda.jpg,
Q11632989,Masaaki Tanibayashi,male,1946-10-28,11,2019-08-17,11,,
Q11633044,Hajime Yatagawa,male,1963-01-17,11,,,Kenji Tamura Yoshito Sengoku Masagos Zulkifli Hajime Yatagawa and Yukiko Miyake 201205.jpg,
Q11633992,Toshirō Toyoda,male,1952-08-21,11,,,IMG Toshiro Toyoda at Kashiwa.jpg,
Q11634137,Mayuko Toyota,female,1974-10-10,11,,,Mayuko Toyota cropped 1 Mayuko Toyota 201510.jpg,Mayuko Toyota
Q11637002,Yasushi Adachi,male,1965-10-14,11,,,Yasushi Adachi 20210915teigen1.jpg,Yasushi Adachi
Q11637774,Keiichi Koshimizu,male,1962-02-04,11,,,,
Q11638274,Kiyoto Tsuji,male,1979-09-07,11,,,Kiyoto Tsuji - 2018 (cropped).jpg,Kiyoto Tsuji
Q11638707,Kondō Shinji,male,1948-02,10,,,,
Q11638747,Kazuya Kondō,male,1973-12-12,11,,,,
Q11642258,Takashi Endō,male,1968-06-06,11,,,Takashi Endo 20210915teigen1.jpg,
Q11643484,Shunichi Tokura,male,1948-06-21,11,,,都倉俊一.jpg,Shunichi Tokura
Q11644760,Kazuhiko Shigetoku,male,1970-12-21,11,,,Kazuhiko Shigetoku (2014.03.23) 3.jpg,
Q11645002,Atsushi Nonaka,male,1976-11-17,11,,,Nonaka Atsushi (2017).png,Atsushi Nonaka
Q11646016,Takeshi Noda,male,1941-10-03,11,,,Takeshi Noda.jpg,Takeshi Noda
Q11646177,Takeshi Noma,male,1958-10-08,11,,,,Takeshi Noma
Q11646784,Megumi Kaneko,female,1978-02-27,11,,,Kaneko megumi.jpg,Megumi Kaneko
Q11647681,Katsutoshi Kaneda,male,1949-10-04,11,,,Katsutoshi Kaneda.jpg,Katsutoshi Kaneda
Q11647725,Eikō Kaneta,male,1942-12-30,11,2022-06-17,11,19kaneta.jpg,Eiko Kaneta
Q11647913,Toshihiro Kanatani,male,1935-05-17,11,,,,
Q11648868,Norikazu Suzuki,male,1982-01-30,11,,,Norikazu Suzuki 20150907(2).JPG,
Q11649031,Junji Suzuki,male,1958-04-07,11,,,Junji Suzuki.jpg,Junji Suzuki
Q11649100,Naomichi Suzuki,male,1981-03-14,11,,,北海道 知事 鈴木直道.jpg,Naomichi Suzuki
Q11649189,Yoshihiro Suzuki,male,1962-11-10,11,,,,
Q11651021,Sayuri Kamata,female,1965-01-08,11,,,,
Q11651619,Yasumasa Nagasaka,male,1957-04-10,11,,,Yasumasa Nagasaka.jpg,
Q11651845,Takashi Nagao,male,1962-11-29,11,,,Takashi Nagao.jpg,
Q11652270,Tadayoshi Nagashima,male,1951-01-09,11,2017-08-18,11,Tsuyoshi Takagi and Tadayoshi Nagashima 20151211.jpg,Tadayoshi Nagashima
Q11653171,Hiroaki Nagasawa,male,1958-08-19,11,,,Hiroaki Nagasawa 201708.jpg,Hiroaki Nagasawa
Q11654965,Hirofumi Kado,male,1965-08-18,11,,,Kado Hirofumi (2019).png,
Q11656611,Kaori Sakanaka,female,1984-05-10,11,,,,Kaori Ishikawa
Q11657178,Yukihiko Akutsu,male,1956-06-26,11,,,Yukihiko Akutsu cropped 1 Yukihiko Akutsu 201101.jpg,Yukihiko Akutsu
Q11658158,Takao Jinnouchi,male,1933,9,,,Takao Jinnouchi.jpg,Takao Jinnouchi
Q11661236,Shūhei Aoyama,male,1977-04-28,11,,,Shuhei Aoyama cropped 2 Shuhei Aoyama (2014.03.23) 3.jpg,
Q11661317,Shigeharu Aoyama,male,1952-07-25,11,,,Topaoyamashigeharu.JPG,Shigeharu Aoyama
Q11661638,Tamotsu Aoki,male,1938-10-30,11,,,,
Q11661841,Eiji Aoki,male,1955-03-29,11,,,東京都目黒区 区長 青木英二.jpg,
Q11661949,Masanori Aoyagi,male,1944-11-21,11,,,Masanori Aoyagi cropped 1 Masanori Aoyagi 20211103.jpg,
Q11661965,Yōichirō Aoyagi,male,1969-08-29,11,,,,
Q11664736,Masahiko Sudō,male,1942-12-27,11,2016-11-05,11,,
Q11667848,Nobuyuki Baba,male,1965-01-27,11,,,Nobuyuki Baba (cropped).jpg,
Q11668691,Takashi Takai,male,1969-09-26,11,,,Takashi Takai 2022-6-26(cropped).jpg,
Q11670038,Hirohisa Takagi,male,1960-04-09,11,,,,
Q11671042,Katsunori Takahashi,male,1957-12-07,11,,,Takahashi Katsunori (2017).png,
Q11671375,Hinako Takahashi,female,1958-01-19,11,,,Hinako Takahashi.jpg,
Q11673208,Emiko Takagai,female,1963-12-21,11,,,Takagai Emiko (2018).png,
Q11673487,Makoto Oniki,male,1972-10-16,11,,,20211006oniki makoto.jpg,
Q11677237,Yasumasa Kakuma,male,1927-01-09,11,2019-06-02,11,,
Q11677736,Hitoshi Kikawada,male,1970-10-13,11,,,20211006kikawada hitoshi.jpg,
Q11678114,Takahiro Kuroiwa,male,1966-10-13,11,,,黒岩宇洋.jpg,
Q11679075,Ken Saitō,male,1959-06-14,11,,,Saito ken.jpg,Ken Saitō
Q1190328,Satoshi Morimoto,male,1941-03-15,11,,,"Satoshi Morimoto at the Pentagon August 3, 2012 crop.jpg",Satoshi Morimoto
Q1207174,Fukushiro Nukaga,male,1944-01-11,11,,,Nukaga Fukushiro 1-2.jpg,Fukushiro Nukaga
Q122465,Yoshihide Suga,male,1948-12-06,11,,,Yoshihide Suga 20200924.jpg,Yoshihide Suga
Q12283326,Коичиро Фукуи,male,1947-10-26,11,,,,
Q12357512,Takashi Koizumi,male,1951-04-25,11,,,,
Q1247261,Shōgo Arai,male,1945-01-18,11,,,"Governor Nara sougo Arai. In the case of a symposium of the Kojiki, I photographed it at Meiji university.jpg",Shōgo Arai
Q1275484,Yūichirō Itō,male,1947-11-17,11,,,,Yūichirō Itō
Q127759,Issei Nishikawa,male,1945-01-02,11,,,Nishikawa Issei 2014 04 12.JPG,Issei Nishikawa
Q1280894,Naoki Inose,male,1946-11-20,11,,,Naoki Inose.jpg,Naoki Inose
Q1281695,Takahiro Shin'yo,male,1950-01-11,11,,,ShinyoTakahiro8661.jpg,
Q12846672,Toshiyuki Fujiwara,male,1940,9,,,,
Q128573,Ichirō Matsui,male,1964-01-31,11,,,Ichiro Matsui Ishin IMG 5775 20130713.JPG,Ichirō Matsui
Q129149,Katsumasa Suzuki,male,1943-11-14,11,,,Katsumasa Suzuki (2012.10.07) 1.jpg,Katsumasa Suzuki
Q1303796,Eikei Suzuki,male,1974-08-15,11,,,鈴木英敬.jpg,Eikei Suzuki
Q130852,Jun'ichirō Koizumi,male,1942-01-08,11,,,Junichiro Koizumi 20010426.jpg,Junichiro Koizumi
Q130856,Takahiro Yokomichi,male,1941-01-03,11,,,Takahiro Yokomichi 2010.jpg,Takahiro Yokomichi
Q131077,Yukio Hatoyama,male,1947-02-11,11,,,Yukio Hatoyama 20090916.jpg,Yukio Hatoyama
Q1315762,Takeaki Matsumoto,male,1959-04-25,11,,,Takeaki Matsumoto 2011.jpg,Takeaki Matsumoto
Q132280,Seiji Maehara,male,1962-04-30,11,,,Maehara Crop.jpg,Seiji Maehara
Q132345,Shinzō Abe,male,1954-09-21,11,2022-07-08,11,Shinzō Abe Official.jpg,Shinzo Abe
Q132596,Tarō Asō,male,1940-09-20,11,,,Tarō Asō 20170920.jpg,Tarō Asō
Q1326985,Hirai Shinji,male,1961-09-17,11,,,Shinji Hirai.jpg,Shinji Hirai
Q1335527,Shigeru Ishiba,male,1957-02-04,11,,,Shigeru Ishiba in Yamanashi City September 2017 (cropped).jpg,Shigeru Ishiba
Q1336805,Jin Matsubara,male,1956-07-31,11,,,Jin Matsubara 201109.jpg,Jin Matsubara
Q1340817,Yasufumi Tanahashi,male,1963-02-11,11,,,Yasufumi Tanahashi.jpg,Yasufumi Tanahashi
Q1372394,Tomohiro Ishikawa,male,1973-06-18,11,,,,Tomohiro Ishikawa
Q1393400,Hiroshi Okada,male,1947-01-31,11,,,18okada.jpg,Hiroshi Okada
Q1450003,Yūhei Satō,male,1947-12-13,11,,,Yuhei Sato cropped 2 Yuhei Sato and Yukiya Amano 20120831 2.jpg,Yūhei Satō
Q1455923,Takakazu Ishii,male,1945-12-15,11,,,,Takakazu Ishii
Q1478311,Satoshi Arai,male,1946-05-27,11,,,Satoshi Arai 201006.jpg,Satoshi Arai
Q1485068,Hidehiko Yuzaki,male,1965-10-04,11,,,Hidehiko Yuzaki cropped 3 Hidehiko Yuzaki and Toshiro Ozawa 20121102.jpg,Hidehiko Yuzaki
Q1502275,Genjirō Kaneko,male,1944-05-08,11,,,Genjorō Kaneko 20211004.jpg,Genjirō Kaneko
Q1505020,Heita Kawakatsu,male,1948-08-16,11,,,静岡県 知事 川勝平太.jpg,Heita Kawakatsu
Q1518904,Ryu Matsumoto,male,1951-05-17,11,2018-07-21,11,Ryū Matsumoto.jpg,Ryu Matsumoto
Q15220933,Masayoshi Shintani,male,1975-03-08,11,,,Masayoshi Shintani.jpg,
Q152728,Yukiko Kada,female,1950-05-18,11,,,Kada Yukiko 1-1.jpg,Yukiko Kada
Q1536732,Naoki Minezaki,male,1944-10-14,11,,,Minezaki Naoki.jpg,Naoki Minezaki
Q1571965,Ryūichi Tanabe,male,1948-03-09,11,,,,
Q15830756,Tsugumasa Muraoka,male,1972-12-07,11,,,山口県 知事 村岡嗣政.jpg,Tsugumasa Muraoka
Q1617350,Hideaki Ōmura,male,1960-03-09,11,,,愛知県 知事 大村秀章.jpg,Hideaki Ōmura
Q1620229,Hirohiko Izumida,male,1962-09-15,11,,,"Hirohiko Izumida at Nagaoka Niigata 2019,07 2.jpg",Hirohiko Izumida
Q1620262,Hiroo Ishii,male,1964-06-21,11,,,Hiroo Ishii 20150719.jpg,Hiroo Ishii
Q1620282,Hiroshi Ogawa,male,1949-05-17,11,2021-11-02,11,Ogawa Hiroshi.jpg,Hiroshi Ogawa (politician)
Q1620315,Hiroyuki Nagahama,male,1958-10-20,11,,,Hiroyuki Nagahama 2020.jpg,Hiroyuki Nagahama
Q16263623,Masatoshi Akimoto,male,1975-08-10,11,,,Akimoto Masatoshi (2017).png,Masatoshi Akimoto
Q16264013,Masafumi Ishii,male,1957-11-03,11,,,,
Q16264294,Takumi Ihara,male,1963-11-13,11,,,Ihara takumi.jpg,
Q16264423,Hideaki Ueda,male,1944-11-01,11,,,,
Q16264624,Mitsuo Endō,male,1930-09-13,11,2016-05-16,11,,
Q16264667,Masamitsu Ōki,male,,,,,,
Q16264815,Mizuho Ōnuma,female,1979-01-08,11,,,Oonuma Mizuho (2017).png,
Q16264927,Mitsunari Okamoto,male,1965-05-05,11,,,Okamoto Mitsunari (2017).png,Mitsunari Okamoto
Q16294651,Motome Takisawa,male,1958-10-11,11,,,Takisawa motome.jpg,Motome Takisawa
Q16295188,Matsuji Nakaizumi,male,1979-05-07,11,,,,Matsuji Nakaizumi
Q1654408,Tomomi Inada,female,1959-02-20,11,,,Tomomi Inada 20161027.jpg,Tomomi Inada
Q1654639,Takeshi Iwaya,male,1957-08-24,11,,,Takeshi Iwaya (cropped).jpg,Takeshi Iwaya
Q1655220,Hakubun Shimomura,male,1954-05-23,11,,,Hirofumi Shimomura cropped 2 Hirofumi Shimomura and Ernest Moniz 20131031.jpg,Hakubun Shimomura
Q1655453,Toshimitsu Motegi,male,1955-10-07,11,,,Toshimitsu Motegi 20200916.jpg,Toshimitsu Motegi
Q1655599,Ichita Yamamoto,male,1958-01-24,11,,,群馬県 知事 山本一太.jpg,Ichita Yamamoto
Q1655755,Yūko Nakagawa,female,1958-12-22,11,,,Nakagawayuko.jpg,Yūko Nakagawa
Q1656878,Norihisa Tamura,male,1964-12-15,11,,,Norihisa TAMURA 01.jpg,Norihisa Tamura
Q1656896,Mitsuhiro Miyakoshi,male,1950-12-21,11,,,Mitsuhiro Miyakoshi 2016.jpg,Mitsuhiro Miyakoshi
Q1658176,Ikuo Kabashima,male,1947-01-28,11,,,熊本県 知事 蒲島郁夫 (cropped).jpg,Ikuo Kabashima
Q1670854,Kamon Iizumi,male,1960-07-29,11,,,徳島県 知事 飯泉嘉門.jpg,Kamon Iizumi
Q16769557,Tadashi Ikeda,male,1939-03-18,11,,,,
Q16769574,Kimihiro Ishikane,male,1958-01-04,11,,,Kimihiro Ishikane.jpg,
Q16769800,Tsukasa Uemura,male,1957,9,,,プロフィール画像.png,
Q16769811,Kunio Umeda,male,1954-03-10,11,,,,
Q16769876,Shun Otokita,male,1983-09-21,11,,,Otokita Shun in Shimbashi July 04 2019 01-07 PM.jpeg,
Q16769895,Toshio Kaitani,male,,,,,,
Q16769957,Fumihiko Katō,male,1953-02-14,11,,,,
Q16769971,Hiroaki Kadoyama,male,1964-09-03,11,,,Hiroaki Kadoyama.jpg,
Q16770033,Masuo Kaneko,male,1947-01-11,11,,,MasuoKaneko.jpg,
Q16770160,Masayoshi Kamohara,male,1950-05-24,11,,,,
Q16770284,Akio Kawatō,male,1947-10-14,11,,,,
Q168716,Masaaki Shirakawa,male,1949-09-27,11,,,Masaaki Shirakawa 2012.jpg,Masaaki Shirakawa
Q1689507,Jin Murai,male,1937-03-28,11,,,Jin Murai.jpg,Jin Murai
Q1689655,Jirō Kawasaki,male,1947-11-15,11,,,Jirō Kawasaki.jpg,Jirō Kawasaki
Q1704924,Takumi Nemoto,male,1951-03-07,11,,,Takumi Nemoto 2012.jpg,Takumi Nemoto
Q1704969,Keiji Furuya,male,1952-11-01,11,,,Keiji Furuya cropped 2 Keiji Furuya and Robert R King 20130828 3.jpg,Keiji Furuya
Q1705028,Sanae Takaichi,female,1961-03-07,11,,,Sanae Takaichi 200609.jpg,Sanae Takaichi
Q17128927,Kiyoshi Araki,male,1949,9,,,,
Q17129791,Sumio Kusaka,male,1953,9,,,,
Q17130344,Ryōsuke Kōzuki,male,1962-12-26,11,,,Kouzuki Ryousuke (2017).png,
Q17130514,Takaaki Kojima,male,1947,9,,,,
Q171394,Sakon Yamamoto,male,1982-07-09,11,,,Sakon Yamamoto.jpg,Sakon Yamamoto
Q17157854,Hitohiro Ishida,male,1946,9,,,,
Q17158549,Hiroaki Saitō,male,1976-12-08,11,,,Saito Hiroaki (2019).png,
Q17158714,Yūnosuke Sakamoto,male,1955-01-30,11,,,,
Q17158871,Hajime Sasaki,male,1974-10-18,11,,,Sasaki Hajime (2019).png,
Q17158997,Kuni Satō,female,1954-08-08,11,,,,
Q17159015,Satoru Satō,male,1953-03,10,,,,
Q17159558,Takenori Shimizu,male,,,,,,
Q17160031,Takako Suzuki,female,1986-01-05,11,,,SuzukiTakako.png,Takako Suzuki
Q17160102,Kazuhiro Suzuki,male,,,,,,
Q17160488,Masato Takaoka,male,,,,,,
Q17160832,Shigeru Tanaka,male,1957-11-27,11,,,23º Foro Parlamentario Asia Pacífico - Shigeru Tanaka (JAPÓN) - Sesión de Clausura (16096008937).jpg,
Q17160872,Hideyuki Tanaka,male,1970-07-11,11,,,挨拶 2014-04-18 10-24.jpg,
Q17161303,Masaru Tsuji,male,,,,,,
Q17161377,Toshio Tsunozaki,male,1948-06-28,11,,,Toshio Tsunozaki 20191101.jpg,
Q17198778,Takashi Tachibana,male,1967-08-15,11,,,Tachibana takashi at shinkoiwa station.png,Takashi Tachibana
Q17208799,Shigeo Natsui,male,,,,,,
Q17208807,Naoto Nikai,male,1953,9,,,,
Q17208848,Kōji Haneda,male,1956,9,,,,
Q17208864,Yūzō Harada,male,,,,,,
Q17208873,Shigeyuki Hiroki,male,1955-05-22,11,,,,
Q17208893,Takahiko Horimura,male,,,,,,
Q17208895,Ryūhei Maeda,male,1954,9,,,,
Q17208941,Makio Miyagawa,male,1951-01-06,11,,,Makio Miyagawa 1 20090618.png,
Q17208953,Seiji Morimoto,male,1951,9,,,,
Q17208989,Yutaka Yokoi,male,1955-01-10,11,,,,
Q17219387,Jirō Hatoyama,male,1979-01-01,11,,,20200918hatoyama jiro.jpg,
Q17220479,Masakazu Hamachi,male,1970-05-08,11,,,Hamachi Masakazu.jpg,Masakazu Hamachi
Q17221388,Katsuo Yakura,male,1975-01-11,11,,,Yakura katsuo.jpg,
Q17226592,Kenji Hiramatsu,male,1956-12-22,11,,,Kenji Hiramatsu.jpg,
Q17230614,Akira Yamada,male,1958-01-27,11,,,,
Q17232915,Taichirō Motoe,male,1975-12-14,11,,,Motoetaichiro.gif,
Q1723930,Kansei Nakano,male,1940-11-26,11,,,Kansei Nakano IMG 3272-2 20140110.JPG,Kansei Nakano
Q1724004,Kantoku Teruya,male,1916-12,10,2022-04-15,11,,Kantoku Teruya
Q1725744,Shigefumi Matsuzawa,male,1958-04-02,11,,,Shigefumi Matsuzawa (cropped).jpg,Shigefumi Matsuzawa
Q17350376,Yoshinobu Hiraishi,male,,,,,,
Q17361566,Jun Yokota,male,1947-06-26,11,,,,
Q1736789,Katsuhito Asano,male,1938-04-19,11,,,20asano.jpg,Katsuhito Asano
Q1736802,Katsusada Hirose,male,1942-06-25,11,,,20160908大分縣廣瀨勝貞知事.jpg,Katsusada Hirose
Q1737905,Keiichi Ishii,male,1958-03-20,11,,,Keiichi Ishii 201510 2.jpg,Keiichi Ishii
Q1737907,Keiichiro Asao,male,1964-02-11,11,,,Keiichiro Asao.jpg,Keiichiro Asao
Q1738107,Keizō Hamada,male,1952-01-10,11,,,香川県 知事 浜田恵造.jpg,Keizō Hamada
Q1739044,Kenta Wakabayashi,male,1964-01-11,11,,,Wakabayasi kenta.jpg,
Q17402877,Ichiro Komatsu,male,1951-03-08,11,2014-06-23,11,Ichiro Komatsu 201308.jpg,Ichirō Komatsu
Q174982,Shingo Mimura,male,1956-04-16,11,,,日本青森縣知事三村申吾.jpg,Shingo Mimura
Q1755981,Masako Mori,female,1964-08-22,11,,,Masako Miyoshi cropped 2 Tim Hitchens and Masako Miyoshi 20150401.jpg,Masako Mori (politician)
Q1761759,Mikio Shimoji,male,1961-08-14,11,,,Mikio Shimoji.jpg,Mikio Shimoji
Q17687301,Nagao Hyōdō,male,1936,9,2017-05-16,11,,
Q17687590,Hidenori Murakami,male,1951,9,,,,
Q17989197,Masao Uchibori,male,1964-03-26,11,,,Masao Uchibori cropped 2 Shin Maruo Elena Buglova and Masao Uchibori 20130527.jpg,Masao Uchibori
Q1804854,Shunji Kōno,male,1964-09-08,11,,,"Governor Miyazaki Syunji Kouno. In the case of a symposium of the Kojiki, I photographed it at Meiji university.jpg",Shunji Kōno
Q18226836,Yasuhiro Shimizu,male,1956,9,,,Yasuhiro Shimizu.jpg,
Q18339379,Shigeo Matsutomi,male,1955,9,,,,
Q18458881,Kentarō Genma,male,1972-12-21,11,,,Kentaro gemma.jpg,
Q186146,Yōhei Kōno,male,1937-01-15,11,,,Yōhei Kōno.jpg,Yōhei Kōno
Q18700919,Takayuki Ochiai,male,1979-08-17,11,,,Ochiaitakayuki.jpg,Takayuki Ochiai
Q18701018,Ayuko Kato,female,1979-04-19,11,,,Kato Ayuko (2019).png,Ayuko Kato
Q188095,Toranosuke Katayama,male,1935-08-02,11,,,Toranosuke Katayama 200101.jpg,Toranosuke Katayama
Q18817349,Keiichi Furuta,male,1957-08-14,11,,,,
Q18817798,Takaaki Tamura,male,1961-04-30,11,,,Takaaki Tamura 2019.jpg,Takaaki Tamura
Q18818065,Yasufumi Fujino,male,1970-06-04,11,,,,Yasufumi Fujino
Q18818200,Toru Miyamoto,male,1972-01-22,11,,,,Toru Miyamoto (politician)
Q18818207,Kōichi Munekiyo,male,1970-08-09,11,,,20200918Munekiyo Koichi.jpg,
Q18818221,Nobuko Motomura,female,1972-10-20,11,,,,Nobuko Motomura
Q18818272,Yoshinori Yamaguchi,male,1965-07-01,11,,,佐賀県 知事 山口祥義.jpg,Yoshinori Yamaguchi
Q189287,Zenbee Mizoguchi,male,1946-01-20,11,,,Mizoguchi Zenbei 1-1.jpg,Zenbee Mizoguchi
Q1906668,Masaharu Nakagawa,male,1950-06-10,11,,,Nakagawa 210.jpg,Masaharu Nakagawa (House of Representatives)
Q1948191,Moriyuki Kato,male,1934-09-18,11,2020-03-21,11,,Moriyuki Kato
Q1949760,Motohisa Furukawa,male,1965-12-06,11,,,Interactive Session - Social Challenges - World Economic Forum on East Asia 2009.jpg,Motohisa Furukawa
Q1965622,Kentaro Sonoura,male,1972-06-03,11,,,Kentarou Sonoura.JPG,Kentaro Sonoura
Q1995125,Nobuo Kishi,male,1959-04-01,11,,,Nobuo Kishi 20141116.jpg,Nobuo Kishi
Q20039047,Kazuhide Ōkuma,male,1969-08-23,11,,,Kazuhide Okuma.jpg,
Q20039110,Hiroyuki Ōnishi,male,1967-07-15,11,,,20200918onishi hiroyuki.jpg,
Q20039172,Shōhei Okashita,male,1975-03-08,11,,,20200918Okashita Shohei.jpg,
Q20039502,Noboru Kamitani,male,1949-04-12,11,,,20200918kamitani noboru.jpg,
Q20039675,Yayoi Kimura,female,1965-08-11,11,,,Kimura Yayoi (2019).png,
Q20040516,Gō Shinohara,male,1975-02-12,11,,,Go Shinohara 2021-8-9.jpg,
Q20040828,Suzuki Hayai,male,1977-08-08,11,,,20200918suzuki hayato.jpg,Hayato Suzuki (politician)
Q20041303,Tom Tanigawa,male,1976-04-27,11,,,20200918tanigawa tom.png,
Q20041482,Hideo Tsunoda,male,1961-03-25,11,,,Hideho Tsunoda 20170926.jpg,
Q20041786,Yasuhiro Nakagawa,male,1968-02-12,11,,,20211111nakagawa yasuhiro.jpg,
Q20042465,Yūichi Higuchi,male,1959-12-30,11,,,,
Q2025444,Hayao Kawai,male,1928-06-23,11,2007-07-19,11,Hayao Kawai.jpg,Hayao Kawai
Q204939,Masaaki Kanda,male,1951-10-01,11,,,,Masaaki Kanda
Q20563938,Tsuguo Takahashi,male,1951-01-17,11,,,,
Q20565013,Shūsuke Watanabe,male,,,,,,
Q20941661,Tetsuya Hirose,male,1939-10-18,11,,,,
Q21019766,Akira Yanagimoto,male,1974-01-29,11,,,,
Q212271,Keishu Tanaka,male,1938-03-06,11,2022-01-04,11,Keishu Tanaka.jpg,Keishu Tanaka
Q212305,Satsuki Eda,male,1941-05-22,11,2021-07-28,11,Satsuki Eda cropped.jpg,Satsuki Eda
Q212373,Naoki Tanaka,male,1940-06-19,11,,,Naoki Tanaka-1.jpg,Naoki Tanaka (politician)
Q212400,Jun Azumi,male,1962-01-17,11,,,Minister Azumi.jpg,Jun Azumi
Q21529384,Hirofumi Yoshimura,male,1975-06-17,11,,,大阪府 知事 吉村洋文 (cropped).jpg,Hirofumi Yoshimura
Q21655766,Hashiguchi Kenzō,male,1828,9,,,,
Q21655823,Takuma Miyaji,male,1979-12-06,11,,,Takuma Miyaji.jpg,
Q21655857,Toyofumi Yoshida,male,1970-04-10,11,,,,
Q21703015,Nobuhiro Yoshida,male,1967-12-08,11,,,,
Q217096,Naruhito,male,1960-02-23,11,,,Emperor Naruhito and Empress Masako (cropped).jpg,Naruhito
Q21821396,Hiroshi Inomata,male,1954-03-09,11,,,Hiroshi Inomata 20160405.jpg,Hiroshi Inomata
Q2198687,Shin'ichi Nishimiya,male,1952,9,2012-09-16,11,,Shinichi Nishimiya
Q2225687,Masaaki Yamazaki,male,1942-05-24,11,,,Masaaki Yamazaki cropped 2 Masaaki Yamazaki and Urmas Paet 20140721 3.jpg,Masaaki Yamazaki
Q2278729,Shigetarō Yamamoto,male,1948-11-14,11,2014-03-15,11,,
Q2280320,Shuichi Abe,male,1960-12-21,11,,,ABE Syuichi 2011.jpg,Shuichi Abe
Q2280369,Shunji Yanai,male,1937-01-15,11,,,Shunji Yanai - Flickr image 8670740315.jpg,Shunji Yanai
Q233499,Yoshirō Mori,male,1937-07-14,11,,,Yoshiro Mori 20000405.jpg,Yoshirō Mori
Q2379697,Hosei Norota,male,1929-10-25,11,2019-05-23,11,Hosei Norota.jpg,Hosei Norota
Q2387080,Tadamasa Kodaira,male,1942-03-18,11,,,Tadamasa Kodaira.jpg,Tadamasa Kodaira
Q2389419,Takeki Manabe,male,1940-04-03,11,,,,Takeki Manabe
Q23907516,Wada Yoshiaki,male,1971-10-10,11,,,20200918Wada Yoshiaki.jpg,Yoshiaki Wada
Q2391659,Tamisuke Watanuki,male,1927-04-30,11,,,Tamisuke Watanuki 2009.jpg,Tamisuke Watanuki
Q2394829,Tarō Hatoyama,male,1974-06-13,11,,,,
Q23984715,Koike Hiroshi,male,1951-07-03,11,,,,
Q23984738,Toyohisa Kozuki,male,1956-10-25,11,,,Toyohisa Kozuki.png,
Q23984789,Seiichirō Ōtsuka,male,1942,9,,,,
Q240051,Ryoko Tani,female,1975-09-06,11,,,Ryoko Tani.jpg,Ryoko Tani
Q2405954,Teruhiko Mashiko,male,1947-10-08,11,,,Teruhiko Mashiko 20150115.jpg,Teruhiko Mashiko
Q2406852,Tetsuro Yano,male,1946-11-06,11,,,Tetsuro Yano politician of LDP.jpg,Tetsuro Yano
Q24340430,Shōgo Azemoto,male,1958-04-30,11,,,Shogo Azemoto 20220816.jpg,
Q2438992,Tokihiro Nakamura,male,1960-01-25,11,,,Tokihiro Nakamura 20150618.jpg,Tokihiro Nakamura
Q2445328,Toshiyuki Takano,male,1944,9,,,,Toshiyuki Takano
Q2484183,Wakio Mitsui,male,1942-11-24,11,2021-04-02,11,Wakio Mitsui.jpg,Wakio Mitsui
Q2484652,Wataru Takeshita,male,1946-11-03,11,2021-09-17,11,Wataru Takeshita.jpg,Wataru Takeshita
Q2506910,Tatsuo Fukuda,male,1967-03-05,11,,,98 fukuda tatsuo.jpg,Tatsuo Fukuda
Q250828,Yasuhiro Nakasone,male,1918-05-27,11,2019-11-29,11,Yasuhiro Nakasone 19821127.jpg,Yasuhiro Nakasone
Q2576940,Yasushi Furukawa,male,1958-07-15,11,,,20200918furukawa yasushi.jpg,Yasushi Furukawa (governor)
Q2576975,Yoshinori Suematsu,male,1956-12-05,11,,,Yoshinori Suematsu 201101.jpg,Yoshinori Suematsu
Q259722,Yuichiro Hata,male,1967-07-29,11,2020-12-27,11,Yūichirō Hata.jpg,Yuichiro Hata
Q26043933,Eiji Kidoguchi,male,1963-08-21,11,,,,
Q260536,Masatoshi Wakabayashi,male,1934-07-04,11,,,Masatoshi Wakabayashi 200708.jpg,Masatoshi Wakabayashi
Q261703,Yuriko Koike,female,1952-07-15,11,,,東京都 知事 小池百合子.jpg,Yuriko Koike
Q263703,Seiko Hashimoto,female,1964-10-05,11,,,Olympic Games1988.JPG,Seiko Hashimoto
Q263777,Akira Nagatsuma,male,1960-06-14,11,,,Akira Nagatsuma 20191218.png,Akira Nagatsuma
Q264290,Mizuho Fukushima,female,1955-12-24,11,,,Mizuho Fukushima 2010.jpg,Mizuho Fukushima
Q265174,Tomokatsu Kitagawa,male,1951-11-08,11,2018-12-26,11,Tomokatsu Kitagawa IMG 0910 20130203.JPG,Tomokatsu Kitagawa
Q269414,Wataru Asō,male,1939-05-15,11,,,Asou Wataru.jpg,Wataru Asō
Q27150294,Sadayuki Tsuchiya,male,1953-04-27,11,,,,
Q27151029,Takehiro Kagawa,male,1957,9,,,,
Q276275,Yōko Kamikawa,female,1953-03-01,11,,,Yoko Kamikawa cropped 2 Taku Otsuka Tim Hitchens and Yoko Kamikawa 20150401.jpg,Yōko Kamikawa
Q27917910,Katsuyuki Kizawa,male,1951-08-27,11,,,,
Q27917984,Kiyohiko Matsunaga,male,1945-09-26,11,,,,
Q27918020,古川雅典,male,1952-06-26,11,,,岐阜県多治見市 市長 古川雅典.jpg,
Q28684567,Hiroyuki Kanno,male,1952-07-03,11,,,,Hiroyuki Kanno (jurist)
Q2892819,Hironobu Takesaki,male,1944-07-08,11,,,,Hironobu Takesaki
Q290890,Hirohisa Fujii,male,1932-06-24,11,2022-07-10,11,Hirohisa Fujii.jpg,Hirohisa Fujii
Q299927,Tomiko Okazaki,female,1944-02-16,11,2017-03-19,11,Tomiko Okazaki.jpg,Tomiko Okazaki
Q3041876,Ryuhei Kawada,male,1976-01-12,11,,,Kawada-Ryuhei-san.JPG,Ryūhei Kawada
Q30924321,Ken Sakamoto,male,1959-12-24,11,,,東京都板橋区 区長 坂本健.jpg,
Q30924613,古川照人,male,1971-08-03,11,,,大阪狭山市 市長 古川照人.JPG,
Q30937068,Tadaharu Uehara,male,1955-04-21,11,,,2020 წლის ეროვნული დღის აღსანიშნავი მიღება.jpg,
Q310126,Tomiichi Murayama,male,1924-03-03,11,,,Tomiichi Murayama 19940630.jpg,Tomiichi Murayama
Q311589,Ken Akamatsu,male,1968-07-05,11,,,Ken Akamatsu at Japan Expo 20150705 (cropped).jpg,Ken Akamatsu
Q31298947,Teruyuki Katori,male,1956,9,,,,
Q313339,Keizō Obuchi,male,1937-06-25,11,2000-05-14,11,Keizo Obuchi cropped 1 Keizo Obuchi 19980730.jpg,Keizō Obuchi
Q3136350,Hiroshi Hase,male,1961-05-05,11,,,Hiroshi Hase Monbukagakudaijin.jpg,Hiroshi Hase
Q315565,Kiichi Miyazawa,male,1919-10-08,11,2007-06-28,11,Kiichi Miyazawa cropped 1 Kiichi Miyazawa 19911105.jpg,Kiichi Miyazawa
Q315579,Toshiki Kaifu,male,1931-01-02,11,2022-01-09,11,Toshiki Kaifu 19890810.jpg,Toshiki Kaifu
Q315720,Tsutomu Hata,male,1935-08-24,11,2017-08-28,11,Tsutomu Hata 19940428.jpg,Tsutomu Hata
Q3251843,Tsuneharu Takeda,male,1944-08-03,11,,,,Tsuneharu Takeda
Q337406,Akihiro Ōta,male,1945-10-06,11,,,Transportation Deputy Secretary Porcari at APEC Ministerial Meeting (Akihiro Ota crop).jpg,Akihiro Ota
Q337446,Fusae Ōta,female,1951-06-26,11,,,Fusae Ohta.png,Fusae Ohta
Q337455,Toshiko Hamayotsu,female,1945-01-06,11,,,Hamayotsu Toshiko 1-1.jpg,Toshiko Hamayotsu
Q337507,Kazuo Shii,male,1954-07-29,11,,,Kazuo Shii in SL Square in 2017.jpg,Kazuo Shii
Q337762,Hiroshi Moriyama,male,1945-04-08,11,,,Moriyama Hiroshi 2014.JPG,Hiroshi Moriyama
Q3435725,Akio Fukuda,male,1948-04-17,11,,,Ryo Shuhama Akio Fukuda and Takashi Morita 201109.jpg,Akio Fukuda
Q3482658,Shun'ichi Suzuki,male,1953-04-13,11,,,Shunichi Suzuki 20211004.jpg,Shun'ichi Suzuki (politician)
Q351832,Norihiko Akagi,male,1959-04-18,11,,,Norihiko Akagi.jpg,Norihiko Akagi
Q3544200,Ai Aoki,female,1965-08-18,11,,,青木愛（政治家）.jpg,Ai Aoki (politician)
Q3546202,Akiko Santō,female,1942-05-11,11,,,Akiko Santō (cropped).jpg,Akiko Santō
Q3547232,Katsuhiko Yokomitsu,male,1943-11-04,11,,,Yokomitsu katsuhiko.JPG,Katsuhiko Yokomitsu
Q359480,Fumio Kishida,male,1957-07-29,11,,,Fumio Kishida 20211005.jpg,Fumio Kishida
Q359620,Yukihisa Fujita,male,1950-04-19,11,,,Yukihisa Fujita.jpg,Yukihisa Fujita
Q359926,Shinya Izumi,male,1937-08-01,11,,,Shinya Izumi 200007.jpg,Shinya Izumi
Q360249,Yoshio Hachiro,male,1948-01-25,11,,,Yoshio Hachiro 20110907 1.jpg,Yoshio Hachiro
Q360395,Yasuhisa Shiozaki,male,1950-11-07,11,,,Shiozaki Yasuhisa 1-1.jpg,Yasuhisa Shiozaki
Q3607346,Akira Machida,male,1936-10-16,11,2015-04-05,11,,Akira Machida
Q3629056,Atsushi Onita,male,1957-10-25,11,,,Atsushi Onita.JPG,Atsushi Onita
Q372833,Tsuneo Suzuki,male,1941-02-10,11,,,Tsuneo Suzuki.jpg,Tsuneo Suzuki
Q377940,Yoshihiro Murai,male,1960-08-20,11,,,Miyagi Prefecture Governor Yoshihiro Murai (村井嘉浩 ) at 2011 MOD seminar.jpg,Yoshihiro Murai
Q37979,Akihito,male,1933-12-23,11,,,Emperor Akihito of Japan.jpg,Akihito
Q380695,Kunishige Kamamoto,male,1944-04-15,11,,,Kunishige Kamamoto IMG 3322 20140110.JPG,Kunishige Kamamoto
Q38081041,Kazuhiko Ōigawa,male,1964-04-03,11,,,"Kazuhiko Oigawa, 20191206.jpg",Kazuhiko Ōigawa
Q382089,Nariaki Nakayama,male,1943-06-07,11,,,Nariaki Nakayama 20090825.JPG,Nariaki Nakayama
Q382231,Kazuyoshi Kaneko,male,1942-12-20,11,,,Kaneko-Kazuyoshi 2003.jpg,Kazuyoshi Kaneko
Q382311,Takeo Kawamura,male,1942-11-10,11,,,Takeo Kawamura Monbukagakudaijin.jpg,Takeo Kawamura (politician)
Q382368,Kosuke Hori,male,1934-09-23,11,,,Kōsuke Hori.jpg,Kosuke Hori
Q38279129,Toshio Hiruma,male,1934-05-19,11,,,,
Q38849,Shintarō Ishihara,male,1932-09-30,11,2022-02-01,11,Shintaro Ishihara 2009828.JPG,Shintaro Ishihara
Q388496,Sumio Mabuchi,male,1960-08-23,11,,,Sumio.Mabuchi2.jpg,Sumio Mabuchi
Q389617,Yōichi Masuzoe,male,1948-11-29,11,,,Masuzoe 210 Herman.jpg,Yōichi Masuzoe
Q405085,Takeo Hiranuma,male,1939-08-03,11,,,Takeo Hiranuma0624 cropped.jpg,Takeo Hiranuma
Q405527,Seishiro Etō,male,1941-04-29,11,,,Seishirō Etō.jpg,Seishirō Etō
Q405533,Kiyomi Tsujimoto,female,1960-04-28,11,,,Kiyomi Tsujimoto 2022-5-7(2)(cropped).jpg,Kiyomi Tsujimoto
Q41618899,Hiroshi Kamiya,male,1968-08-10,11,,,,Hiroshi Kamiya (politician)
Q41693423,Kazunori Inoue,male,1962-07-31,11,,,,
Q41768312,Natsue Mori,female,1981-07-02,11,,,,
Q41769795,Yōsuke Suzuki,male,1975-11-21,11,,,,Yosuke Suzuki
Q41770230,Shunsuke Itō,male,1979-08-05,11,,,,
Q41770236,Yōko Yamashita,female,1958-11-17,11,,,,
Q41770463,Harumi Yoshida,female,1972-01-01,11,,,Harumi Yoshida 2021-10-30 (3)(cropped).jpg,
Q41770570,Daiki Michishita,male,1975-12-24,11,,,,Daiki Michishita
Q41770579,Maki Ikeda,female,1972-05-24,11,,,Maki Ikeda 2018.png,Maki Ikeda
Q41770594,Jirō Kimura,male,1967-12-16,11,,,20211006kimura jiro.jpg,
Q41770602,Okamoto Akiko,female,1964-08-16,11,,,,
Q41770614,Takashi Midorikawa,male,1985-01-10,11,,,,
Q41770625,Kentarō Uesugi,male,1975-04-20,11,,,20211006uesugi kentaro.jpg,
Q41770642,Satoshi Asano,male,1982-09-25,11,,,,
Q41770646,Yamato Aoyama,male,1979-01-24,11,,,,
Q41770647,Ayano Kunimitsu,female,1979-03-20,11,,,国光あやの写真.jpg,
Q41770657,Takao Fujioka,male,1977-03-28,11,,,,
Q41770661,Yasutaka Nakasone,male,1982-01-19,11,,,20211111nakasone yasutaka.jpg,
Q41770664,Kaichi Hasegawa,male,1952-11-06,11,,,,
Q41770671,Toshikazu Morita,male,1974-09-19,11,,,,
Q41770686,Yuriko Yamakawa,female,1969-08-14,11,,,,
Q41770688,Yoshinori Yoshida,male,1974-07-27,11,,,,
Q41770689,Hitoshi Aoyagi,male,1978-11-07,11,,,,
Q41770690,Yasushi Hosaka,male,1974-02-17,11,,,20211006hosaka yasushi.jpg,
Q41770702,Ryō Tagaya,male,1968-11-25,11,,,,
Q41770706,Shin Miyakawa,male,1970-06-29,11,,,,
Q41770712,Kenta Fujimaki,male,1983-10-07,11,,,,
Q41770715,Tetsuya Kimura,male,1969-07-06,11,,,20211006kimura tetsuya.jpg,
Q41770725,Yoshiko Ichikawa,female,1964-01-29,11,,,,
Q41770730,Hideshi Futori,male,1977-04-27,11,,,,Hideshi Futori
Q41770746,Yuki Waseda,female,1958-12-16,11,,,Yuki Waseda 2022-2-7(3)(cropped).jpg,
Q41770750,Seiichi Kushida,male,1958-06-20,11,,,Seiichi Kushida 2021-10-24 (cropped).jpg,
Q41770753,Kazuma Nakatani,male,1983-08-30,11,,,,Kazuma Nakatani
Q41770770,Mamoru Umetani,male,1973-12-09,11,,,,
Q41770784,Shōji Nishida,male,1969-05-01,11,,,,
Q41770788,Kōji Suzuki,male,1973-11-25,11,,,,
Q41770817,Masayuki Aoyama,male,1962-03-02,11,,,,Masayuki Aoyama
Q41770844,Kenichirō Seki,male,1978-08-08,11,,,関健一郎.jpg,
Q41770869,Hiroo Kodera,male,1960-09-18,11,,,20211006kotera hiroo.jpg,
Q41770873,Tarō Honda,male,1973-12-01,11,,,20211006honda taro.jpg,
Q41770882,Fumitake Fujita,male,1980-12-27,11,,,Fumitake Fujita 2022-6-26(cropped).jpg,
Q41770900,Teruo Minobe,male,1961-05-23,11,,,,
Q41770904,Hideki nagao,male,1952-02-14,11,,,,
Q41770908,Takemitsu Okushita,male,1975-10-04,11,,,,
Q41770920,Kōtarō Ikehata,male,1974-09-26,11,,,,
Q41770931,Shū Sakurai,male,1970-08-16,11,,,,
Q41770978,Hironori Satō,male,1976-06-26,11,,,,
Q41771028,Hideko Nishioka,female,1964-03-15,11,,,,
Q41771033,Seiichi Suetugu,male,1962-12-02,11,,,,
Q41771037,Daisuke Nishino,male,1978-09-22,11,,,,
Q41771061,Yūta Hiyoshi,male,1968-08-07,11,,,,
Q41777900,Hideaki Takahashi,male,1963-05-10,11,,,,
Q41777902,Hiroshi Satō,male,1965-07-29,11,,,,
Q41777915,Kanji Yakou,male,1950-12-15,11,,,,
Q41777917,Masahiro Kōmura,male,1970-11-14,11,,,20211006komura masahiro.jpg,
Q41777931,Kumiko Yoshida,female,1963-07-19,11,,,,
Q41777933,Masataka Ōta,male,1961-08-28,11,,,"Masataka Ohta at Nagaoka Niigata 2019,07.jpg",
Q41777938,Masaki Kusaka,male,1965-11-25,11,,,,
Q41777960,Keinin Horikoshi,male,1980-03-28,11,,,,
Q41777962,Rentarō Takagi,male,1972-07-21,11,,,,
Q41777964,Kōichi Matsudaira,male,1974-09-16,11,,,,
Q41777966,Wakako Yamamoto,female,1968-07-18,11,,,,
Q41777967,Isao Matsuda,male,1968-01-24,11,,,,
Q41794096,Shunpei Kaneko,male,1978-05-28,11,,,,
Q41794101,Mamoru Shigemoto,male,1973-12-26,11,,,20211006shigemoto mamoru.jpg,
Q41805157,Yasushi Miura,male,1973-04-09,11,,,20211006miura yasushi.jpg,
Q41805182,Hirotake Yasuoka,male,1973-05-06,11,,,,
Q41805191,Takao Andō,male,1959-04-01,11,,,,
Q41805216,Akio Satō,male,1952-02-14,11,,,,
Q41805239,Kei Takagi,male,1965-03-16,11,,,Kei Takagi 20220812 2.jpg,
Q41805260,Kimichika Hyakutake,male,1962-02-27,11,,,,
Q41805261,Yutaka Kanda,male,1958-06-04,11,,,,
Q41805276,Shōjirō Hiranuma,male,1979-11-11,11,,,,
Q418119,Akihiro Ohata,male,1947-10-05,11,,,Akihiro Ohata.jpg,Akihiro Ohata
Q418188,Akiko Dōmoto,female,1932-07-31,11,,,Governor Akiko Dōmoto.jpg,Akiko Dōmoto
Q418206,Akiko Kamei,female,1965-05-14,11,,,,Akiko Kamei
Q418675,Akira Amari,male,1949-08-27,11,,,Amari Akira 1-3.jpg,Akira Amari
Q418691,Akira Gunji,male,1949-12-11,11,,,Akira Gunji 201810.jpg,Akira Gunji
Q419369,Akito Arima,male,1930-09-13,11,2020-12-07,11,Akito Arima.JPG,Akito Arima
Q42290522,Ken Tanaka,male,1977-07-18,11,,,Ken Tanaka 20221020.jpg,
Q4260732,Hideo Watanabe,male,1934-07-05,11,,,,Hideo Watanabe
Q432342,Masami Tanabu,male,1934-12-07,11,,,,Masami Tanabu
Q435700,Takako Doi,female,1928-11-30,11,2014-09-20,11,Takako Doi in Tokyo congressist election 2.jpg,Takako Doi
Q438468,Norihisa Satake,male,1947-11-15,11,,,Satake Norihisa 1-1.jpg,Norihisa Satake
Q440571,Shōichi Nakagawa,male,1953-07-19,11,2009-10-04,11,Shoichi Nakagawa 1998.jpg,Shōichi Nakagawa
Q444899,Yoriko Kawaguchi,female,1941-01-20,11,,,Yoriko Kawaguchi cropped.jpg,Yoriko Kawaguchi
Q446333,Azuma Koshiishi,male,1936-05-14,11,,,Azuma Koshiishi 2.jpg,Azuma Koshiishi
Q449915,Kensaku Morita,male,1949-12-16,11,,,08.10 副總統接見「日本千葉縣知事森田健作訪團」 (28272292543) (cropped).jpg,Kensaku Morita
Q45207,Antonio Inoki,male,1943-02-20,11,2022-10-01,11,Antonio Inoki IMG 0398-2 20121224.JPG,Antonio Inoki
Q452327,Hirokazu Nakaima,male,1939-08-19,11,,,Hirokazu Nakaima.jpg,Hirokazu Nakaima
Q453168,Yoshinobu Nisaka,male,1950-10-02,11,,,Yoshinobu Nisaka-20070215.jpg,Yoshinobu Nisaka
Q455433,Keiko Chiba,female,1948-05-11,11,,,Keiko Chiba Kawasaki campaign.jpg,Keiko Chiba
Q455848,Yūko Obuchi,female,1973-12-11,11,,,Yuko Obuchi croppwd 2 Caroline Kennedy and Yuko Obuchi 20141014 1.jpg,Yūko Obuchi
Q455915,Tomikazu Fukuda,male,1953-05-21,11,,,"Tomikazu Fukuda, 20191206.jpg",Tomikazu Fukuda
Q456011,Kanako Otsuji,female,1974-12-16,11,,,"Kanako Otsuji, Councillors election, 2007 by m-louis in Umeda.jpg",Kanako Otsuji
Q456161,Chikage Oogi,female,1933-05-10,11,,,Chikage Ogi 2006.png,Chikage Oogi
Q456352,Yoko Komiyama,female,1948-09-17,11,,,Yōko Komiyama.jpg,Yoko Komiyama
Q457774,Hiroyuki Sonoda,male,1942-02-19,11,2018-11-11,11,Tomiichi Murayama Cabinet 19950808.jpg,Hiroyuki Sonoda
Q459145,Harumi Takahashi,female,1954-01-06,11,,,Harumi Takahashi 2018.jpg,Harumi Takahashi
Q459698,Seiko Noda,female,1960-09-03,11,,,Seiko Noda 20211004 cropped.jpg,Seiko Noda
Q459998,Ichirō Ozawa,male,1942-05-24,11,,,Ichiro Ozawa cropped 3 Ichiro Ozawa 20010718.jpg,Ichirō Ozawa
Q462308,Shinji Tarutoko,male,1959-08-06,11,,,Shinji Tarutoko Minshu IMG 5451 20130707.JPG,Shinji Tarutoko
Q463331,Sadakazu Tanigaki,male,1945-03-07,11,,,Tanigaki Sadakazu 1-2.jpg,Sadakazu Tanigaki
Q465217,Makiko Tanaka,female,1944-01-14,11,,,Makiko Tanaka in Hawaii cropped.jpg,Makiko Tanaka
Q4661882,Masahide Ōta,male,1925-06-12,11,2017-06-12,11,Masahide Ota cropped 1 Masahide Ota and Ryutaro Hashimoto 19970217.jpg,Masahide Ōta
Q4662124,Keiichi Inamine,male,1933-10-14,11,,,Keiichi Inamine.jpg,Keiichi Inamine
Q467453,Ichiro Aisawa,male,1954-06-10,11,,,Ichiro Aisawa and Adidas soccer ball 20120414.png,Ichiro Aisawa
Q4696975,Aiko Shimajiri,female,1965-03-04,11,,,Aiko Shimajiri.jpg,Aiko Shimajiri
Q4700917,Akihiko Noro,male,1946-08-28,11,,,,Akihiko Noro
Q4700938,Akihiro Nishimura,male,1960-07-16,11,,,Nishimura Akihiro (2019).png,Akihiro Nishimura (politician)
Q4700952,Akihisa Nagashima,male,1962-02-17,11,,,Akihisa Nagashima.jpg,Akihisa Nagashima
Q4700991,Akiko Yamanaka,female,1945-11-06,11,,,Akiko Yamanaka 20071215.jpg,Akiko Yamanaka
Q4701114,Akio Sato,male,1943-02-10,11,,,05satou.jpg,"Akio Sato (politician, born 1943)"
Q4701145,Akira Kasai,male,1952-10-15,11,,,Akira Kasai 20120731.jpg,Akira Kasai
Q472775,Ritsuo Hosokawa,male,1943-08-08,11,,,Ritsuo Hosokawa 201101.png,Ritsuo Hosokawa
Q472792,Yoshiaki Takaki,male,1945-12-22,11,,,Yoshiaki Takaki.jpg,Yoshiaki Takaki
Q474554,Masaharu Nakagawa,male,1947-02-22,11,,,Nakagawa masaharu.jpg,Masaharu Nakagawa (House of Councillors)
Q47470245,Tomio Uchida,male,1942-11-08,11,,,,
Q47508212,Hiroshi Oka,male,1959,9,,,,
Q47645713,Akio Miyajima,male,1957,9,,,,
Q47846,Naoto Kan,male,1946-10-10,11,,,Kan Naoto.jpg,Naoto Kan
Q4803390,Asahiko Mihara,male,1947-05-23,11,,,Asahiko Mihara in Maputo.jpg,Asahiko Mihara
Q4817826,Atsushi Oshima,male,1956-12-21,11,,,Oshima Atsushi.jpg,Atsushi Oshima
Q4817834,Atsushi Tokinoya,male,1941-04,10,,,,Atsushi Tokinoya
Q498238,Marutei Tsurunen,male,1940-04-30,11,,,,Marutei Tsurunen
Q49869,Takuya Tasso,male,1964-06-10,11,,,Tasso Takuya (2010).JPG,Takuya Tasso
Q49875,Takeshi Shina,male,1966-10-07,11,,,Takeshi Shina.jpg,Takeshi Shina
Q49936,Yoshihisa Inoue,male,1947-07-24,11,,,,Yoshihisa Inoue
Q49943,Yōsuke Kondō,male,1965-05-19,11,,,Kondou Yosuke.jpg,Yōsuke Kondō
Q49949,Masayoshi Yoshino,male,1948-08-08,11,,,Masayoshi Yoshino.png,Masayoshi Yoshino
Q49969,Itsunori Onodera,male,1960-05-05,11,,,"Minister of Defense for Japan Itsunori Onodera in Washington, D.C., August 17, 2017 (36238435810) (cropped).jpg",Itsunori Onodera
Q49988,Nobuhide Minorikawa,male,1964-05-25,11,,,Nobuhide Minorikawa - 2019 (cropped).jpg,Nobuhide Minorikawa
Q49996,Kenya Akiba,male,1962-07-03,11,,,Akiba kenya.jpg,Kenya Akiba
Q49998,Tadamori Oshima,male,1946-09-06,11,,,Queen's Birthsday Party 2016 (26830017170).jpg,Tadamori Ōshima
Q49999,Akinori Eto,male,1955-10-12,11,,,Akinori Eto 071217-N-8772M-001 0YH9U.jpg,Akinori Eto
Q50640705,Hachiro Nitta,male,1958-08-27,11,,,富山県 知事 新田八朗.jpg,
Q506730,Hirotaka Ishihara,male,1964-06-19,11,,,自由民主党衆議院議員石原宏高談中東和平 Hirotaka Ishihara Addressed on 2014 International Media Seminar on Peace in the Middle East.jpg,Hirotaka Ishihara
Q50824931,Takatoshi Nishiwaki,male,1955-07-15,11,,,Takatoshi Nishiwaki IMG 0884-28 20181111.jpg,Takatoshi Nishiwaki
Q5097145,Chieko Nohno,female,1935-11-14,11,,,Chieko Nōno.jpg,Chieko Nōno
Q5097274,Chiharu Saiguchi,male,1938-09-03,11,,,,Chiharu Saiguchi
Q5097356,Chikahito Harada,male,1951-04-21,11,,,,Chikahito Harada
Q5097389,Chikara Sakaguchi,male,1934-04-01,11,,,Chikara Sakaguchi 200012.jpg,Chikara Sakaguchi
Q5100105,Chinami Nishimura,female,1967-01-13,11,,,Chinami Nishimura at Tenjin.jpg,Chinami Nishimura (politician)
Q5102619,Chiyako Shimada,female,1962-09-27,11,,,,Chiyako Shimada
Q5102671,Chizuko Takahashi,female,1959-09-16,11,,,,Chizuko Takahashi
Q511791,Ichirō Fujisaki,male,1947-07-10,11,,,Ichiro Fujisaki 100525-D-WQ296-034.jpg,Ichirō Fujisaki
Q513317,Katsuya Okada,male,1953-07-14,11,,,Katsuya Okada (2010).jpg,Katsuya Okada
Q516040,Fumiko Saiga,female,1943-11-30,11,2009-04-24,11,,Fumiko Saiga
Q516232,Tomoko Abe,female,1948-04-24,11,,,Tomoko Abe 20120731.jpg,Tomoko Abe
Q52014637,Keiko Tanaka,female,1960,9,,,,
Q52083720,Matsui Akira,male,1941,9,,,,
Q52083728,原島秀毅,,1937,9,2017-02-27,11,,
Q5209617,Daishiro Yamagiwa,male,1968-09-12,11,,,Daishirō Yamagiwa 20211004.png,Daishiro Yamagiwa
Q5209859,Daizō Nozawa,male,1933-05-06,11,,,Daizō Nozawa (cropped).jpg,Daizō Nozawa
Q52349,Hōdō Nakamura,male,1950-11-29,11,,,20visit nagasaki1.jpg,Hōdō Nakamura
Q5244721,Haruhiko Kuroda,male,1944-10-25,11,,,Haruhiko Kuroda at ADB Philippines (crop).jpg,Haruhiko Kuroda
Q5251277,Uichiro Niwa,male,1939-01-29,11,,,,Uichiro Niwa
Q529347,Yoshiko Shiotani,female,1939-04-05,11,,,,Yoshiko Shiotani
Q529418,Mieko Yoshimura,female,1951-05-18,11,,,20160519吉村美榮子.jpg,Mieko Yoshimura
Q529792,Yoshitaka Shindō,male,1958-01-20,11,,,Yoshitaka Shindō.jpg,Yoshitaka Shindō
Q529825,Kenji Yamaoka,male,1943-04-25,11,,,Kenji Yamaoka 201109.jpg,Kenji Yamaoka
Q534338,Kyoko Nakayama,female,1940-01-26,11,,,Kyōko Nakayama.jpg,Kyoko Nakayama
Q534539,Eriko Yamatani,female,1950-09-19,11,,,Eriko Yamatani.jpg,Eriko Yamatani
Q534585,Kuniko Inoguchi,female,1952-05-03,11,,,Kuniko Inoguchi cropped.jpg,Kuniko Inoguchi
Q5349198,Eiichi Yamashita,male,1947-08-18,11,,,Eiichi Yamashita 2002.jpg,Eiichi Yamashita
Q5349200,Eiichiro Washio,male,1977-01-03,11,,,Washio Eiichirou.jpg,Eiichiro Washio
Q5349896,Eisaku Satō,male,1939-06-24,11,,,Kantu003.jpg,Eisaku Satō (governor)
Q5365896,Kenji Kosaka,male,1946-03-12,11,2016-10-21,11,Kenji Kosaka.jpg,Kenji Kosaka
Q536655,Kenji Hirata,male,1944-01-04,11,,,Kenji Hirata 2012.jpg,Kenji Hirata
Q5371065,Emi Kaneko,female,1965-07-07,11,,,Kaneko Emi.jpg,Emi Kaneko
Q54266880,Tomonori Kawai,male,1975-08-23,11,,,,
Q5463021,Hikaru Matsunaga,male,1928-11-23,11,2022-10-11,11,Hikaru Matsunaga.jpg,Hikaru Matsunaga
Q548239,Kazuhiro Haraguchi,male,1959-07-02,11,,,Kazuhiro Haraguchi.jpg,Kazuhiro Haraguchi
Q54913364,Hideyo Hanazumi,male,1958-05-22,11,,,新潟県 知事 花角英世.jpg,Hideyo Hanazumi
Q5508556,Fumiaki Matsumoto,male,1949-03-25,11,,,Fumiaki Matsumoto cropped 1 Fumiaki Matsumoto 201708.jpg,Fumiaki Matsumoto
Q5508567,Fumihiro Himori,male,1948-12-03,11,2022-06-09,11,,Fumihiro Himori
Q5517693,Gaku Hasegawa,male,1971-02-16,11,,,Hasegawa gaku.jpg,Gaku Hasegawa
Q5517695,Gaku Hashimoto,male,1974-02-05,11,,,Hashimoto gaku 01.jpg,Gaku Hashimoto
Q552388,Koriki Jojima,male,1947-01-01,11,,,Koriki Jojima.jpg,Koriki Jojima
Q552398,Makoto Taki,male,1938-09-15,11,,,Makoto Taki 2012.jpg,Makoto Taki
Q5530859,Gen Nakatani,male,1957-10-14,11,,,Gen Nakatani 4 Apr 2007 without US flag.jpg,Gen Nakatani
Q5533162,Genichiro Sata,male,1952-12-22,11,,,Gen'ichirō Sata.jpg,Genichiro Sata
Q55407313,Masato Watanabe,male,1955,9,,,,
Q55407326,Mitsugu Saito,male,,,,,,
Q55524476,Hideaki Kuramitsu,male,1958,9,,,,
Q55535329,Hitoshi Noda,male,,,,,,
Q557011,Masahiro Ishii,male,1945-11-29,11,,,20211006ishii masahiro.jpg,Masahiro Ishii
Q56253261,Satoshi Suzuki,male,1959-08-22,11,,,SUZUKI Satoshi.jpg,
Q56253305,Ichirō Kawabata,male,1953,9,,,,
Q5637084,Hachiro Okonogi,male,1965-06-22,11,,,20200916 Okonogi Hachirou.jpg,Hachiro Okonogi
Q5639959,Hajime Funada,male,1953-11-22,11,,,,Hajime Funada
Q5639964,Hajime Hirota,male,1968-10-10,11,,,Hirota Hajime.jpg,Hajime Hirota
Q5639969,Hajime Ishii,male,1934-08-17,11,2022-06-04,11,Hajime Ishii cropped 2 Hajime Ishii and Juan Ponce Enrile 20110504.jpg,Hajime Ishii
Q5675759,Haruko Yoshikawa,female,1940-11-26,11,,,,Haruko Yoshikawa
Q56808546,Mitsuji Suzuka,male,,,,,Mitsuji Suzuka cropped 1 Mitsuji Suzuka 20161117.jpg,
Q56808590,Tatsuo Arai,male,1956,9,,,,
Q5680924,Yohei Matsumoto,male,1973-08-31,11,,,Matsumoto youhei01.jpg,Yohei Matsumoto
Q57314813,Mutsuyoshi Nishimura,,1940,9,,,,
Q5752249,Hideaki Kobayashi,male,1945,9,,,USMC-070508-M-9539H-010 (cropped) - Hideaki Kobayashi.jpg,Hideaki Kobayashi (diplomat)
Q5752333,Hidehisa Otsuji,male,1940-10-02,11,,,Hidehisa Otsuji cropped 2 Hidehisa Otsuji 200409.jpg,Hidehisa Otsuji
Q5752395,Hideki Makihara,male,1971-06-04,11,,,Makihara hideki01.jpg,Hideki Makihara
Q5752415,Hideki Niwa,male,1972-12-20,11,,,99 niwa hideki.jpg,Hideki Niwa
Q57647,Yoshihiko Noda,male,1957-05-20,11,,,Yoshihiko Noda 20110902 (original).jpg,Yoshihiko Noda
Q5770152,Hirofumi Ryu,male,1965-01-03,11,,,Hirofumi Ryu.jpg,Hirofumi Ryu
Q5770251,Hirokazu Matsuno,male,1962-09-13,11,,,Hirokazu Matsuno 20211110.jpg,Hirokazu Matsuno
Q5770500,Hiromi Iwanaga,male,1942-06-17,11,,,20iwanaga.jpg,Hiromi Iwanaga
Q5770562,Hiromi Yoshida,male,1949-06-17,11,2019-10-26,11,25yosida.jpg,Hiromi Yoshida
Q5770815,Hiroshi Hiraguchi,male,1948-08-01,11,,,Hiroshi hiraguchi.jpg,Hiroshi Hiraguchi
Q5770884,Hiroshi Kajiyama,male,1955-10-18,11,,,"Hiroshi Kajiyama Minister of Economy, Trade and Industry.jpg",Hiroshi Kajiyama (politician)
Q5770910,Kawauchi Hiroshi,male,1961-11-02,11,,,Hiroshi Kawauchi02.jpg,Hiroshi Kawauchi
Q5771003,Hiroshi Ogushi,male,1965-08-31,11,,,Hiroshi Ogushi.jpg,Hiroshi Ogushi
Q5772406,Hisashi Kazama,male,1947-05-06,11,,,22kazama.jpg,Hisashi Kazama
Q5772420,Hisashi Tokunaga,male,1963-06-27,11,,,Tokunaga Hisashi.jpg,Hisashi Tokunaga
Q57887821,Hajime Hayashi,male,,,,,Hayashi hajime.jpg,
Q57887825,Masaki Noke,male,1959-10-09,11,,,,
Q57887826,Yasushi Takase,male,,,,,,
Q57887901,Norio Maruyama,male,1959,9,,,,
Q57887934,Shinichi Saida,male,,,,,,
Q57887954,伊藤伸彰,male,,,,,,
Q58213,Kōichirō Genba,male,1964-05-20,11,,,Minister Gemba.jpg,Kōichirō Genba
Q582685,Hirotaka Akamatsu,male,1948-05-03,11,,,Hirotaka Akamatsu.jpg,Hirotaka Akamatsu
Q5872336,Hitoshi Goto,male,1957-07-22,11,,,Gotohitoshi.jpg,Hitoshi Goto
Q5872346,Hitoshi Kimura,male,1934,9,,,Hitoshi Kimura with Branislav Kapetanovic.jpg,Hitoshi Kimura
Q5949723,Shigekazu Satō,male,1949-09-23,11,,,"Shikekazu Sato (cropped, Education, The best friend of preventative medicine 140213-Z-NO327-079).jpg",
Q5986289,Ichiro Miyashita,male,1958-08-01,11,,,Miyashita ichiro.jpg,Ichiro Miyashita
Q5986305,Ichiro Tsukada,male,1963-12-27,11,,,"Ichiro Tsukada at Nagaoka Niigata 2019,07.jpg",Ichiro Tsukada
Q60229949,Tatsuhiko Kasai,male,1956,9,,,,
Q60230151,Fumiko Kinoshita,female,1966-10-13,11,,,,
Q60452161,Daisuke Matsunaga,male,,,,,First Minister of Scotland and Japanese Consul General.jpg,
Q60452164,Kuninori Matsuda,male,1959,9,,,Matsuda Kuninori.jpg,
Q60452169,Kozo Takeda,male,1960,9,,,,
Q6078899,Isao Imai,male,1939-12-26,11,,,,Isao Imai (judge)
Q6088170,Issei Tajima,male,1962-06-15,11,,,Issei Tajima.jpg,Issei Tajima
Q6102348,Izumi Yoshida,male,1949-02-26,11,,,Yoshida Izumi.jpg,Izumi Yoshida
Q61116680,Takashi Kurai,male,1955,9,,,Takashi Kurai 2019-11-12.jpg,Kurai Takashi
Q6139860,Shirō Asano,male,1948-04-08,11,,,,Shirō Asano (politician)
Q6139912,Chihiro Atsumi,male,1950-09-06,11,,,,
Q6139989,Yutaka Iimura,male,1946-10-16,11,,,Yutaka iimura.jpg,
Q6140065,Keiji Ide,male,1957,9,,,,
Q6140287,Motohiro Ōno,male,1963-11-12,11,,,Motohiro Ono 201210.jpg,Motohiro Ōno
Q6140382,Rintarō Ogata,male,1973-01-08,11,,,,
Q6140400,Keisuke Ōba,male,1935-01-22,11,2002-08-29,11,,
Q6140479,Hiroshi Ōki,male,1927-06-30,11,2015-11-13,11,Hiroshi Ōki.jpg,
Q6140584,Jun'ichi Ihara,male,1956-04-18,11,,,Junichi Ihara cropped 2 Glyn Davies and Junichi Ihara 20131125.jpg,Junichi Ihara
Q6140878,Ryōzō Katō,male,1941-09-13,11,,,George W Bush and Ryozo Kato cropped.jpg,Ryōzō Katō
Q6141046,Masato Kitera,male,1952-10-10,11,,,Masato Kitera.jpg,Masato Kitera
Q6141075,Yūichi Kusumoto,male,1947-10-02,11,,,,
Q6141481,Seiji Kojima,male,1948,9,,,H.E.Mr.Seiji Kojima เอกอัครรชทูตวิสามัญผู้มีอำนาจเต็มแ - Flickr - Abhisit Vejjajiva (1).jpg,
Q6141533,Jirō Kodera,male,1953-06-28,11,,,,
Q6141611,Kyōji Komachi,male,1946,9,,,,Kyoji Komachi
Q6141727,Kenichiro Sasae,male,1951-09-25,11,,,Kenichiro Sasae cropped 2 John Kerry Caroline Kennedy and Kenichiro Sasae 20131112.jpg,Kenichirō Sasae
Q6142074,Toshihisa Takata,male,1954,9,,,Somali Police Force (SPF) receive new equipment donated by Japan 04 (7156337172).jpg,
Q6142517,Nobuaki Tanaka,male,1946-08-26,11,,,,
Q6142995,Hiroshi Hirabayashi,male,1940-05-05,11,,,,
Q6143005,Etsurō Honda,male,1955-01,10,,,Etsuro Honda cropped 2 Etsuro Honda 201606.jpg,
Q6143781,Kenzō Ōshima,male,1943-05-14,11,2021-05-29,11,Kenzo Oshima cropped 2 Toshiro Ozawa Yukiya Amano and Kenzo Oshima 20121024.jpg,Kenzo Oshima
Q6143787,Norihiro Okuda,male,1953-08-19,11,,,,
Q6143802,Shigeki Sumi,male,1953-06-13,11,,,Shigeki Sumi 2015-06-03 (cropped).jpg,
Q6143814,Tsuneo Nishida,male,1947-04-01,11,,,,
Q6143836,Jun Yamazaki,male,1956-09-22,11,,,,Jun Yamazaki
Q614464,Naokazu Takemoto,male,1940-11-23,11,,,Naokazu Takemoto.jpg,Naokazu Takemoto
Q6144657,Yoshitaka Akimoto,male,1953-01-01,11,,,,
Q6144667,Koreshige Anami,male,1941-01-16,11,,,,
Q6144671,Nobuyasu Abe,male,1945-09-09,11,,,,
Q6144689,Kaoru Ishikawa,male,1950-11-07,11,,,Kaoru Ishikawa cropped 1 Kaoru Ishikawa and Stephen Harper 20110323.jpg,
Q6144696,Makoto Itō,,,,,,,
Q6144698,Tetsuo Itō,male,1949-02-04,11,,,,
Q6144701,Susumu Inoue,male,1950-03-12,11,,,,
Q6144703,Masayuki Inoue,male,1948-10-06,11,,,,
Q6144716,Kazuyoshi Umemoto,male,1951,9,,,Kazuyoshi Umemoto.jpg,
Q6144718,Kazuyoshi Urabe,male,,,,,,
Q6144727,Yasukuni Enoki,male,1946-05-11,11,,,,
Q6144730,Shin Ebihara,male,1947-02-16,11,,,Shin Ebihara.jpg,Shin Ebihara
Q6144732,Shigeru Endō,male,,,,,,
Q6144734,Hiroshi Ōe,male,1955,9,,,,
Q6144752,Yoshifumi Okamura,male,1958-01-13,11,,,,
Q6144756,Hajime Ogawa,male,1939-01-01,11,,,,
Q614476,Tatsuya Ito,male,1961-07-06,11,,,Itotatsuya.jpg,Tatsuya Ito (politician)
Q6144762,Kazuo Ogura,male,1938-11-15,11,,,,
Q6144771,Toshirō Ozawa,male,1948-08-27,11,,,Toshiro Ozawa cropped 3 Yukiya Amano Isshu Sugawara and Toshiro Ozawa 20130627.jpg,
Q6144776,Masaaki Ono,male,,,,,,
Q6145807,Takao Kawakami,male,1938,9,,,,
Q6145819,Hiroyuki Kishino,male,1952,9,,,,
Q6145825,Motohide Yoshikawa,male,1951-03-13,11,,,Motohide Yoshikawa after ATT ratification.jpg,
Q6145829,Takuo Kidokoro,male,1945,9,,,,
Q6145834,Toshio Kunikata,male,1952-10-11,11,,,,
Q6145839,Takaji Kunimatsu,male,1937-06-28,11,,,,
Q6145882,Yūji Kurokawa,male,1944,9,,,,
Q6145891,Yoshihisa Kuroda,male,1948-07-01,11,,,,
Q6145896,Masaharu Kōno,male,1948,9,,,Dmitry Medvedev 29 May 2009-10.jpg,Masaharu Kono
Q6145900,Kazuhiko Koshikawa,male,1956,9,,,,
Q6145908,Jun'ichi Kosuge,male,,,,,,
Q6145913,Hiroyasu Kobayashi,male,1955-04-27,11,,,,
Q6145921,Kin'ichi Komano,male,1947-02,10,,,,
Q6145934,Seiichi Kondō,male,1946-03-24,11,,,,
Q6145992,Yoshinori Katori,male,1950-02-15,11,,,,
Q6146611,Akitaka Saiki,male,1952-10-10,11,,,Deputy Secretary Blinken Poses for a Photo With Japanese Vice Foreign Minister Saiki Before Their Meeting in Tokyo (26231752600).jpg,
Q6146619,Yasuo Saitō,male,1948,9,,,,Yasuo Saitō (diplomat)
Q6146627,Mitsuo Sakaba,male,1949,9,,,,
Q6146644,Shirō Sadoshima,male,1953-10-23,11,,,,
Q6146661,Kōjirō Shiojiri,male,1949-11-23,11,,,,
Q6146663,Toshinori Shigeie,male,1945-06-03,11,,,,
Q6146670,Tamotsu Shinotsuka,male,,,,,,
Q6146682,Ken Shimanouchi,male,1946-09-17,11,,,,
Q6146710,Akio Shirota,male,1949,9,,,,
Q6146721,Shinsuke Sugiyama,male,1953-05-14,11,,,Shinsuke Sugiyama 杉山晋輔 (20180502-OSEC-LSC-0393 (27988167388)).jpg,Shinsuke J. Sugiyama
Q6146734,Toshirō Suzuki,male,1954-05-15,11,,,,
Q6146737,Yōichi Suzuki,male,1950-09-25,11,,,,
Q6146745,Takaya Sudō,male,1943,9,,,,
Q6146785,Toshihiro Takahashi,male,1945-09-20,11,,,,
Q6147581,Fumiaki Takahashi,male,1948-08-18,11,,,,
Q6147592,Takahashi Hiroshi,male,1949,9,,,Japan's Ambassador to Afghanistan Hiroshi Takahashi (15946059482).jpg,
Q6147594,Reiichirō Takahashi,male,,,,,Ambassador of Japan His Excellencey Mr Reiichiro Takahashi with Tattarang Springs Distilling Co Vodka from Canning March 21 2019.jpg,
Q6147609,Yukio Takeuchi,male,1943-07-20,11,,,,Yukio Takeuchi
Q6147612,Shigeo Takenaka,male,1941,9,,,,
Q6147621,Yasuaki Tanizaki,male,1952-10-20,11,,,,
Q6147626,Sakutarō Tanino,male,1936-06-06,11,,,,
Q6147627,Yoshio Tamura,male,,,,,,
Q6147629,Minoru Tanba,male,1938-05-06,11,2016-10-07,11,,
Q6147662,Hideaki Dōmichi,male,1948-12-14,11,,,,
Q6147684,Takeshi Nakane,male,1949-06-24,11,,,Takeshi Nakane jap Botschafter.jpg,
Q6147688,Yasumasa Nagamine,male,1954-04-16,11,,,Yasumasa NAGAMINE.jpg,Yasumasa Nagamine
Q6147691,Shigeru Nakamura,male,1948-12-24,11,,,,
Q6147883,Atsuko Tōyama,female,1938-12-10,11,,,Atsuko Tōyama.jpg,Toyama Atsuko
Q6147925,Toda Hiroshi,male,1951-09-12,11,,,,
Q620273,Kōrō Bessho,male,1953-02-05,11,,,,Koro Bessho
Q6203078,Jiro Aichi,male,1969,9,,,Jirō Aichi 20160622.jpg,Jiro Aichi
Q6203082,Jiro Akama,male,1968-03-27,11,,,Jiro Akama 20170927.jpg,Jiro Akama
Q621383,Shōtarō Ōshima,male,1943-09-20,11,,,,
Q6311513,Jun Matsumoto,male,1950-04-11,11,,,Jun Matsumoto 2015.jpg,Jun Matsumoto (politician)
Q6313056,Junichi Ishii,male,1957,9,,,Junichi Ishii 20220620 zoutei 01.jpg,Junichi Ishii
Q6314413,Junya Ogawa,male,1971-04-18,11,,,Junya Ogawa 2009.jpg,Junya Ogawa
Q6314438,Junzo Yamamoto,male,1954-10-27,11,,,Junzō Yamamoto.jpg,Junzo Yamamoto
Q6360567,Kaname Ikeda,male,1946-01-01,11,,,,Kaname Ikeda
Q6360573,Kaname Tajima,male,1961-09-22,11,,,Tajima Kaname.jpg,Kaname Tajima
Q6378065,Katsuei Hirasawa,male,1945-09-04,11,,,Katsuei Hirasawa cropped 1 Narendra Modi and Members of the Parliament 20140627.jpg,Katsuei Hirasawa
Q6378155,Katsunobu Kato,male,1955-11-22,11,,,Katsunobu Katō.jpg,Katsunobu Katō
Q6381535,Kazuko Kōri,female,1957-03-31,11,,,Kazuko Kori 201210.jpg,Kazuko Kōri
Q6381539,Kazuko Yokoo,female,1941-04-14,11,,,,Kazuko Yokoo
Q6381578,Kazumi Ōta,female,1979-08-28,11,,,,Kazumi Ota
Q6381615,Kazunori Tanaka,male,1949-01-21,11,,,Kazunori-tanaka-kawasaki-dec2014-zoomin.jpg,Kazunori Tanaka
Q6381645,Kazuo Kitagawa,male,1953-03-02,11,,,Kazuo Kitagawa 北側一雄 (USCG photo JARVIS JAPAN DEPLOYMENT).jpg,Kazuo Kitagawa
Q6381782,Kazuyasu Shiina,male,1952-01-15,11,,,14shiina.jpg,Kazuyasu Shiina
Q6381788,Kazuyoshi Akaba,male,1958-05-07,11,,,Kazuyoshi Akaba September 2020.jpg,Kazuyoshi Akaba
Q6381814,Kazuyuki Nakane,male,1969-07-11,11,,,Kazuyuki Nakane.jpg,Kazuyuki Nakane
Q6383605,Keigo Masuya,male,1951-04-03,11,,,08masuya.jpg,Keigo Masuya
Q6383623,Keiichi Hayashi,male,1951-02-08,11,,,Keiichi Hayashi cropped William Hague and Members of the UK-Japan 21st Century Group 20130502.jpg,Keiichi Hayashi
Q6383646,Keiji Kokuta,male,1947-01-11,11,,,穀田恵二.png,Keiji Kokuta
Q6383690,Keiko Nagaoka,female,1953-12-08,11,,,Nagaoka Keiko (2018).png,Keiko Nagaoka
Q6383814,Keiro Kitagami,male,1967-02-01,11,,,Kitagami Keirou.jpg,Keiro Kitagami
Q6383909,Keisuke Suzuki,male,1977-02-09,11,,,Suzuki keisuke 01.jpg,Keisuke Suzuki
Q6383911,Keisuke Tsumura,male,1971-10-27,11,,,Keisuke Tsumura.jpg,Keisuke Tsumura
Q638431,Kiyoshi Ueda,male,1948-05-15,11,,,KiyoshiUeda-Saitama-2018-5-4.jpg,Kiyoshi Ueda
Q6389276,Kenichiro Ueno,male,1965-08-03,11,,,Kenichiro Ueno.jpg,Kenichiro Ueno
Q6389323,Kenji Eda,male,1956-04-28,11,,,Kenji Eda Sakado 20141203.JPG,Kenji Eda
Q6389342,Kenji Kitahashi,male,1953-03-19,11,,,福岡県北九州市 市長 北橋健治.jpg,Kenji Kitahashi
Q6389383,Kenji Wakamiya,male,1961-09-02,11,,,Kenji Wakamiya 20211004.jpg,Kenji Wakamiya
Q6389412,Kenko Matsuki,male,1959-02-22,11,,,Shizuhiro Matsuki 20110114 3.jpg,Kenko Matsuki
Q6391370,Kensei Mizote,male,1942-09-13,11,,,Kensei Mizote cropped 2 Kensei Mizote 20140716.jpg,Kensei Mizote
Q6391372,Kensei Hasegawa,male,1943-01-01,11,,,Hasegawa Kensei.jpg,Kensei Hasegawa
Q6391984,Kenta Izumi,male,1974-07-29,11,,,泉健太公式プロフィール写真(2009).jpg,Kenta Izumi
Q640668,Hakuo Yanagisawa,male,1935-08-18,11,,,Hakuo Yanagisawa 200609.jpg,Hakuo Yanagisawa
Q6416606,Kishiro Nakamura,male,1949-04-10,11,,,Kishiro Nakamura 1989.jpg,Kishirō Nakamura
Q6418998,Kiyohiko Toyama,male,1969-06-05,11,,,Tooyama kiyohiko.jpg,Kiyohiko Toyama
Q6419024,Kiyoko Ono,female,1936-02-04,11,2021-03-13,11,Kiyoko Ono 1964d.jpg,Kiyoko Ono
Q6419134,Kiyoshige Maekawa,male,1962-12-22,11,,,Kiyoshige Maekawa 20121206.jpg,Kiyoshige Maekawa
Q6425959,Kohei Nasu,male,1942,9,,,,Kohei Nasu
Q6426211,Koichi Hagiuda,male,1963-08-31,11,,,Kōichi Hagiuda 20211004.jpg,Kōichi Hagiuda
Q6426214,Koichi Hirata,male,1948-11-09,11,,,21hirata.jpg,Koichi Hirata
Q6426239,Koichi Takemasa,male,1961-03-23,11,,,Takemasa Koichi.jpg,Koichi Takemasa
Q6426240,Koichi Tani,male,1952-01-28,11,,,Koichi Tani IMG 3880-2 20140117.JPG,Koichi Tani
Q6426244,Koichi Yamamoto,male,1947-09-04,11,,,Kōichi Yamamoto.jpg,Koichi Yamamoto
Q6426248,Koichiro Ichimura,male,1964-07-16,11,,,Kōichirō Ichimura.jpg,Koichiro Ichimura
Q6426436,Koji Miyakawa,male,1942-02-28,11,,,,Koji Miyakawa
Q6426455,Koji Sato,male,1959-07-28,11,,,Koji Sato cropped 1 Satou kouji.JPG,Koji Sato (politician)
Q6433881,Kotaro Nagasaki,male,1968-08-18,11,,,山梨県 知事 長崎幸太郎.jpg,Kotaro Nagasaki
Q6433885,Kotaro Tamura,male,1963-07-23,11,,,03tamura.jpg,Kotaro Tamura
Q6435116,Koya Nishikawa,male,1942-12-26,11,,,Koya Nishikawa.jpg,Koya Nishikawa
Q6435368,Kozo Yamamoto,male,1948-08-08,11,,,Kozo Yamamoto 201608.jpg,Kozo Yamamoto
Q6444659,Kunihiko Muroi,male,1947-04-10,11,,,Muroi Kunihiro.jpg,Kunihiko Muroi
Q6444691,Kuniko Koda,female,1965-09-08,11,,,,Kuniko Koda
Q6444734,Kunio Hamada,male,1936-05-24,11,,,,Kunio Hamada
Q64783247,伊藤辰矢,male,1978-01-15,11,,,愛知県常滑市 市長 伊藤辰矢.jpg,
Q64783261,上村崇,male,1972-06-01,11,,,京都府京田辺市 市長 上村崇.JPG,
Q64783824,Tatsuya Maruyama,male,1970-03-25,11,,,島根県 知事 丸山達也.jpg,Tatsuya Maruyama
Q653000,Shoichi Kondo,male,1958-05-26,11,,,Shoichi Kondo - Annual Meeting of the New Champions 2011.jpg,Shoichi Kondo
Q65556969,Ryō Sawada,male,1979-09-27,11,,,,
Q65556979,Issei Yamagishi,male,1981-08-28,11,,,,
Q655960,Yūji Kuroiwa,male,1954-09-26,11,,,神奈川県 知事 黒岩祐治.JPG,Yūji Kuroiwa
Q656085,Keiji Yamada,male,1954-04-05,11,,,"The Governor of Kyoto Prefecture Keiji Yamada in Kyoto, Japan cropped.jpg",Keiji Yamada
Q656326,Sekinari Nii,male,1943-03-20,11,,,Nii Sekinari 1-1.jpg,Sekinari Nii
Q656644,Masanao Ozaki,male,1967-09-14,11,,,Masanao Ozaki 2022.png,Masanao Ozaki
Q65730363,Eiko Kimura,female,1965-05-11,11,,,,Eiko Kimura
Q65733672,Yasuhiko Funago,male,1957-10-04,11,,,舩後靖彦.jpg,Yasuhiko Funago
Q661410,Shinjirō Koizumi,male,1981-04-14,11,,,Shinjirō Koizumi 20200718.jpg,Shinjirō Koizumi
Q66365101,Masako Kishi,female,1976-03-24,11,,,,
Q66365115,Makita Shimokawa,male,,,,,,
Q6739516,Makiko Kikuta,female,1969-10-24,11,,,Makiko Kikuta.jpg,Makiko Kikuta
Q6739963,Makoto Nishida,male,1962-08-27,11,,,Makoto Nishida 2020.jpeg,Makoto Nishida
Q6746574,Manabu Sakai,male,1965-09-04,11,,,Manabu Sakai.jpg,Manabu Sakai
Q6746585,Manabu Terata,male,1976-09-20,11,,,1910ManabuTerata.jpg,Manabu Terata
Q67498535,Tatsuji Sugimoto,male,1962-07-31,11,,,福井県 知事 杉本達治.jpg,Tatsuji Sugimoto
Q6782264,Masaaki Taira,male,1967-02-21,11,,,Masaaki Taira.jpg,Masaaki Taira
Q6782350,Masahiko Shibayama,male,1965-12-05,11,,,Masahiko Shibayama (cropped).jpg,Masahiko Shibayama
Q6782366,Masahiro Imamura,male,1947-01-05,11,,,Masahiro Imamura 201608.jpg,Masahiro Imamura
Q6782391,Masahito Moriyama,male,1953-12-14,11,,,Moriyama masahito.2016.jpg,Masahito Moriyama
Q6782433,Masakatsu Koike,male,1952-01-17,11,,,10koike.jpg,Masakatsu Koike
Q6782441,Masakazu Sekiguchi,male,1953-06-04,11,,,11sekiguti.jpg,Masakazu Sekiguchi
Q6782480,Masako Okawara,female,1953-04-08,11,,,Masako Okawara.jpg,Masako Ōkawara
Q6782544,Masamitsu Naito,male,1964-01-29,11,,,Masamitsu Naitou.jpg,Masamitsu Naito
Q6782545,Masamitsu Oishi,male,1945-01-28,11,,,,Masamitsu Oishi
Q6782686,Masatada Tsuchiya,male,1942-01-13,11,,,07tutiya.jpg,Masatada Tsuchiya
Q6782738,Masatoshi Ishida,male,1952-04-11,11,,,Masatoshi Ishida 2018.jpg,Masatoshi Ishida (politician)
Q6782781,Masayo Tanabu,female,1969-07-10,11,,,Masayo Tanabu 201101.jpg,Masayo Tanabu
Q6782819,Masazumi Gotoda,male,1969-08-05,11,,,Gotouda Masazumi.jpg,Masazumi Gotoda
Q68185212,Naoki Ito,male,1960,9,,,Naoki Ito 2022.jpg,
Q6837950,Michiyo Takagi,female,1952-09-13,11,,,Takagi michiyo2.jpg,Michiyo Takagi
Q6837954,Michiyoshi Yunoki,male,1972-05-28,11,,,Yunoki mitiyosi.jpg,Michiyoshi Yunoki
Q6842917,Midori Matsushima,female,1956-07-15,11,,,Midori Baba cropped 2 Midori Baba and Li Yong 20131105.jpg,Midori Matsushima
Q6843722,Mieko Kobayashi,female,1958-08-26,11,,,,Mieko Kobayashi
Q6864590,Mineyuki Fukuda,male,1964-04-08,11,,,Mineyuki Fukuda 201708.jpg,Mineyuki Fukuda
Q6869306,Minoru Terada,male,1958-01-24,11,,,Terada minoru.jpg,Minoru Terada
Q6882969,Mitsu Shimojo,male,1955-12-29,11,,,Shimojyou Mitsu.jpg,Mitsu Shimojo
Q6883215,Mitsuhide Iwaki,male,1949-12-04,11,,,岩城光英 東京都千代田区にて.jpg,Mitsuhide Iwaki
Q6883317,Mitsunori Okamoto,male,1971-06-18,11,,,Okamoto Mitsunori.jpg,Mitsunori Okamoto
Q6912213,Morihiko Hiramatsu,male,1924-03-12,11,2016-08-21,11,,Morihiko Hiramatsu
Q6918578,Motoyuki Odachi,male,1963-10-09,11,,,Odachi Motoyuki.jpg,Motoyuki Odachi
Q69634994,Hiroaki Takizawa,male,1959-07-18,11,,,Takizawa Hiroaki.jpg,
Q6964565,Naoki Okada,male,1962-06-09,11,,,Okada Naoki (2019).png,Naoki Okada
Q696583,Hiromu Nonaka,male,1925-10-20,11,2018-01-26,11,Hiromu Nonaka 199807.jpg,Hiromu Nonaka
Q697258,Nobutaka Machimura,male,1944-10-17,11,2015-06-01,11,Machimura Nobutaka 2015.jpg,Nobutaka Machimura
Q697969,Masahiko Kōmura,male,1942-03-15,11,,,Komura Masahiko 1-3.jpg,Masahiko Kōmura
Q704345,Tsuyoshi Yamaguchi,male,1954-10-03,11,,,Tsuyoshi Yamaguchi 20190303.jpg,Tsuyoshi Yamaguchi (politician)
Q7051265,Noriko Furuya,female,1956-05-14,11,,,08furuya.jpg,Noriko Furuya
Q7051315,Norio Mitsuya,male,1950-12-13,11,,,Norio Mitsuya croppwd 2 Norio Mitsuya Caroline Kennedy and Keiji Furuya 20140207 1.jpg,Norio Mitsuya
Q7051324,Norio Takeuchi,male,1958-09-08,11,,,,Norio Takeuchi
Q7051329,Norio Wakui,male,1942-02-11,11,2009-12-17,11,,Norio Wakui
Q7051352,Noritoshi Ishida,male,1951-09-01,11,,,15isida.jpg,Noritoshi Ishida
Q706296,Tōru Hashimoto,male,1969-06-29,11,,,Tōru Hashimoto.jpg,Tōru Hashimoto
Q7105697,Osamu Tsuno,male,1938-10-20,11,,,Osamu Tsuno 199908.jpg,Osamu Tsuno
Q71679122,佐藤俊一,male,1941,9,,,,
Q729599,Bunmei Ibuki,male,1938-01-09,11,,,사본 -8632564647 fb1ba67294 o.jpg,Bunmei Ibuki
Q730869,Hideo Higashikokubaru,male,1957-09-16,11,,,Hideo Higashikokubaru 2007 1216.jpg,Hideo Higashikokubaru
Q730991,Ichirō Kamoshita,male,1949-01-16,11,,,Ichiro Kamoshita 200210.jpg,Ichirō Kamoshita
Q732087,Yukio Edano,male,1964-05-31,11,,,Yukio Edano In front of Tenjin Twin Building (2020.10.18).jpg,Yukio Edano
Q732124,Shōmei Yokouchi,male,1942-03-02,11,2020-04-21,11,Yokouchi.jpg,Shōmei Yokouchi
Q735829,Kenji Ogiwara,male,1969-12-20,11,,,Ogiwara Kenji.jpg,Kenji Ogiwara
Q738197,Hiroya Masuda,male,1951-12-20,11,,,Hiroya Masuda 200808.jpg,Hiroya Masuda
Q7385293,Ryoji Nakagawa,male,1939-12-23,11,,,,Ryoji Nakagawa
Q7385320,Ryosei Akazawa,male,1960-12-18,11,,,Ryosei Akazawa.jpg,Ryosei Akazawa
Q7385322,Ryosei Tanaka,male,1963-11-11,11,,,Ryosei Tanaka.jpg,Ryosei Tanaka
Q7385342,Ryota Takeda,male,1968-04-01,11,,,Ryota Takeda 20200916.jpeg,Ryota Takeda
Q7385565,Sasaki Ryuzō,male,1956-11-27,11,2022-06-28,11,Ryuzo Sasaki 201101.jpg,Ryuzo Sasaki
Q7397561,Sadao Fuchigami,male,1937-03-19,11,,,,Sadao Fuchigami
Q7400731,Atsushi Nishioka,male,1956,9,,,,
Q7400739,Masuo Nishibayashi,male,1952,9,,,Masuo Nishibayashi.jpg,
Q7400780,Ukeru Magosaki,male,1943-07-19,11,,,"Ukeru Magosaki, Photographed by Ryota Nakanishi (2).JPG",
Q7400795,Yasuaki Nogawa,male,,,,,,
Q7400808,Issei Nomura,male,1940-05-20,11,2021-07-04,11,Vladimir Putin with Ambassadors to Russia-1.jpg,
Q7401084,Fukukawa Masakazu,male,1952,9,,,Perú y Japón conmemoran 140 años de relaciones diplomáticas (9563194403).jpg,
Q7401120,Hiroshi Fukuda,male,1935-08-02,11,,,,
Q7401209,Akihiko Furuya,male,1946-10-05,11,,,,
Q7401237,Kensaku Hōgen,male,1941-08-02,11,,,,
Q7426414,Satoshi Ninoyu,male,1944-09-13,11,,,Satoshi Ninoyu 20070830.jpg,Satoshi Ninoyu
Q7446686,Seigo Kitamura,male,1947-01-29,11,,,Kitamura Seigo.jpg,Seigo Kitamura
Q7446719,Seiichiro Murakami,male,1952-05-11,11,,,Seiichiro Murakami cropped 1 Seiichiro Murakami 200409.jpg,Seiichiro Murakami
Q7446737,Seiji Osaka,male,1959-04-24,11,,,Seiji Osaka 201101.jpg,Seiji Osaka
Q7446761,Seiken Akamine,male,1947-12-18,11,,,Seiken Akamine 190627-M-HB452-1219.jpg,Seiken Akamine
Q7446930,Seishi Kanetsuki,male,1945-04-01,11,,,,Seishi Kanetsuki
Q745045,Mikio Aoki,male,1934-06-08,11,,,Mikio Aoki.jpg,Mikio Aoki
Q7460320,Masahiko Horie,male,1946,9,,,Masahiko Horie ICUN Conference.jpg,
Q7460361,Ryōichi Matsuyama,male,1949,9,,,,
Q7461382,Hideto Mitamura,male,1948-11-15,11,,,,
Q7461392,Akira Miwa,male,1950,9,,,Ministério da Cultura - Embaixada do Japão.jpg,
Q7461415,Takeshi Yagi,male,1954-12-07,11,,,"The Ambassador of Japan to India, Mr. Takeshi Yagi calling on the Union Home Minister, Shri Rajnath Singh, in New Delhi on March 02, 2015.jpg",
Q7461439,Yutaka Yoshizawa,male,1951-02-14,11,,,,
Q7461458,Yūji Miyamoto,male,1946-07-03,11,,,,
Q7461513,Makoto Yamanaka,male,1951,9,,,,
Q7461537,Hisao Yamaguchi,male,1946-11-18,11,,,,
Q7461657,Masatoshi Mutō,male,1948-12-18,11,,,,Masatoshi Muto
Q7461681,Masashi Mizukami,male,1954,9,,,,
Q7461834,Shūichirō Megata,male,1950-07-16,11,,,,
Q7461888,Kenjirō Monji,male,1952-09-22,11,,,Kenjiro Monji (2015).jpg,
Q7477634,Shin'ichi Nakatani,male,1976-09-30,11,,,Nakatani Shiniichi (2019).png,
Q7496342,Shigeki Sato,male,1959-06-08,11,,,23satou.gif,Shigeki Sato (politician)
Q7496361,Shigeo Kitamura,male,1945-11-08,11,,,Shigeo Kitamura.jpg,Shigeo Kitamura
Q7496422,Shigeyuki Goto,male,1955-12-09,11,,,Shigeyuki Gotō 20211004.jpg,Shigeyuki Goto
Q7496423,Shigeyuki Tomita,male,1953-10-01,11,,,IMG Shigeyuki Tomita at Kashiwa.jpg,Shigeyuki Tomita
Q7497524,Shinichiro Furumoto,male,1965-03-11,11,,,Furumoto Shinichiro.jpg,Shinichiro Furumoto
Q7497583,Shinji Inoue,male,1969-10-07,11,,,Shinji Inoue.jpg,Shinji Inoue
Q7497713,Shinobu Kandori,female,1964-10-30,11,,,Shinobu Kandori.jpg,Shinobu Kandori
Q7497769,Shinsuke Okuno,male,1944-03-05,11,,,98 okuno shinsuke.jpg,Shinsuke Okuno
Q7497773,Shinsuke Suematsu,male,1955-12-17,11,,,Shinsuke Suematsu 20211004.jpg,Shinsuke Suematsu
Q7497782,Shintaro Ito,male,1953-05-06,11,,,Shintarō Itō 20160622.jpg,Shintaro Ito
Q7504421,Shu Watanabe,male,1961-12-11,11,,,"Shū Watanabe, June 2012.jpg",Shu Watanabe
Q7504756,Shuichi Takatori,male,1960-09-29,11,,,Shuichi Takatori.jpg,Shuichi Takatori
Q7504802,Shuji Kira,male,1958-03-16,11,,,Kira Shuji.jpg,Shuji Kira
Q7505080,Shunichi Yamaguchi,male,1950-02-28,11,,,Shunichi Yamaguchi okinawa hoppou Official.jpg,Shunichi Yamaguchi
Q7505129,Shunsuke Mutai,male,1956-07-03,11,,,20211006mutai shunsuke.jpg,Shunsuke Mutai
Q7649808,Susumu Yanase,male,1950-04-23,11,,,,Susumu Yanase
Q7674280,Tadahiko Ito,male,1964-07-11,11,,,Voa herman nepal japan Tadahiko Ito 11apr08 eng 175.jpg,Tadahiko Ito
Q7676160,Taimei Yamaguchi,male,1948-11-10,11,,,,Taimei Yamaguchi
Q7676453,Taisuke Sato,male,1943-09-27,11,,,,Taisuke Sato
Q7676684,Taizo Mikazuki,male,1971-05-24,11,,,Mikaduki Dizo.jpg,Taizō Mikazuki
Q7677025,Takaharu Kondo,male,1944-03-24,11,2010-11-21,11,,Takaharu Kondo
Q7677066,Takahiro Sasaki,male,1949-03-10,11,,,Takahiro Sasaki cropped 1 Takahiro Sasaki 201210.jpg,Takahiro Sasaki (politician)
Q7677156,Takamori Yoshikawa,male,1950-10-20,11,,,Takamori Yoshikawa.jpg,Takamori Yoshikawa
Q7677198,Takanori Kawai,male,1964-01-29,11,,,Takanori Kawai 2020-01-24.jpg,Takanori Kawai
Q7677226,Takao Ochi,male,1964-02-27,11,,,98 ochi takao.jpg,Takao Ochi
Q7677366,Takashi Ōtsuka,male,1964-09-11,11,,,Takashi Otsuka.jpg,Takashi Ōtsuka
Q7677369,Takashi Shinohara,male,1948-07-17,11,,,Takashi Shinohara 2011.JPG,Takashi Shinohara
Q7677383,Takashi Tanihata,male,1947-01-10,11,,,Takashi Tanihata.jpg,Takashi Tanihata
Q7678527,Taku Etō,male,1960-07-01,11,,,Taku Etō (2019).jpg,Taku Etō
Q7678536,Taku Ōtsuka,male,1973-06-14,11,,,Taku Otsuka cropped 2 Taku Otsuka Tim Hitchens and Yoko Kamikawa 20150401.jpg,Taku Otsuka
Q7678543,Taku Yamamoto,male,1952-07-07,11,,,Taku Yamamoto 2006.jpg,Taku Yamamoto
Q7678622,Takuya Hirai,male,1958-01-25,11,,,Takuya Hirai.jpg,Takuya Hirai
Q7680979,Tamayo Marukawa,female,1971-01-19,11,,,Tamayo Murakawa 20210218.jpg,Tamayo Marukawa
Q7688352,Tatsuya Hori,male,1935-11-22,11,,,Tatsuya Hori 2016.jpg,Tatsuya Hori
Q7705291,Teru Fukui,male,1953-12-14,11,,,Teru Fukui 201802.jpg,Teru Fukui
Q7706881,Tetsuma Esaki,male,1943-09-17,11,,,Tetsumaru Esaki-20061120.jpg,Tetsuma Esaki
Q7706901,Tetsuo Kutsukake,male,1929-09-12,11,,,Tetsuo Kutsukake.jpg,Tetsuo Kutsukake
Q7706917,Tetsuro Nomura,male,1943-11-20,11,,,農林水産大臣 野村哲郎（のむら てつろう）.jpg,Tetsuro Nomura
Q7706925,Tetsushi Sakamoto,male,1950-11-06,11,,,Tetsushi Sakamoto.jpg,Tetsushi Sakamoto
Q7706956,Tetsuya Shiokawa,male,1961-12-18,11,,,,Tetsuya Shiokawa
Q777936,Kunio Hatoyama,male,1948-09-13,11,2016-06-21,11,Kunio Hatoyama 200809.jpg,Kunio Hatoyama
Q7813630,Tokiyasu Fujita,male,1940-04-06,11,,,,Tokiyasu Fujita
Q7813732,Tokuji Izumi,male,1939,9,,,,Tokuji Izumi
Q7820173,Tomoko Ukishima,female,1963-02-01,11,,,Ukishima Tomoko (2018).png,Tomoko Ukishima
Q7827415,Toru Kikawada,male,1953-10-14,11,,,Kikawada Toru.jpg,Toru Kikawada
Q7827417,Toru Matsuoka,male,1951-11-26,11,,,,Toru Matsuoka
Q7827620,Toshiaki Endo,male,1950-01-17,11,,,Toshiaki Endō.jpg,Toshiaki Endo
Q7827658,Toshiharu Furukawa,male,1963-01-14,11,,,,Toshiharu Furukawa
Q7827692,Toshiko Abe,female,1959-05-19,11,,,Abe Toshiko (2018).png,Toshiko Abe
Q7827792,Toshio Yamauchi,male,1946-12-17,11,,,12yamauti.jpg,Toshio Yamauchi
Q7830949,Toyozo Ueda,male,1937-05-23,11,,,,Toyozo Ueda
Q784087,Yutaka Banno,male,1961-01-01,11,,,Yutaka Banno 2011-05-06-2.jpg,Yutaka Banno
Q7850039,Tsukasa Akimoto,male,1971-10-23,11,,,Tsukasa Akimoto 080428-F-4539S-001.jpg,Tsukasa Akimoto
Q7850337,Tsutomu Tomioka,male,1948-07-04,11,,,Tomioka Tsutomu.jpg,Tsutomu Tomioka
Q7850389,Tsuyoshi Takagi,male,1956-01-16,11,,,Tsuyoshi Takagi 201309.jpg,Tsuyoshi Takagi
Q7862709,Tōru Doi,male,1958-08-12,11,,,Tōru Doi 20150726(1).JPG,Tōru Doi
Q786752,Okiharu Yasuoka,male,1939-05-11,11,2019-04-19,11,OkiharuYasuoka.jpg,Okiharu Yasuoka
Q7973013,Wataru Ito,male,1969-11-13,11,,,Wataru Ito.jpg,Wataru Ito
Q79738470,Hiroyuki Kobayashi,male,1958,9,,,,
Q80073979,Seiji Hamada,male,1963-01-23,11,,,高知県 知事 濵田省司.jpg,Seiji Hamada
Q8013019,Yasuko Ikenobō,female,1942-04-18,11,,,11ikenobou.jpg,Yasuko Ikenobō
Q8046971,Yaichi Tanigawa,male,1941-08-12,11,,,Y tanigawa.jpg,Yaichi Tanigawa
Q8049955,Yasue Funayama,female,1966-05-26,11,,,Yasue Funayama 20091027.jpg,Yasue Funayama
Q8049965,Yasuhide Nakayama,male,1970-10-14,11,,,Yasuhide Nakayama.jpg,Yasuhide Nakayama
Q8049977,Yasuhiro Hanashi,male,1959-10-12,11,,,Yasuhiro Hanashi.jpg,Yasuhiro Hanashi
Q8049988,Yasuhiro Ozato,male,1958-09-29,11,,,Yasuhiro Ozato.jpg,Yasuhiro Ozato
Q8050022,Yasuko Komiyama,female,1965-04-25,11,,,Yasuko Komiyama 20220617.jpg,Yasuko Komiyama
Q8050071,Yasuo Yamashita,male,1942-08-03,11,,,,Yasuo Yamashita
Q8050092,Yasushi Kaneko,male,1961-02-27,11,,,Yasushi Kaneko 20211004.jpg,Yasushi Kaneko
Q8050118,Yasutomo Suzuki,male,1957-08-23,11,,,Yasutomo Suzuki 20211023.jpg,Yasutomo Suzuki
Q8050121,Yasutoshi Nishimura,male,1962-10-15,11,,,Yasutoshi Nishimura 20190911.jpg,Yasutoshi Nishimura
Q8050128,Yasuyuki Eda,male,1956-03-19,11,,,21eda.jpg,Yasuyuki Eda
Q8054314,Yoetsu Suzuki,male,1949-01-10,11,,,,Yoetsu Suzuki
Q8054534,Yoji Muto,male,1955-10-18,11,,,"Yōji Mutō, Arlington, march 2016.jpg",Yoji Muto
Q8054597,Yoko Wanibuchi,female,1972-04-10,11,,,Yoko Wanibuchi.jpg,Yoko Wanibuchi
Q8055323,Yorihisa Matsuno,male,1960-09-19,11,,,Yorihisa Matsuno 200909.jpg,Yorihisa Matsuno
Q8055970,Yoshiaki Harada,male,1944-10-01,11,,,Yoshiaki Harada 2019.jpg,Yoshiaki Harada
Q8056061,Yoshihiro Seki,male,1965-06-07,11,,,Yoshihiro Seki.jpg,Yoshihiro Seki
Q8056070,Yoshihisa Furukawa,male,1965-08-03,11,,,Yoshihisa Furukawa 20211004.jpg,Yoshihisa Furukawa
Q8056173,Yoshimitsu Takashima,male,1941-03-10,11,,,Takasima.jpg,Yoshimitsu Takashima
Q8056240,Yoshio Maki,male,1958-01-14,11,,,Yoshio Maki 20111005 2.jpg,Yoshio Maki
Q8056243,Yoshio Mochizuki,male,1947-05-02,11,2019-12-19,11,Yoshio Mochizuki.jpg,Yoshio Mochizuki
Q8056244,Yoshio Nakagawa,male,1938-03-14,11,,,03nakagawa.jpg,Yoshio Nakagawa
Q8056255,Yoshio Urushibara,male,1944-11-18,11,,,,Yoshio Urushibara
Q8056287,Yoshitaka Murata,male,1944-07-30,11,,,Yoshitaka Murata.jpg,Yoshitaka Murata
Q8056290,Yoshitaka Sakurada,male,1949-12-20,11,,,Yoshitaka Sakurada 2018.jpg,Yoshitaka Sakurada
Q8056293,Yoshitake Kimata,male,1965-02-19,11,,,,Yoshitake Kimata
Q8056299,Yoshitami Kameoka,male,1955-09-10,11,,,Yoshitami Kameoka.jpg,Yoshitami Kameoka
Q8060522,Yuji Sawa,male,1948-04-22,11,,,18sawa.jpg,Yuji Sawa
Q8060529,Yuji Yamamoto,male,1952-05-11,11,,,Yuji Yamamoto.jpg,Yūji Yamamoto
Q8060577,Yukari Satō,female,1961-08-19,11,,,Sato Yukari (2019).png,Yukari Sato
Q8060620,Yuki Furuta,male,1942-04-08,11,,,,Yuki Furuta
Q8060715,Yukiko Sakamoto,female,1949-01-20,11,,,,Yukiko Sakamoto
Q8060740,Yukio Horigome,male,1940-06-16,11,,,,Yukio Horigome
Q8060756,Yukio Tomioka,male,1964-04-03,11,,,Yukio Tomioka.jpg,Yukio Tomioka
Q8061120,Yumiko Himei,female,1959-02-14,11,,,Yumiko Himei - Kashiwa Station - 2012.jpg,Yumiko Himei
Q8062685,Yōsuke Takagi,male,1959-12-16,11,,,Takagi yousuke.jpg,Yōsuke Takagi
Q806947,Banri Kaieda,male,1949-02-26,11,,,Banri Kaieda Minshu IMG 5409 20130706.JPG,Banri Kaieda
Q840609,Muneo Suzuki,male,1948-01-31,11,,,Muneo Suzuki 1997.jpg,Muneo Suzuki
Q845458,Tsuneo Horiuchi,male,1948-01-16,11,,,Tsuneo Horiuchi (2010).jpg,Tsuneo Horiuchi
Q854691,Hiroshi Mitsuzuka,male,1927-08-01,11,2004-04-25,11,Hiroshi Mitsuzuka.jpg,Hiroshi Mitsuzuka
Q85881448,Tatsuya Kabutan,male,,,,,,
Q859210,Mayumi Moriyama,female,1927-11-07,11,2021-10-14,11,Mayumi Moriyama.jpg,Mayumi Moriyama
Q861808,Yuya Niwa,male,1944-04-20,11,,,Yūya Niwa (cropped).jpg,Yuya Niwa
Q861857,Heizō Takenaka,male,1951-03-03,11,,,Heizō Takenaka 20020930.jpg,Heizō Takenaka
Q88729050,Masahiro Onishi,male,,,,,,
Q9005428,Zenmei Matsumoto,male,1926-05-17,11,2019-06-24,11,,
Q9034256,Taichi Sakaiya,male,1935-07-13,11,2019-02-08,11,Taichi Sakaiya.jpg,
Q906180,Hidenao Nakagawa,male,1944-02-02,11,,,Hidenao Nakagawa (cropped).jpg,Hidenao Nakagawa
Q9067667,Akira Satō,male,1951-07-12,11,,,Akira Sato October 2017.jpg,
Q9096850,Masaki Saito (diplomat),male,1943-10-13,11,2013-11-02,11,Voa chinese Masaki Saito 16dec08.jpg,
Q921399,Hiroshi Nakai,male,1942-06-10,11,2017-04-22,11,Hiroshi Nakai.jpg,Hiroshi Nakai
Q923428,Kenta Matsunami,male,1971-08-17,11,,,Kenta Matsunami cropped 1 Kenta Matsunami and Donato Greco 20071102.jpg,Kenta Matsunami
Q926287,Tetsuo Saito,male,1952-02-05,11,,,Tetsuo Saitō.jpg,Tetsuo Saito
Q926370,Motoo Hayashi,male,1947-01-03,11,,,Motoo Hayashi.jpg,Motoo Hayashi
Q92672207,Yoshihiko Oishi,male,1963-05-04,11,,,,
Q92672402,Yōichi Fukazawa,male,,,,,,
Q9291980,Hideo Satō,male,,,,,,
Q935199,Ryu Shionoya,male,1950-02-18,11,,,Ryu Shionoya Monbukagakudaijin.jpg,Ryū Shionoya
Q937682,Hirofumi Nakasone,male,1945-11-28,11,,,Hirofumi Nakasone Senate of Poland 2016 01.JPG,Hirofumi Nakasone
Q939558,Mitsuru Sakurai,male,1956-05-12,11,,,Mitsuru Sakurai cropped 1 Mitsuru Sakurai 20121113 2.jpg,Mitsuru Sakurai
Q943732,Fumio Kyūma,male,1940-12-04,11,,,Fumio Kyuma in Pentagon.jpg,Fumio Kyūma
Q95162957,Seitaro Hattori,male,1954-09-11,11,,,Seitaro Hattori.jpg,
Q962110,Toshio Ogawa,male,1948-03-18,11,,,Toshio Ogawa 2022.jpg,Toshio Ogawa
Q96472478,Taisuke Ono,male,1974-04-20,11,,,Ono taisuke.jpg,
Q965723,Yoshito Sengoku,male,1946-01-15,11,2018-10-11,11,Yoshito Sengoku - World Economic Forum Annual Meeting Davos 2010.jpg,Yoshito Sengoku
Q967196,Yoshihiro Katayama,male,1951-07-29,11,,,Yoshihiro Katayama.jpg,Yoshihiro Katayama
Q967214,Takeo Nishioka,male,1936-02-12,11,2011-11-05,11,Takeo Nishioka 2011.jpg,Takeo Nishioka
Q97291648,Kōichi Shiota,male,1965-10-15,11,,,鹿児島県 知事 塩田康一.jpg,Kōichi Shiota
Q97636204,Hideo Tarumi,male,1961-05-23,11,,,,Hideo Tarumi
Q977505,Tadahiro Matsushita,male,1939-02-09,11,2012-09-10,11,Tadahiro Matsushita 20120604.jpg,Tadahiro Matsushita
Q978256,Sakihito Ozawa,male,1954-05-31,11,,,Sakihito Ozawa cropped 1 Members of the Global Legislators Organization for a Balanced Environment Edward Davey and Tim Hitchens 20130530.jpg,Sakihito Ozawa
Q982469,Masanori Tanimoto,male,1945-04-16,11,,,石川県 知事 谷本正憲.jpg,Masanori Tanimoto
Q982562,Tatsuo Hirano,male,1954-05-02,11,,,Tatsuo Hirano - World Economic Forum on East Asia 2012 crop.jpg,Tatsuo Hirano
Q982631,Masaru Hashimoto,male,1945-11-19,11,,,Masaru Hashimoto cropped 2 Masaru Hashimoto and Yoshihiko Noda 20110927.jpg,Masaru Hashimoto
Q982634,Yūzan Fujita,male,1949-04-19,11,2015-12-18,11,,Yūzan Fujita
Q982638,Hajime Furuta,male,1947-09-13,11,,,Hajime Furuta.jpg,Hajime Furuta
Q982641,Toshizō Ido,male,1945-08-10,11,,,Ido Toshizo 1-1.jpg,Toshizō Ido
Q982644,Masaaki Ōsawa,male,1946-01-21,11,,,,Masaaki Ōsawa
Q984305,Hideo Hiraoka,male,1954-01-14,11,,,Hideo Hiraoka.jpg,Hideo Hiraoka
Q992930,Nobuteru Ishihara,male,1957-04-19,11,,,Ishihara Nobuteru - Wakaba Station - 20100703.JPG,Nobuteru Ishihara
